2024-09-28T14:03:18.160520874Z main DEBUG Using ShutdownCallbackRegistry class org.apache.logging.log4j.core.util.DefaultShutdownCallbackRegistry
2024-09-28T14:03:18.425134996Z main DEBUG Took 0.211555 seconds to load 226 plugins from jdk.internal.loader.ClassLoaders$AppClassLoader@4f2410ac
2024-09-28T14:03:18.425639786Z main DEBUG PluginManager 'Lookup' found 16 plugins
2024-09-28T14:03:18.488434538Z main DEBUG AsyncLogger.ThreadNameStrategy=UNCACHED (user specified null, default is UNCACHED)
2024-09-28T14:03:18.490807320Z main TRACE Using default SystemClock for timestamps.
2024-09-28T14:03:18.492272722Z main DEBUG org.apache.logging.log4j.core.util.SystemClock does not support precise timestamps.
2024-09-28T14:03:18.505838057Z main DEBUG PluginManager 'Lookup' found 16 plugins
2024-09-28T14:03:18.513910982Z main DEBUG PluginManager 'Converter' found 45 plugins
2024-09-28T14:03:18.597682400Z main DEBUG Starting OutputStreamManager SYSTEM_OUT.false.false-1
2024-09-28T14:03:18.599149802Z main DEBUG Starting LoggerContext[name=4f2410ac, org.apache.logging.log4j.core.LoggerContext@2f490758]...
2024-09-28T14:03:18.599549380Z main DEBUG Reconfiguration started for context[name=4f2410ac] at URI null (org.apache.logging.log4j.core.LoggerContext@2f490758) with optional ClassLoader: null
2024-09-28T14:03:18.602627917Z main DEBUG PluginManager 'Lookup' found 16 plugins
2024-09-28T14:03:18.603477923Z main DEBUG PluginManager 'ConfigurationFactory' found 4 plugins
2024-09-28T14:03:18.606470251Z main DEBUG PluginManager 'Lookup' found 16 plugins
2024-09-28T14:03:18.607211037Z main DEBUG PluginManager 'Lookup' found 16 plugins
2024-09-28T14:03:18.607682987Z main DEBUG Missing dependencies for Yaml support, ConfigurationFactory org.apache.logging.log4j.core.config.yaml.YamlConfigurationFactory is inactive
2024-09-28T14:03:18.608004804Z main DEBUG PluginManager 'Lookup' found 16 plugins
2024-09-28T14:03:18.608571686Z main DEBUG Missing dependencies for Json support, ConfigurationFactory org.apache.logging.log4j.core.config.json.JsonConfigurationFactory is inactive
2024-09-28T14:03:18.609318033Z main DEBUG PluginManager 'Lookup' found 16 plugins
2024-09-28T14:03:18.613954713Z main DEBUG Using configurationFactory org.apache.logging.log4j.core.config.ConfigurationFactory$Factory@17776a8
2024-09-28T14:03:18.636049093Z main DEBUG PluginManager 'Lookup' found 16 plugins
2024-09-28T14:03:18.639262681Z main DEBUG Closing FileInputStream java.io.FileInputStream@11e21d0e
2024-09-28T14:03:18.696595456Z main DEBUG null null initializing configuration XmlConfiguration[location=/opt/gemp-swccg/src/gemp-swccg-async/src/main/resources/prod-log4j.xml]
2024-09-28T14:03:18.697814393Z main DEBUG PluginManager 'Core' found 131 plugins
2024-09-28T14:03:18.698411046Z main DEBUG PluginManager 'Level' found 0 plugins
2024-09-28T14:03:18.707544074Z main DEBUG PluginManager 'Lookup' found 16 plugins
2024-09-28T14:03:18.711107079Z main DEBUG Building Plugin[name=layout, class=org.apache.logging.log4j.core.layout.PatternLayout].
2024-09-28T14:03:18.731357232Z main TRACE TypeConverterRegistry initializing.
2024-09-28T14:03:18.731715060Z main DEBUG PluginManager 'TypeConverter' found 26 plugins
2024-09-28T14:03:18.752566051Z main DEBUG PatternLayout$Builder(pattern="%m%n", PatternSelector=null, Configuration(MyApp), Replace=null, charset="null", alwaysWriteExceptions="null", disableAnsi="null", noConsoleNoAnsi="null", header="null", footer="null")
2024-09-28T14:03:18.753003250Z main DEBUG PluginManager 'Converter' found 45 plugins
2024-09-28T14:03:18.754071303Z main DEBUG Building Plugin[name=appender, class=org.apache.logging.log4j.core.appender.ConsoleAppender].
2024-09-28T14:03:18.771402310Z main DEBUG ConsoleAppender$Builder(target="SYSTEM_OUT", follow="null", direct="null", bufferedIo="null", bufferSize="null", immediateFlush="null", ignoreExceptions="null", PatternLayout(%m%n), name="stdout", Configuration(MyApp), Filter=null, ={})
2024-09-28T14:03:18.778559095Z main DEBUG Starting OutputStreamManager SYSTEM_OUT.false.false
2024-09-28T14:03:18.779165648Z main DEBUG Building Plugin[name=layout, class=org.apache.logging.log4j.core.layout.PatternLayout].
2024-09-28T14:03:18.780250042Z main DEBUG PatternLayout$Builder(pattern="%d{yyyy-MM-dd HH:mm:ss,SSS} %5p %c{1}:%L - %m%n", PatternSelector=null, Configuration(MyApp), Replace=null, charset="null", alwaysWriteExceptions="null", disableAnsi="null", noConsoleNoAnsi="null", header="null", footer="null")
2024-09-28T14:03:18.790608566Z main DEBUG Building Plugin[name=TimeBasedTriggeringPolicy, class=org.apache.logging.log4j.core.appender.rolling.TimeBasedTriggeringPolicy].
2024-09-28T14:03:18.798431886Z main DEBUG TimeBasedTriggeringPolicy$Builder(interval="null", modulate="null", maxRandomDelay="null")
2024-09-28T14:03:18.799184690Z main DEBUG Building Plugin[name=SizeBasedTriggeringPolicy, class=org.apache.logging.log4j.core.appender.rolling.SizeBasedTriggeringPolicy].
2024-09-28T14:03:18.803663410Z main DEBUG createPolicy(size="10 MB")
2024-09-28T14:03:18.805988211Z main DEBUG Building Plugin[name=Policies, class=org.apache.logging.log4j.core.appender.rolling.CompositeTriggeringPolicy].
2024-09-28T14:03:18.806536603Z main DEBUG createPolicy(={TimeBasedTriggeringPolicy(nextRolloverMillis=0, interval=1, modulate=false), SizeBasedTriggeringPolicy(size=10485760)})
2024-09-28T14:03:18.807201167Z main DEBUG Building Plugin[name=DefaultRolloverStrategy, class=org.apache.logging.log4j.core.appender.rolling.DefaultRolloverStrategy].
2024-09-28T14:03:18.811518191Z main DEBUG DefaultRolloverStrategy$Builder(max="20", min="null", fileIndex="null", compressionLevel="null", ={}, stopCustomActionsOnError="null", tempCompressedFilePattern="null", Configuration(MyApp))
2024-09-28T14:03:18.811909500Z main DEBUG Building Plugin[name=appender, class=org.apache.logging.log4j.core.appender.RollingFileAppender].
2024-09-28T14:03:18.815208331Z main DEBUG RollingFileAppender$Builder(fileName="../logs/gemp-swccg.log", filePattern="../logs/${date:yyyy-MM}/app-%d{MM-dd-yyyy}-%i.log.gz", append="null", locking="null", Policies(CompositeTriggeringPolicy(policies=[TimeBasedTriggeringPolicy(nextRolloverMillis=0, interval=1, modulate=false), SizeBasedTriggeringPolicy(size=10485760)])), DefaultRolloverStrategy(DefaultRolloverStrategy(min=1, max=20, useMax=true)), advertise="null", advertiseUri="null", createOnDemand="null", filePermissions="null", fileOwner="null", fileGroup="null", bufferedIo="null", bufferSize="null", immediateFlush="null", ignoreExceptions="null", PatternLayout(%d{yyyy-MM-dd HH:mm:ss,SSS} %5p %c{1}:%L - %m%n), name="mainlog", Configuration(MyApp), Filter=null, ={})
2024-09-28T14:03:18.825334941Z main TRACE New file '../logs/gemp-swccg.log' created = false
2024-09-28T14:03:18.828585962Z main INFO Unable to obtain file creation time for /opt/gemp-swccg/src/../logs/gemp-swccg.log
2024-09-28T14:03:18.829480691Z main DEBUG Starting RollingFileManager ../logs/gemp-swccg.log
2024-09-28T14:03:18.835703526Z main DEBUG PluginManager 'FileConverter' found 2 plugins
2024-09-28T14:03:18.841968413Z main DEBUG Setting prev file time to 2024-07-14T20:30:00.998+0000
2024-09-28T14:03:18.842323521Z main DEBUG Initializing triggering policy CompositeTriggeringPolicy(policies=[TimeBasedTriggeringPolicy(nextRolloverMillis=0, interval=1, modulate=false), SizeBasedTriggeringPolicy(size=10485760)])
2024-09-28T14:03:18.842553396Z main DEBUG Initializing triggering policy TimeBasedTriggeringPolicy(nextRolloverMillis=0, interval=1, modulate=false)
2024-09-28T14:03:18.843801592Z main TRACE PatternProcessor.getNextTime returning 2024/07/15-00:00:00.000, nextFileTime=2024/07/14-00:00:00.000, prevFileTime=1970/01/01-00:00:00.000, current=2024/09/28-14:03:18.843, freq=DAILY
2024-09-28T14:03:18.844528758Z main TRACE PatternProcessor.getNextTime returning 2024/07/15-00:00:00.000, nextFileTime=2024/07/14-00:00:00.000, prevFileTime=2024/07/14-00:00:00.000, current=2024/09/28-14:03:18.844, freq=DAILY
2024-09-28T14:03:18.844730223Z main DEBUG Initializing triggering policy SizeBasedTriggeringPolicy(size=10485760)
2024-09-28T14:03:18.844965288Z main DEBUG Building Plugin[name=layout, class=org.apache.logging.log4j.core.layout.PatternLayout].
2024-09-28T14:03:18.845612782Z main DEBUG PatternLayout$Builder(pattern="%d{yyyy-MM-dd HH:mm:ss,SSS} %5p %c{1}:%L - %m%n", PatternSelector=null, Configuration(MyApp), Replace=null, charset="null", alwaysWriteExceptions="null", disableAnsi="null", noConsoleNoAnsi="null", header="null", footer="null")
2024-09-28T14:03:18.846839758Z main DEBUG Building Plugin[name=TimeBasedTriggeringPolicy, class=org.apache.logging.log4j.core.appender.rolling.TimeBasedTriggeringPolicy].
2024-09-28T14:03:18.847215407Z main DEBUG TimeBasedTriggeringPolicy$Builder(interval="null", modulate="null", maxRandomDelay="null")
2024-09-28T14:03:18.847954312Z main DEBUG Building Plugin[name=SizeBasedTriggeringPolicy, class=org.apache.logging.log4j.core.appender.rolling.SizeBasedTriggeringPolicy].
2024-09-28T14:03:18.848358971Z main DEBUG createPolicy(size="10 MB")
2024-09-28T14:03:18.848735749Z main DEBUG Building Plugin[name=Policies, class=org.apache.logging.log4j.core.appender.rolling.CompositeTriggeringPolicy].
2024-09-28T14:03:18.849092307Z main DEBUG createPolicy(={TimeBasedTriggeringPolicy(nextRolloverMillis=0, interval=1, modulate=false), SizeBasedTriggeringPolicy(size=10485760)})
2024-09-28T14:03:18.849351442Z main DEBUG Building Plugin[name=DefaultRolloverStrategy, class=org.apache.logging.log4j.core.appender.rolling.DefaultRolloverStrategy].
2024-09-28T14:03:18.849739531Z main DEBUG DefaultRolloverStrategy$Builder(max="20", min="null", fileIndex="null", compressionLevel="null", ={}, stopCustomActionsOnError="null", tempCompressedFilePattern="null", Configuration(MyApp))
2024-09-28T14:03:18.849948995Z main DEBUG Building Plugin[name=appender, class=org.apache.logging.log4j.core.appender.RollingFileAppender].
2024-09-28T14:03:18.850601879Z main DEBUG RollingFileAppender$Builder(fileName="../logs/swccg_chat.log", filePattern="../logs/${date:yyyy-MM}/app-%d{MM-dd-yyyy}-%i.log.gz", append="null", locking="null", Policies(CompositeTriggeringPolicy(policies=[TimeBasedTriggeringPolicy(nextRolloverMillis=0, interval=1, modulate=false), SizeBasedTriggeringPolicy(size=10485760)])), DefaultRolloverStrategy(DefaultRolloverStrategy(min=1, max=20, useMax=true)), advertise="null", advertiseUri="null", createOnDemand="null", filePermissions="null", fileOwner="null", fileGroup="null", bufferedIo="null", bufferSize="null", immediateFlush="null", ignoreExceptions="null", PatternLayout(%d{yyyy-MM-dd HH:mm:ss,SSS} %5p %c{1}:%L - %m%n), name="chat", Configuration(MyApp), Filter=null, ={})
2024-09-28T14:03:18.852739685Z main TRACE New file '../logs/swccg_chat.log' created = false
2024-09-28T14:03:18.855177074Z main INFO Unable to obtain file creation time for /opt/gemp-swccg/src/../logs/swccg_chat.log
2024-09-28T14:03:18.856037633Z main DEBUG Starting RollingFileManager ../logs/swccg_chat.log
2024-09-28T14:03:18.856422284Z main DEBUG PluginManager 'FileConverter' found 2 plugins
2024-09-28T14:03:18.857584409Z main DEBUG Setting prev file time to 2024-07-14T20:23:07.895+0000
2024-09-28T14:03:18.857998878Z main DEBUG Initializing triggering policy CompositeTriggeringPolicy(policies=[TimeBasedTriggeringPolicy(nextRolloverMillis=0, interval=1, modulate=false), SizeBasedTriggeringPolicy(size=10485760)])
2024-09-28T14:03:18.858214803Z main DEBUG Initializing triggering policy TimeBasedTriggeringPolicy(nextRolloverMillis=0, interval=1, modulate=false)
2024-09-28T14:03:18.859351838Z main TRACE PatternProcessor.getNextTime returning 2024/07/15-00:00:00.000, nextFileTime=2024/07/14-00:00:00.000, prevFileTime=1970/01/01-00:00:00.000, current=2024/09/28-14:03:18.859, freq=DAILY
2024-09-28T14:03:18.859996002Z main TRACE PatternProcessor.getNextTime returning 2024/07/15-00:00:00.000, nextFileTime=2024/07/14-00:00:00.000, prevFileTime=2024/07/14-00:00:00.000, current=2024/09/28-14:03:18.859, freq=DAILY
2024-09-28T14:03:18.860993351Z main DEBUG Initializing triggering policy SizeBasedTriggeringPolicy(size=10485760)
2024-09-28T14:03:18.861330821Z main DEBUG Building Plugin[name=appenders, class=org.apache.logging.log4j.core.config.AppendersPlugin].
2024-09-28T14:03:18.861910381Z main DEBUG createAppenders(={stdout, mainlog, chat})
2024-09-28T14:03:18.862626206Z main DEBUG Building Plugin[name=AppenderRef, class=org.apache.logging.log4j.core.config.AppenderRef].
2024-09-28T14:03:18.863269240Z main DEBUG createAppenderRef(ref="stdout", level="null", Filter=null)
2024-09-28T14:03:18.864812367Z main DEBUG Building Plugin[name=logger, class=org.apache.logging.log4j.core.config.LoggerConfig].
2024-09-28T14:03:18.870153722Z main DEBUG LoggerConfig$Builder(additivity="false", level="DEBUG", levelAndRefs="null", name="com.gempukku", includeLocation="null", ={stdout}, ={}, Configuration(MyApp), Filter=null)
2024-09-28T14:03:18.873226149Z main DEBUG Building Plugin[name=AppenderRef, class=org.apache.logging.log4j.core.config.AppenderRef].
2024-09-28T14:03:18.873878363Z main DEBUG createAppenderRef(ref="chat", level="null", Filter=null)
2024-09-28T14:03:18.874233118Z main DEBUG Building Plugin[name=logger, class=org.apache.logging.log4j.core.config.LoggerConfig].
2024-09-28T14:03:18.875095220Z main DEBUG LoggerConfig$Builder(additivity="null", level="ALL", levelAndRefs="null", name="chat", includeLocation="null", ={chat}, ={}, Configuration(MyApp), Filter=null)
2024-09-28T14:03:18.876019810Z main DEBUG Building Plugin[name=AppenderRef, class=org.apache.logging.log4j.core.config.AppenderRef].
2024-09-28T14:03:18.876896529Z main DEBUG createAppenderRef(ref="stdout", level="null", Filter=null)
2024-09-28T14:03:18.877364059Z main DEBUG Building Plugin[name=AppenderRef, class=org.apache.logging.log4j.core.config.AppenderRef].
2024-09-28T14:03:18.877869160Z main DEBUG createAppenderRef(ref="mainlog", level="null", Filter=null)
2024-09-28T14:03:18.878162567Z main DEBUG Building Plugin[name=root, class=org.apache.logging.log4j.core.config.LoggerConfig$RootLogger].
2024-09-28T14:03:18.880486357Z main DEBUG LoggerConfig$RootLogger$Builder(additivity="null", level="ERROR", levelAndRefs="null", includeLocation="null", ={stdout, mainlog}, ={}, Configuration(MyApp), Filter=null)
2024-09-28T14:03:18.880883015Z main DEBUG Building Plugin[name=loggers, class=org.apache.logging.log4j.core.config.LoggersPlugin].
2024-09-28T14:03:18.881888455Z main DEBUG createLoggers(={com.gempukku, chat, root})
2024-09-28T14:03:18.883011572Z main DEBUG Configuration XmlConfiguration[location=/opt/gemp-swccg/src/gemp-swccg-async/src/main/resources/prod-log4j.xml] initialized
2024-09-28T14:03:18.883221496Z main DEBUG Starting configuration XmlConfiguration[location=/opt/gemp-swccg/src/gemp-swccg-async/src/main/resources/prod-log4j.xml]
2024-09-28T14:03:18.883464052Z main DEBUG Started configuration XmlConfiguration[location=/opt/gemp-swccg/src/gemp-swccg-async/src/main/resources/prod-log4j.xml] OK.
2024-09-28T14:03:18.883833280Z main TRACE Stopping org.apache.logging.log4j.core.config.DefaultConfiguration@c46bcd4...
2024-09-28T14:03:18.884471203Z main TRACE DefaultConfiguration notified 1 ReliabilityStrategies that config will be stopped.
2024-09-28T14:03:18.884754877Z main TRACE DefaultConfiguration stopping root LoggerConfig.
2024-09-28T14:03:18.885119065Z main TRACE DefaultConfiguration notifying ReliabilityStrategies that appenders will be stopped.
2024-09-28T14:03:18.885594468Z main TRACE DefaultConfiguration stopping remaining Appenders.
2024-09-28T14:03:18.885820893Z main DEBUG Shutting down OutputStreamManager SYSTEM_OUT.false.false-1
2024-09-28T14:03:18.886138380Z main DEBUG OutputStream closed
2024-09-28T14:03:18.886487785Z main DEBUG Shut down OutputStreamManager SYSTEM_OUT.false.false-1, all resources released: true
2024-09-28T14:03:18.886910677Z main DEBUG Appender DefaultConsole-1 stopped with status true
2024-09-28T14:03:18.887096068Z main TRACE DefaultConfiguration stopped 1 remaining Appenders.
2024-09-28T14:03:18.887354966Z main TRACE DefaultConfiguration cleaning Appenders from 1 LoggerConfigs.
2024-09-28T14:03:18.887673273Z main DEBUG Stopped org.apache.logging.log4j.core.config.DefaultConfiguration@c46bcd4 OK
2024-09-28T14:03:19.054195554Z main TRACE Reregistering MBeans after reconfigure. Selector=org.apache.logging.log4j.core.selector.ClassLoaderContextSelector@c333c60
2024-09-28T14:03:19.054891142Z main TRACE Reregistering context (1/1): '4f2410ac' org.apache.logging.log4j.core.LoggerContext@2f490758
2024-09-28T14:03:19.055980755Z main TRACE Unregistering but no MBeans found matching 'org.apache.logging.log4j2:type=4f2410ac'
2024-09-28T14:03:19.056809043Z main TRACE Unregistering but no MBeans found matching 'org.apache.logging.log4j2:type=4f2410ac,component=StatusLogger'
2024-09-28T14:03:19.057268413Z main TRACE Unregistering but no MBeans found matching 'org.apache.logging.log4j2:type=4f2410ac,component=ContextSelector'
2024-09-28T14:03:19.058106941Z main TRACE Unregistering but no MBeans found matching 'org.apache.logging.log4j2:type=4f2410ac,component=Loggers,name=*'
2024-09-28T14:03:19.059126113Z main TRACE Unregistering but no MBeans found matching 'org.apache.logging.log4j2:type=4f2410ac,component=Appenders,name=*'
2024-09-28T14:03:19.060160636Z main TRACE Unregistering but no MBeans found matching 'org.apache.logging.log4j2:type=4f2410ac,component=AsyncAppenders,name=*'
2024-09-28T14:03:19.060709948Z main TRACE Unregistering but no MBeans found matching 'org.apache.logging.log4j2:type=4f2410ac,component=AsyncLoggerRingBuffer'
2024-09-28T14:03:19.060995124Z main TRACE Unregistering but no MBeans found matching 'org.apache.logging.log4j2:type=4f2410ac,component=Loggers,name=*,subtype=RingBuffer'
2024-09-28T14:03:19.065501582Z main DEBUG Registering MBean org.apache.logging.log4j2:type=4f2410ac
2024-09-28T14:03:19.069724144Z main DEBUG Registering MBean org.apache.logging.log4j2:type=4f2410ac,component=StatusLogger
2024-09-28T14:03:19.072321800Z main DEBUG Registering MBean org.apache.logging.log4j2:type=4f2410ac,component=ContextSelector
2024-09-28T14:03:19.073577048Z main DEBUG Registering MBean org.apache.logging.log4j2:type=4f2410ac,component=Loggers,name=
2024-09-28T14:03:19.074169010Z main DEBUG Registering MBean org.apache.logging.log4j2:type=4f2410ac,component=Loggers,name=com.gempukku
2024-09-28T14:03:19.074498108Z main DEBUG Registering MBean org.apache.logging.log4j2:type=4f2410ac,component=Loggers,name=chat
2024-09-28T14:03:19.077420521Z main DEBUG Registering MBean org.apache.logging.log4j2:type=4f2410ac,component=Appenders,name=mainlog
2024-09-28T14:03:19.078131677Z main DEBUG Registering MBean org.apache.logging.log4j2:type=4f2410ac,component=Appenders,name=stdout
2024-09-28T14:03:19.078434063Z main DEBUG Registering MBean org.apache.logging.log4j2:type=4f2410ac,component=Appenders,name=chat
2024-09-28T14:03:19.081035180Z main TRACE Using default SystemClock for timestamps.
2024-09-28T14:03:19.082429080Z main DEBUG org.apache.logging.log4j.core.util.SystemClock does not support precise timestamps.
2024-09-28T14:03:19.083524174Z main TRACE Using DummyNanoClock for nanosecond timestamps.
2024-09-28T14:03:19.083889262Z main DEBUG Reconfiguration complete for context[name=4f2410ac] at URI /opt/gemp-swccg/src/gemp-swccg-async/src/main/resources/prod-log4j.xml (org.apache.logging.log4j.core.LoggerContext@2f490758) with optional ClassLoader: null
2024-09-28T14:03:19.084185658Z main DEBUG Shutdown hook enabled. Registering a new one.
2024-09-28T14:03:19.087506010Z main DEBUG LoggerContext[name=4f2410ac, org.apache.logging.log4j.core.LoggerContext@2f490758] started OK.
Property.....: port
GempukkuServer loading prerequisites...
GempukkuServer loading DAOs...
Property.....: db.connection.class
Property.....: db.connection.url
Property.....: db.connection.hostname
Property.....: db.connection.dbname
DB Hostname..: gemp_swccg_db_1
DB Name......: gemp-swccg
DB URL.......: jdbc:mysql://gemp_swccg_db_1/gemp-swccg
Property.....: db.connection.username
Property.....: db.connection.password
2024-09-28T14:03:19.194567514Z main WARN Runtime environment or build system does not support multi-release JARs. This will impact location-based features.
Property.....: db.connection.validateQuery
GempukkuServer loading card products...
GempukkuServer loading services...
Loading set 1
Loading set 2
Loading set 3
Loading set 4
Loading set 5
Loading set 6
Loading set 7
Loading set 8
Loading set 9
Loading set 10
Loading set 11
Loading set 12
Loading set 13
Loading set 14
Loading set 101
Loading set 102
Loading set 103
Loading set 104
Loading set 105
Loading set 106
Loading set 107
Loading set 108
Loading set 109
Loading set 110
Loading set 111
Loading set 112
Loading set 200
Loading set 201
Loading set 202
Loading set 203
Loading set 204
Loading set 205
Loading set 206
Loading set 207
Loading set 208
Loading set 209
Loading set 210
Loading set 211
Loading set 212
Loading set 213
Loading set 214
Loading set 215
Loading set 216
Loading set 217
Loading set 218
Loading set 219
Loading set 220
Loading set 221
Loading set 222
Loading set 223
Loading set 301
Loading set 401
Loading set 601
Loading set 1
Loading set 2
Loading set 3
Loading set 4
Loading set 5
Loading set 6
Loading set 7
Loading set 8
Loading set 9
Loading set 10
Loading set 11
Loading set 12
Loading set 13
Loading set 14
Loading set 101
Loading set 102
Loading set 103
Loading set 104
Loading set 105
Loading set 106
Loading set 107
Loading set 108
Loading set 109
Loading set 110
Loading set 111
Loading set 112
Loading set 200
Loading set 201
Loading set 202
Loading set 203
Loading set 204
Loading set 205
Loading set 206
Loading set 207
Loading set 208
Loading set 209
Loading set 210
Loading set 211
Loading set 212
Loading set 213
Loading set 214
Loading set 215
Loading set 216
Loading set 217
Loading set 218
Loading set 219
Loading set 220
Loading set 221
Loading set 222
Loading set 223
Loading set 301
Loading set 401
Loading set 501
Loading set 601
2024-09-28T14:03:23.845280035Z main DEBUG PluginManager 'Lookup' found 16 plugins
2024-09-28T14:03:23.846156074Z main DEBUG PluginManager 'Converter' found 45 plugins
2024-09-28T14:03:23.846737825Z main DEBUG Starting OutputStreamManager SYSTEM_OUT.false.false-2
2024-09-28T14:03:23.846923648Z main DEBUG Starting LoggerContext[name=Default, org.apache.logging.log4j.core.LoggerContext@6f36e806]...
2024-09-28T14:03:23.847085391Z main DEBUG Reconfiguration started for context[name=Default] at URI null (org.apache.logging.log4j.core.LoggerContext@6f36e806) with optional ClassLoader: null
2024-09-28T14:03:23.847203823Z main DEBUG Using configurationFactory org.apache.logging.log4j.core.config.ConfigurationFactory$Factory@17776a8
2024-09-28T14:03:23.849545594Z main DEBUG PluginManager 'Lookup' found 16 plugins
2024-09-28T14:03:23.850335731Z main DEBUG Closing FileInputStream java.io.FileInputStream@4c24c40a
2024-09-28T14:03:23.853037060Z main DEBUG null null initializing configuration XmlConfiguration[location=/opt/gemp-swccg/src/gemp-swccg-async/src/main/resources/prod-log4j.xml]
2024-09-28T14:03:23.853243084Z main DEBUG PluginManager 'Core' found 131 plugins
2024-09-28T14:03:23.853370757Z main DEBUG PluginManager 'Level' found 0 plugins
2024-09-28T14:03:23.853986328Z main DEBUG PluginManager 'Lookup' found 16 plugins
2024-09-28T14:03:23.854218492Z main DEBUG Building Plugin[name=layout, class=org.apache.logging.log4j.core.layout.PatternLayout].
2024-09-28T14:03:23.854544378Z main DEBUG PatternLayout$Builder(pattern="%m%n", PatternSelector=null, Configuration(MyApp), Replace=null, charset="null", alwaysWriteExceptions="null", disableAnsi="null", noConsoleNoAnsi="null", header="null", footer="null")
2024-09-28T14:03:23.854707521Z main DEBUG PluginManager 'Converter' found 45 plugins
2024-09-28T14:03:23.854931345Z main DEBUG Building Plugin[name=appender, class=org.apache.logging.log4j.core.appender.ConsoleAppender].
2024-09-28T14:03:23.855211550Z main DEBUG ConsoleAppender$Builder(target="SYSTEM_OUT", follow="null", direct="null", bufferedIo="null", bufferSize="null", immediateFlush="null", ignoreExceptions="null", PatternLayout(%m%n), name="stdout", Configuration(MyApp), Filter=null, ={})
2024-09-28T14:03:23.857289048Z main DEBUG Building Plugin[name=layout, class=org.apache.logging.log4j.core.layout.PatternLayout].
2024-09-28T14:03:23.857611784Z main DEBUG PatternLayout$Builder(pattern="%d{yyyy-MM-dd HH:mm:ss,SSS} %5p %c{1}:%L - %m%n", PatternSelector=null, Configuration(MyApp), Replace=null, charset="null", alwaysWriteExceptions="null", disableAnsi="null", noConsoleNoAnsi="null", header="null", footer="null")
2024-09-28T14:03:23.858013772Z main DEBUG Building Plugin[name=TimeBasedTriggeringPolicy, class=org.apache.logging.log4j.core.appender.rolling.TimeBasedTriggeringPolicy].
2024-09-28T14:03:23.858222355Z main DEBUG TimeBasedTriggeringPolicy$Builder(interval="null", modulate="null", maxRandomDelay="null")
2024-09-28T14:03:23.858359775Z main DEBUG Building Plugin[name=SizeBasedTriggeringPolicy, class=org.apache.logging.log4j.core.appender.rolling.SizeBasedTriggeringPolicy].
2024-09-28T14:03:23.858638553Z main DEBUG createPolicy(size="10 MB")
2024-09-28T14:03:23.858909938Z main DEBUG Building Plugin[name=Policies, class=org.apache.logging.log4j.core.appender.rolling.CompositeTriggeringPolicy].
2024-09-28T14:03:23.859095571Z main DEBUG createPolicy(={TimeBasedTriggeringPolicy(nextRolloverMillis=0, interval=1, modulate=false), SizeBasedTriggeringPolicy(size=10485760)})
2024-09-28T14:03:23.859235701Z main DEBUG Building Plugin[name=DefaultRolloverStrategy, class=org.apache.logging.log4j.core.appender.rolling.DefaultRolloverStrategy].
2024-09-28T14:03:23.859478008Z main DEBUG DefaultRolloverStrategy$Builder(max="20", min="null", fileIndex="null", compressionLevel="null", ={}, stopCustomActionsOnError="null", tempCompressedFilePattern="null", Configuration(MyApp))
2024-09-28T14:03:23.859614500Z main DEBUG Building Plugin[name=appender, class=org.apache.logging.log4j.core.appender.RollingFileAppender].
2024-09-28T14:03:23.860169990Z main DEBUG RollingFileAppender$Builder(fileName="../logs/gemp-swccg.log", filePattern="../logs/${date:yyyy-MM}/app-%d{MM-dd-yyyy}-%i.log.gz", append="null", locking="null", Policies(CompositeTriggeringPolicy(policies=[TimeBasedTriggeringPolicy(nextRolloverMillis=0, interval=1, modulate=false), SizeBasedTriggeringPolicy(size=10485760)])), DefaultRolloverStrategy(DefaultRolloverStrategy(min=1, max=20, useMax=true)), advertise="null", advertiseUri="null", createOnDemand="null", filePermissions="null", fileOwner="null", fileGroup="null", bufferedIo="null", bufferSize="null", immediateFlush="null", ignoreExceptions="null", PatternLayout(%d{yyyy-MM-dd HH:mm:ss,SSS} %5p %c{1}:%L - %m%n), name="mainlog", Configuration(MyApp), Filter=null, ={})
2024-09-28T14:03:23.860408075Z main DEBUG PluginManager 'FileConverter' found 2 plugins
2024-09-28T14:03:23.860762228Z main DEBUG Initializing triggering policy TimeBasedTriggeringPolicy(nextRolloverMillis=0, interval=1, modulate=false)
2024-09-28T14:03:23.861210216Z main TRACE PatternProcessor.getNextTime returning 2024/07/15-00:00:00.000, nextFileTime=2024/07/14-00:00:00.000, prevFileTime=2024/07/14-00:00:00.000, current=2024/09/28-14:03:23.861, freq=DAILY
2024-09-28T14:03:23.861784407Z main TRACE PatternProcessor.getNextTime returning 2024/07/15-00:00:00.000, nextFileTime=2024/07/14-00:00:00.000, prevFileTime=2024/07/14-00:00:00.000, current=2024/09/28-14:03:23.861, freq=DAILY
2024-09-28T14:03:23.861934172Z main DEBUG Initializing triggering policy SizeBasedTriggeringPolicy(size=10485760)
2024-09-28T14:03:23.862092582Z main DEBUG Building Plugin[name=layout, class=org.apache.logging.log4j.core.layout.PatternLayout].
2024-09-28T14:03:23.862390258Z main DEBUG PatternLayout$Builder(pattern="%d{yyyy-MM-dd HH:mm:ss,SSS} %5p %c{1}:%L - %m%n", PatternSelector=null, Configuration(MyApp), Replace=null, charset="null", alwaysWriteExceptions="null", disableAnsi="null", noConsoleNoAnsi="null", header="null", footer="null")
2024-09-28T14:03:23.862927130Z main DEBUG Building Plugin[name=TimeBasedTriggeringPolicy, class=org.apache.logging.log4j.core.appender.rolling.TimeBasedTriggeringPolicy].
2024-09-28T14:03:23.863132594Z main DEBUG TimeBasedTriggeringPolicy$Builder(interval="null", modulate="null", maxRandomDelay="null")
2024-09-28T14:03:23.863267486Z main DEBUG Building Plugin[name=SizeBasedTriggeringPolicy, class=org.apache.logging.log4j.core.appender.rolling.SizeBasedTriggeringPolicy].
2024-09-28T14:03:23.863484660Z main DEBUG createPolicy(size="10 MB")
2024-09-28T14:03:23.863705394Z main DEBUG Building Plugin[name=Policies, class=org.apache.logging.log4j.core.appender.rolling.CompositeTriggeringPolicy].
2024-09-28T14:03:23.863888148Z main DEBUG createPolicy(={TimeBasedTriggeringPolicy(nextRolloverMillis=0, interval=1, modulate=false), SizeBasedTriggeringPolicy(size=10485760)})
2024-09-28T14:03:23.864034480Z main DEBUG Building Plugin[name=DefaultRolloverStrategy, class=org.apache.logging.log4j.core.appender.rolling.DefaultRolloverStrategy].
2024-09-28T14:03:23.864335406Z main DEBUG DefaultRolloverStrategy$Builder(max="20", min="null", fileIndex="null", compressionLevel="null", ={}, stopCustomActionsOnError="null", tempCompressedFilePattern="null", Configuration(MyApp))
2024-09-28T14:03:23.864517809Z main DEBUG Building Plugin[name=appender, class=org.apache.logging.log4j.core.appender.RollingFileAppender].
2024-09-28T14:03:23.864837405Z main DEBUG RollingFileAppender$Builder(fileName="../logs/swccg_chat.log", filePattern="../logs/${date:yyyy-MM}/app-%d{MM-dd-yyyy}-%i.log.gz", append="null", locking="null", Policies(CompositeTriggeringPolicy(policies=[TimeBasedTriggeringPolicy(nextRolloverMillis=0, interval=1, modulate=false), SizeBasedTriggeringPolicy(size=10485760)])), DefaultRolloverStrategy(DefaultRolloverStrategy(min=1, max=20, useMax=true)), advertise="null", advertiseUri="null", createOnDemand="null", filePermissions="null", fileOwner="null", fileGroup="null", bufferedIo="null", bufferSize="null", immediateFlush="null", ignoreExceptions="null", PatternLayout(%d{yyyy-MM-dd HH:mm:ss,SSS} %5p %c{1}:%L - %m%n), name="chat", Configuration(MyApp), Filter=null, ={})
2024-09-28T14:03:23.865054146Z main DEBUG PluginManager 'FileConverter' found 2 plugins
2024-09-28T14:03:23.865317271Z main DEBUG Initializing triggering policy TimeBasedTriggeringPolicy(nextRolloverMillis=0, interval=1, modulate=false)
2024-09-28T14:03:23.865720618Z main TRACE PatternProcessor.getNextTime returning 2024/07/15-00:00:00.000, nextFileTime=2024/07/14-00:00:00.000, prevFileTime=2024/07/14-00:00:00.000, current=2024/09/28-14:03:23.865, freq=DAILY
2024-09-28T14:03:23.866204237Z main TRACE PatternProcessor.getNextTime returning 2024/07/15-00:00:00.000, nextFileTime=2024/07/14-00:00:00.000, prevFileTime=2024/07/14-00:00:00.000, current=2024/09/28-14:03:23.866, freq=DAILY
2024-09-28T14:03:23.866385760Z main DEBUG Initializing triggering policy SizeBasedTriggeringPolicy(size=10485760)
2024-09-28T14:03:23.866541516Z main DEBUG Building Plugin[name=appenders, class=org.apache.logging.log4j.core.config.AppendersPlugin].
2024-09-28T14:03:23.866733589Z main DEBUG createAppenders(={stdout, mainlog, chat})
2024-09-28T14:03:23.866905490Z main DEBUG Building Plugin[name=AppenderRef, class=org.apache.logging.log4j.core.config.AppenderRef].
2024-09-28T14:03:23.867134534Z main DEBUG createAppenderRef(ref="stdout", level="null", Filter=null)
2024-09-28T14:03:23.867304107Z main DEBUG Building Plugin[name=logger, class=org.apache.logging.log4j.core.config.LoggerConfig].
2024-09-28T14:03:23.867553552Z main DEBUG LoggerConfig$Builder(additivity="false", level="DEBUG", levelAndRefs="null", name="com.gempukku", includeLocation="null", ={stdout}, ={}, Configuration(MyApp), Filter=null)
2024-09-28T14:03:23.867708834Z main DEBUG Building Plugin[name=AppenderRef, class=org.apache.logging.log4j.core.config.AppenderRef].
2024-09-28T14:03:23.867913098Z main DEBUG createAppenderRef(ref="chat", level="null", Filter=null)
2024-09-28T14:03:23.868043551Z main DEBUG Building Plugin[name=logger, class=org.apache.logging.log4j.core.config.LoggerConfig].
2024-09-28T14:03:23.868216154Z main DEBUG LoggerConfig$Builder(additivity="null", level="ALL", levelAndRefs="null", name="chat", includeLocation="null", ={chat}, ={}, Configuration(MyApp), Filter=null)
2024-09-28T14:03:23.868333416Z main DEBUG Building Plugin[name=AppenderRef, class=org.apache.logging.log4j.core.config.AppenderRef].
2024-09-28T14:03:23.868546860Z main DEBUG createAppenderRef(ref="stdout", level="null", Filter=null)
2024-09-28T14:03:23.868729596Z main DEBUG Building Plugin[name=AppenderRef, class=org.apache.logging.log4j.core.config.AppenderRef].
2024-09-28T14:03:23.868927207Z main DEBUG createAppenderRef(ref="mainlog", level="null", Filter=null)
2024-09-28T14:03:23.869050329Z main DEBUG Building Plugin[name=root, class=org.apache.logging.log4j.core.config.LoggerConfig$RootLogger].
2024-09-28T14:03:23.869267083Z main DEBUG LoggerConfig$RootLogger$Builder(additivity="null", level="ERROR", levelAndRefs="null", includeLocation="null", ={stdout, mainlog}, ={}, Configuration(MyApp), Filter=null)
2024-09-28T14:03:23.869410346Z main DEBUG Building Plugin[name=loggers, class=org.apache.logging.log4j.core.config.LoggersPlugin].
2024-09-28T14:03:23.869604772Z main DEBUG createLoggers(={com.gempukku, chat, root})
2024-09-28T14:03:23.869828016Z main DEBUG Configuration XmlConfiguration[location=/opt/gemp-swccg/src/gemp-swccg-async/src/main/resources/prod-log4j.xml] initialized
2024-09-28T14:03:23.869999617Z main DEBUG Starting configuration XmlConfiguration[location=/opt/gemp-swccg/src/gemp-swccg-async/src/main/resources/prod-log4j.xml]
2024-09-28T14:03:23.870137219Z main DEBUG Started configuration XmlConfiguration[location=/opt/gemp-swccg/src/gemp-swccg-async/src/main/resources/prod-log4j.xml] OK.
2024-09-28T14:03:23.870300582Z main TRACE Stopping org.apache.logging.log4j.core.config.DefaultConfiguration@22b10124...
2024-09-28T14:03:23.870449218Z main TRACE DefaultConfiguration notified 1 ReliabilityStrategies that config will be stopped.
2024-09-28T14:03:23.870597950Z main TRACE DefaultConfiguration stopping root LoggerConfig.
2024-09-28T14:03:23.870724803Z main TRACE DefaultConfiguration notifying ReliabilityStrategies that appenders will be stopped.
2024-09-28T14:03:23.870851272Z main TRACE DefaultConfiguration stopping remaining Appenders.
2024-09-28T14:03:23.871000715Z main DEBUG Shutting down OutputStreamManager SYSTEM_OUT.false.false-2
2024-09-28T14:03:23.871139487Z main DEBUG OutputStream closed
2024-09-28T14:03:23.871251190Z main DEBUG Shut down OutputStreamManager SYSTEM_OUT.false.false-2, all resources released: true
2024-09-28T14:03:23.871426755Z main DEBUG Appender DefaultConsole-2 stopped with status true
2024-09-28T14:03:23.871589576Z main TRACE DefaultConfiguration stopped 1 remaining Appenders.
2024-09-28T14:03:23.871720038Z main TRACE DefaultConfiguration cleaning Appenders from 1 LoggerConfigs.
2024-09-28T14:03:23.871852501Z main DEBUG Stopped org.apache.logging.log4j.core.config.DefaultConfiguration@22b10124 OK
2024-09-28T14:03:23.872002056Z main TRACE Reregistering MBeans after reconfigure. Selector=org.apache.logging.log4j.core.selector.ClassLoaderContextSelector@c333c60
2024-09-28T14:03:23.872212350Z main TRACE Reregistering context (1/1): '4f2410ac' org.apache.logging.log4j.core.LoggerContext@2f490758
2024-09-28T14:03:23.872514813Z main TRACE Unregistering 1 MBeans: [org.apache.logging.log4j2:type=4f2410ac]
2024-09-28T14:03:23.872747387Z main TRACE Unregistering 1 MBeans: [org.apache.logging.log4j2:type=4f2410ac,component=StatusLogger]
2024-09-28T14:03:23.872955804Z main TRACE Unregistering 1 MBeans: [org.apache.logging.log4j2:type=4f2410ac,component=ContextSelector]
2024-09-28T14:03:23.873202705Z main TRACE Unregistering 3 MBeans: [org.apache.logging.log4j2:type=4f2410ac,component=Loggers,name=, org.apache.logging.log4j2:type=4f2410ac,component=Loggers,name=com.gempukku, org.apache.logging.log4j2:type=4f2410ac,component=Loggers,name=chat]
2024-09-28T14:03:23.873483633Z main TRACE Unregistering 3 MBeans: [org.apache.logging.log4j2:type=4f2410ac,component=Appenders,name=stdout, org.apache.logging.log4j2:type=4f2410ac,component=Appenders,name=chat, org.apache.logging.log4j2:type=4f2410ac,component=Appenders,name=mainlog]
2024-09-28T14:03:23.873714565Z main TRACE Unregistering but no MBeans found matching 'org.apache.logging.log4j2:type=4f2410ac,component=AsyncAppenders,name=*'
2024-09-28T14:03:23.873897618Z main TRACE Unregistering but no MBeans found matching 'org.apache.logging.log4j2:type=4f2410ac,component=AsyncLoggerRingBuffer'
2024-09-28T14:03:23.874066384Z main TRACE Unregistering but no MBeans found matching 'org.apache.logging.log4j2:type=4f2410ac,component=Loggers,name=*,subtype=RingBuffer'
2024-09-28T14:03:23.874236107Z main DEBUG Registering MBean org.apache.logging.log4j2:type=4f2410ac
2024-09-28T14:03:23.874428491Z main DEBUG Registering MBean org.apache.logging.log4j2:type=4f2410ac,component=StatusLogger
2024-09-28T14:03:23.874635682Z main DEBUG Registering MBean org.apache.logging.log4j2:type=4f2410ac,component=ContextSelector
2024-09-28T14:03:23.874950370Z main DEBUG Registering MBean org.apache.logging.log4j2:type=4f2410ac,component=Loggers,name=
2024-09-28T14:03:23.875135261Z main DEBUG Registering MBean org.apache.logging.log4j2:type=4f2410ac,component=Loggers,name=com.gempukku
2024-09-28T14:03:23.875364088Z main DEBUG Registering MBean org.apache.logging.log4j2:type=4f2410ac,component=Loggers,name=chat
2024-09-28T14:03:23.875586419Z main DEBUG Registering MBean org.apache.logging.log4j2:type=4f2410ac,component=Appenders,name=mainlog
2024-09-28T14:03:23.875788356Z main DEBUG Registering MBean org.apache.logging.log4j2:type=4f2410ac,component=Appenders,name=stdout
2024-09-28T14:03:23.876091561Z main DEBUG Registering MBean org.apache.logging.log4j2:type=4f2410ac,component=Appenders,name=chat
2024-09-28T14:03:23.876262551Z main TRACE Using DummyNanoClock for nanosecond timestamps.
2024-09-28T14:03:23.876414127Z main DEBUG Reconfiguration complete for context[name=Default] at URI /opt/gemp-swccg/src/gemp-swccg-async/src/main/resources/prod-log4j.xml (org.apache.logging.log4j.core.LoggerContext@6f36e806) with optional ClassLoader: null
2024-09-28T14:03:23.876538906Z main DEBUG Shutdown hook enabled. Registering a new one.
2024-09-28T14:03:23.876868542Z main DEBUG LoggerContext[name=Default, org.apache.logging.log4j.core.LoggerContext@6f36e806] started OK.
2024-09-28T14:03:23.878220430Z main TRACE PatternProcessor.getNextTime returning 2024/09/29-00:00:00.000, nextFileTime=2024/09/28-00:00:00.000, prevFileTime=2024/07/14-00:00:00.000, current=2024/09/28-14:03:23.878, freq=DAILY
2024-09-28T14:03:23.878796780Z main DEBUG Formatting file name. useCurrentTime=false. currentFileTime=1727532203878, prevFileTime=1720915200000
2024-09-28T14:03:23.880180325Z main DEBUG Current file: ../logs/swccg_chat.log
2024-09-28T14:03:23.881333763Z main DEBUG Eligible files: {}
2024-09-28T14:03:23.881478689Z main DEBUG Formatting file name. useCurrentTime=false. currentFileTime=1727532203878, prevFileTime=1720915200000
2024-09-28T14:03:23.881785731Z main TRACE DefaultRolloverStrategy.purge() took 3.0 milliseconds
2024-09-28T14:03:23.883600664Z main DEBUG OutputStream closed
2024-09-28T14:03:23.883770867Z main DEBUG RollingFileManager executing synchronous FileRenameAction[../logs/swccg_chat.log to ../logs/2024-09/app-07-14-2024-1.log, renameEmptyFiles=false]
2024-09-28T14:03:23.885602750Z main TRACE Renamed file /opt/gemp-swccg/src/../logs/swccg_chat.log to /opt/gemp-swccg/src/../logs/2024-09/app-07-14-2024-1.log with Files.move
2024-09-28T14:03:23.885847408Z main DEBUG RollingFileManager executing async GzCompressAction[../logs/2024-09/app-07-14-2024-1.log to ../logs/2024-09/app-07-14-2024-1.log.gz, deleteSource=true]
2024-09-28T14:03:23.886551358Z main DEBUG Now writing to ../logs/swccg_chat.log at 2024-09-28T14:03:23.886+0000
System: Welcome to room: Game Hall
2024-09-28T14:03:23.888703770Z main TRACE PatternProcessor.getNextTime returning 2024/09/29-00:00:00.000, nextFileTime=2024/09/28-00:00:00.000, prevFileTime=2024/07/14-00:00:00.000, current=2024/09/28-14:03:23.888, freq=DAILY
2024-09-28T14:03:23.888899154Z main DEBUG Formatting file name. useCurrentTime=false. currentFileTime=1727532203888, prevFileTime=1720915200000
2024-09-28T14:03:23.889294821Z main DEBUG Current file: ../logs/gemp-swccg.log
2024-09-28T14:03:23.890169657Z main DEBUG Eligible files: {1=../logs/2024-09/app-07-14-2024-1.log}
2024-09-28T14:03:23.890359430Z main DEBUG Formatting file name. useCurrentTime=false. currentFileTime=1727532203888, prevFileTime=1720915200000
2024-09-28T14:03:23.890620195Z main TRACE DefaultRolloverStrategy.purge() took 1.0 milliseconds
2024-09-28T14:03:23.890886300Z main DEBUG OutputStream closed
2024-09-28T14:03:23.891010672Z main DEBUG RollingFileManager executing synchronous FileRenameAction[../logs/gemp-swccg.log to ../logs/2024-09/app-07-14-2024-2.log, renameEmptyFiles=false]
2024-09-28T14:03:23.892428396Z main TRACE Renamed file /opt/gemp-swccg/src/../logs/gemp-swccg.log to /opt/gemp-swccg/src/../logs/2024-09/app-07-14-2024-2.log with Files.move
2024-09-28T14:03:23.892610262Z main DEBUG RollingFileManager executing async GzCompressAction[../logs/2024-09/app-07-14-2024-2.log to ../logs/2024-09/app-07-14-2024-2.log.gz, deleteSource=true]
2024-09-28T14:03:23.892971868Z main DEBUG Now writing to ../logs/gemp-swccg.log at 2024-09-28T14:03:23.892+0000
GempukkuServer starting servers...
Adding server: class com.gempukku.swccgo.hall.HallServer
Started: HallServer
Adding server: class com.gempukku.swccgo.game.SwccgoServer
Started: SwccgoServer
Adding server: class com.gempukku.swccgo.chat.ChatServer
Started: ChatServer
GempukkuServer startup complete.
Property.....: web.path
Property.....: origin.allowed.pattern
System: Server is in operational mode and games are now able to be started
Property.....: playtesting.noLimitDeckLength
Playtesting deck length is restricted to the format limit
Property.....: playtesting.noLimitDeckLength
Playtesting deck length is restricted to the format limit
LEAK: ByteBuf.release() was not called before it's garbage-collected. See https://netty.io/wiki/reference-counted-objects.html for more information.
Recent access records: 
Created at:
	io.netty.buffer.PooledByteBufAllocator.newDirectBuffer(PooledByteBufAllocator.java:404)
	io.netty.buffer.AbstractByteBufAllocator.directBuffer(AbstractByteBufAllocator.java:188)
	io.netty.buffer.AbstractByteBufAllocator.directBuffer(AbstractByteBufAllocator.java:179)
	io.netty.buffer.AbstractByteBufAllocator.buffer(AbstractByteBufAllocator.java:116)
	io.netty.handler.codec.http.multipart.HttpPostStandardRequestDecoder.offer(HttpPostStandardRequestDecoder.java:334)
	io.netty.handler.codec.http.multipart.HttpPostStandardRequestDecoder.<init>(HttpPostStandardRequestDecoder.java:197)
	io.netty.handler.codec.http.multipart.HttpPostStandardRequestDecoder.<init>(HttpPostStandardRequestDecoder.java:164)
	io.netty.handler.codec.http.multipart.HttpPostRequestDecoder.<init>(HttpPostRequestDecoder.java:118)
	io.netty.handler.codec.http.multipart.HttpPostRequestDecoder.<init>(HttpPostRequestDecoder.java:57)
	com.gempukku.swccgo.async.handler.ChatRequestHandler.postMessages(ChatRequestHandler.java:51)
	com.gempukku.swccgo.async.handler.ChatRequestHandler.handleRequest(ChatRequestHandler.java:44)
	com.gempukku.swccgo.async.handler.RootUriRequestHandler.handleRequest(RootUriRequestHandler.java:109)
	com.gempukku.swccgo.async.SwccgoHttpRequestHandler.channelRead0(SwccgoHttpRequestHandler.java:100)
	com.gempukku.swccgo.async.SwccgoHttpRequestHandler.channelRead0(SwccgoHttpRequestHandler.java:40)
	io.netty.channel.SimpleChannelInboundHandler.channelRead(SimpleChannelInboundHandler.java:99)
	io.netty.channel.AbstractChannelHandlerContext.invokeChannelRead(AbstractChannelHandlerContext.java:444)
	io.netty.channel.AbstractChannelHandlerContext.invokeChannelRead(AbstractChannelHandlerContext.java:420)
	io.netty.channel.AbstractChannelHandlerContext.fireChannelRead(AbstractChannelHandlerContext.java:412)
	io.netty.handler.codec.MessageToMessageDecoder.channelRead(MessageToMessageDecoder.java:103)
	io.netty.handler.codec.MessageToMessageCodec.channelRead(MessageToMessageCodec.java:111)
	io.netty.channel.AbstractChannelHandlerContext.invokeChannelRead(AbstractChannelHandlerContext.java:442)
	io.netty.channel.AbstractChannelHandlerContext.invokeChannelRead(AbstractChannelHandlerContext.java:420)
	io.netty.channel.AbstractChannelHandlerContext.fireChannelRead(AbstractChannelHandlerContext.java:412)
	io.netty.handler.codec.MessageToMessageDecoder.channelRead(MessageToMessageDecoder.java:103)
	io.netty.channel.AbstractChannelHandlerContext.invokeChannelRead(AbstractChannelHandlerContext.java:444)
	io.netty.channel.AbstractChannelHandlerContext.invokeChannelRead(AbstractChannelHandlerContext.java:420)
	io.netty.channel.AbstractChannelHandlerContext.fireChannelRead(AbstractChannelHandlerContext.java:412)
	io.netty.channel.CombinedChannelDuplexHandler$DelegatingChannelHandlerContext.fireChannelRead(CombinedChannelDuplexHandler.java:436)
	io.netty.handler.codec.ByteToMessageDecoder.fireChannelRead(ByteToMessageDecoder.java:346)
	io.netty.handler.codec.ByteToMessageDecoder.channelRead(ByteToMessageDecoder.java:318)
	io.netty.channel.CombinedChannelDuplexHandler.channelRead(CombinedChannelDuplexHandler.java:251)
	io.netty.channel.AbstractChannelHandlerContext.invokeChannelRead(AbstractChannelHandlerContext.java:442)
	io.netty.channel.AbstractChannelHandlerContext.invokeChannelRead(AbstractChannelHandlerContext.java:420)
	io.netty.channel.AbstractChannelHandlerContext.fireChannelRead(AbstractChannelHandlerContext.java:412)
	io.netty.channel.DefaultChannelPipeline$HeadContext.channelRead(DefaultChannelPipeline.java:1410)
	io.netty.channel.AbstractChannelHandlerContext.invokeChannelRead(AbstractChannelHandlerContext.java:440)
	io.netty.channel.AbstractChannelHandlerContext.invokeChannelRead(AbstractChannelHandlerContext.java:420)
	io.netty.channel.DefaultChannelPipeline.fireChannelRead(DefaultChannelPipeline.java:919)
	io.netty.channel.nio.AbstractNioByteChannel$NioByteUnsafe.read(AbstractNioByteChannel.java:166)
	io.netty.channel.nio.NioEventLoop.processSelectedKey(NioEventLoop.java:788)
	io.netty.channel.nio.NioEventLoop.processSelectedKeysOptimized(NioEventLoop.java:724)
	io.netty.channel.nio.NioEventLoop.processSelectedKeys(NioEventLoop.java:650)
	io.netty.channel.nio.NioEventLoop.run(NioEventLoop.java:562)
	io.netty.util.concurrent.SingleThreadEventExecutor$4.run(SingleThreadEventExecutor.java:997)
	io.netty.util.internal.ThreadExecutorMap$2.run(ThreadExecutorMap.java:74)
	io.netty.util.concurrent.FastThreadLocalRunnable.run(FastThreadLocalRunnable.java:30)
	java.base/java.lang.Thread.run(Thread.java:1583)
LEAK: ByteBuf.release() was not called before it's garbage-collected. See https://netty.io/wiki/reference-counted-objects.html for more information.
Recent access records: 
Created at:
	io.netty.buffer.SimpleLeakAwareByteBuf.unwrappedDerived(SimpleLeakAwareByteBuf.java:144)
	io.netty.buffer.SimpleLeakAwareByteBuf.retainedSlice(SimpleLeakAwareByteBuf.java:57)
	io.netty.handler.codec.http.multipart.HttpPostStandardRequestDecoder.parseBodyAttributesStandard(HttpPostStandardRequestDecoder.java:534)
	io.netty.handler.codec.http.multipart.HttpPostStandardRequestDecoder.parseBodyAttributes(HttpPostStandardRequestDecoder.java:575)
	io.netty.handler.codec.http.multipart.HttpPostStandardRequestDecoder.parseBody(HttpPostStandardRequestDecoder.java:422)
	io.netty.handler.codec.http.multipart.HttpPostStandardRequestDecoder.offer(HttpPostStandardRequestDecoder.java:338)
	io.netty.handler.codec.http.multipart.HttpPostStandardRequestDecoder.<init>(HttpPostStandardRequestDecoder.java:197)
	io.netty.handler.codec.http.multipart.HttpPostStandardRequestDecoder.<init>(HttpPostStandardRequestDecoder.java:164)
	io.netty.handler.codec.http.multipart.HttpPostRequestDecoder.<init>(HttpPostRequestDecoder.java:118)
	io.netty.handler.codec.http.multipart.HttpPostRequestDecoder.<init>(HttpPostRequestDecoder.java:57)
	com.gempukku.swccgo.async.handler.ChatRequestHandler.postMessages(ChatRequestHandler.java:51)
	com.gempukku.swccgo.async.handler.ChatRequestHandler.handleRequest(ChatRequestHandler.java:44)
	com.gempukku.swccgo.async.handler.RootUriRequestHandler.handleRequest(RootUriRequestHandler.java:109)
	com.gempukku.swccgo.async.SwccgoHttpRequestHandler.channelRead0(SwccgoHttpRequestHandler.java:100)
	com.gempukku.swccgo.async.SwccgoHttpRequestHandler.channelRead0(SwccgoHttpRequestHandler.java:40)
	io.netty.channel.SimpleChannelInboundHandler.channelRead(SimpleChannelInboundHandler.java:99)
	io.netty.channel.AbstractChannelHandlerContext.invokeChannelRead(AbstractChannelHandlerContext.java:444)
	io.netty.channel.AbstractChannelHandlerContext.invokeChannelRead(AbstractChannelHandlerContext.java:420)
	io.netty.channel.AbstractChannelHandlerContext.fireChannelRead(AbstractChannelHandlerContext.java:412)
	io.netty.handler.codec.MessageToMessageDecoder.channelRead(MessageToMessageDecoder.java:103)
	io.netty.handler.codec.MessageToMessageCodec.channelRead(MessageToMessageCodec.java:111)
	io.netty.channel.AbstractChannelHandlerContext.invokeChannelRead(AbstractChannelHandlerContext.java:442)
	io.netty.channel.AbstractChannelHandlerContext.invokeChannelRead(AbstractChannelHandlerContext.java:420)
	io.netty.channel.AbstractChannelHandlerContext.fireChannelRead(AbstractChannelHandlerContext.java:412)
	io.netty.handler.codec.MessageToMessageDecoder.channelRead(MessageToMessageDecoder.java:103)
	io.netty.channel.AbstractChannelHandlerContext.invokeChannelRead(AbstractChannelHandlerContext.java:444)
	io.netty.channel.AbstractChannelHandlerContext.invokeChannelRead(AbstractChannelHandlerContext.java:420)
	io.netty.channel.AbstractChannelHandlerContext.fireChannelRead(AbstractChannelHandlerContext.java:412)
	io.netty.channel.CombinedChannelDuplexHandler$DelegatingChannelHandlerContext.fireChannelRead(CombinedChannelDuplexHandler.java:436)
	io.netty.handler.codec.ByteToMessageDecoder.fireChannelRead(ByteToMessageDecoder.java:346)
	io.netty.handler.codec.ByteToMessageDecoder.channelRead(ByteToMessageDecoder.java:318)
	io.netty.channel.CombinedChannelDuplexHandler.channelRead(CombinedChannelDuplexHandler.java:251)
	io.netty.channel.AbstractChannelHandlerContext.invokeChannelRead(AbstractChannelHandlerContext.java:442)
	io.netty.channel.AbstractChannelHandlerContext.invokeChannelRead(AbstractChannelHandlerContext.java:420)
	io.netty.channel.AbstractChannelHandlerContext.fireChannelRead(AbstractChannelHandlerContext.java:412)
	io.netty.channel.DefaultChannelPipeline$HeadContext.channelRead(DefaultChannelPipeline.java:1410)
	io.netty.channel.AbstractChannelHandlerContext.invokeChannelRead(AbstractChannelHandlerContext.java:440)
	io.netty.channel.AbstractChannelHandlerContext.invokeChannelRead(AbstractChannelHandlerContext.java:420)
	io.netty.channel.DefaultChannelPipeline.fireChannelRead(DefaultChannelPipeline.java:919)
	io.netty.channel.nio.AbstractNioByteChannel$NioByteUnsafe.read(AbstractNioByteChannel.java:166)
	io.netty.channel.nio.NioEventLoop.processSelectedKey(NioEventLoop.java:788)
	io.netty.channel.nio.NioEventLoop.processSelectedKeysOptimized(NioEventLoop.java:724)
	io.netty.channel.nio.NioEventLoop.processSelectedKeys(NioEventLoop.java:650)
	io.netty.channel.nio.NioEventLoop.run(NioEventLoop.java:562)
	io.netty.util.concurrent.SingleThreadEventExecutor$4.run(SingleThreadEventExecutor.java:997)
	io.netty.util.internal.ThreadExecutorMap$2.run(ThreadExecutorMap.java:74)
	io.netty.util.concurrent.FastThreadLocalRunnable.run(FastThreadLocalRunnable.java:30)
	java.base/java.lang.Thread.run(Thread.java:1583)
LEAK: ByteBuf.release() was not called before it's garbage-collected. See https://netty.io/wiki/reference-counted-objects.html for more information.
Recent access records: 
Created at:
	io.netty.buffer.SimpleLeakAwareByteBuf.unwrappedDerived(SimpleLeakAwareByteBuf.java:144)
	io.netty.buffer.SimpleLeakAwareByteBuf.retainedSlice(SimpleLeakAwareByteBuf.java:57)
	io.netty.handler.codec.http.multipart.HttpPostStandardRequestDecoder.parseBodyAttributesStandard(HttpPostStandardRequestDecoder.java:497)
	io.netty.handler.codec.http.multipart.HttpPostStandardRequestDecoder.parseBodyAttributes(HttpPostStandardRequestDecoder.java:575)
	io.netty.handler.codec.http.multipart.HttpPostStandardRequestDecoder.parseBody(HttpPostStandardRequestDecoder.java:422)
	io.netty.handler.codec.http.multipart.HttpPostStandardRequestDecoder.offer(HttpPostStandardRequestDecoder.java:338)
	io.netty.handler.codec.http.multipart.HttpPostStandardRequestDecoder.<init>(HttpPostStandardRequestDecoder.java:197)
	io.netty.handler.codec.http.multipart.HttpPostStandardRequestDecoder.<init>(HttpPostStandardRequestDecoder.java:164)
	io.netty.handler.codec.http.multipart.HttpPostRequestDecoder.<init>(HttpPostRequestDecoder.java:118)
	io.netty.handler.codec.http.multipart.HttpPostRequestDecoder.<init>(HttpPostRequestDecoder.java:57)
	com.gempukku.swccgo.async.handler.ChatRequestHandler.postMessages(ChatRequestHandler.java:51)
	com.gempukku.swccgo.async.handler.ChatRequestHandler.handleRequest(ChatRequestHandler.java:44)
	com.gempukku.swccgo.async.handler.RootUriRequestHandler.handleRequest(RootUriRequestHandler.java:109)
	com.gempukku.swccgo.async.SwccgoHttpRequestHandler.channelRead0(SwccgoHttpRequestHandler.java:100)
	com.gempukku.swccgo.async.SwccgoHttpRequestHandler.channelRead0(SwccgoHttpRequestHandler.java:40)
	io.netty.channel.SimpleChannelInboundHandler.channelRead(SimpleChannelInboundHandler.java:99)
	io.netty.channel.AbstractChannelHandlerContext.invokeChannelRead(AbstractChannelHandlerContext.java:444)
	io.netty.channel.AbstractChannelHandlerContext.invokeChannelRead(AbstractChannelHandlerContext.java:420)
	io.netty.channel.AbstractChannelHandlerContext.fireChannelRead(AbstractChannelHandlerContext.java:412)
	io.netty.handler.codec.MessageToMessageDecoder.channelRead(MessageToMessageDecoder.java:103)
	io.netty.handler.codec.MessageToMessageCodec.channelRead(MessageToMessageCodec.java:111)
	io.netty.channel.AbstractChannelHandlerContext.invokeChannelRead(AbstractChannelHandlerContext.java:442)
	io.netty.channel.AbstractChannelHandlerContext.invokeChannelRead(AbstractChannelHandlerContext.java:420)
	io.netty.channel.AbstractChannelHandlerContext.fireChannelRead(AbstractChannelHandlerContext.java:412)
	io.netty.handler.codec.MessageToMessageDecoder.channelRead(MessageToMessageDecoder.java:103)
	io.netty.channel.AbstractChannelHandlerContext.invokeChannelRead(AbstractChannelHandlerContext.java:444)
	io.netty.channel.AbstractChannelHandlerContext.invokeChannelRead(AbstractChannelHandlerContext.java:420)
	io.netty.channel.AbstractChannelHandlerContext.fireChannelRead(AbstractChannelHandlerContext.java:412)
	io.netty.channel.CombinedChannelDuplexHandler$DelegatingChannelHandlerContext.fireChannelRead(CombinedChannelDuplexHandler.java:436)
	io.netty.handler.codec.ByteToMessageDecoder.fireChannelRead(ByteToMessageDecoder.java:346)
	io.netty.handler.codec.ByteToMessageDecoder.channelRead(ByteToMessageDecoder.java:318)
	io.netty.channel.CombinedChannelDuplexHandler.channelRead(CombinedChannelDuplexHandler.java:251)
	io.netty.channel.AbstractChannelHandlerContext.invokeChannelRead(AbstractChannelHandlerContext.java:442)
	io.netty.channel.AbstractChannelHandlerContext.invokeChannelRead(AbstractChannelHandlerContext.java:420)
	io.netty.channel.AbstractChannelHandlerContext.fireChannelRead(AbstractChannelHandlerContext.java:412)
	io.netty.channel.DefaultChannelPipeline$HeadContext.channelRead(DefaultChannelPipeline.java:1410)
	io.netty.channel.AbstractChannelHandlerContext.invokeChannelRead(AbstractChannelHandlerContext.java:440)
	io.netty.channel.AbstractChannelHandlerContext.invokeChannelRead(AbstractChannelHandlerContext.java:420)
	io.netty.channel.DefaultChannelPipeline.fireChannelRead(DefaultChannelPipeline.java:919)
	io.netty.channel.nio.AbstractNioByteChannel$NioByteUnsafe.read(AbstractNioByteChannel.java:166)
	io.netty.channel.nio.NioEventLoop.processSelectedKey(NioEventLoop.java:788)
	io.netty.channel.nio.NioEventLoop.processSelectedKeysOptimized(NioEventLoop.java:724)
	io.netty.channel.nio.NioEventLoop.processSelectedKeys(NioEventLoop.java:650)
	io.netty.channel.nio.NioEventLoop.run(NioEventLoop.java:562)
	io.netty.util.concurrent.SingleThreadEventExecutor$4.run(SingleThreadEventExecutor.java:997)
	io.netty.util.internal.ThreadExecutorMap$2.run(ThreadExecutorMap.java:74)
	io.netty.util.concurrent.FastThreadLocalRunnable.run(FastThreadLocalRunnable.java:30)
	java.base/java.lang.Thread.run(Thread.java:1583)
Property.....: playtesting.noLimitDeckLength
Playtesting deck length is restricted to the format limit
Property.....: playtesting.noLimitDeckLength
Playtesting deck length is restricted to the format limit
Property.....: playtesting.noLimitDeckLength
Playtesting deck length is restricted to the format limit
System: Welcome to room: Game0c2c15980db8-df9a-c861-102e-fad7fe10
LEAK: ByteBuf.release() was not called before it's garbage-collected. See https://netty.io/wiki/reference-counted-objects.html for more information.
Recent access records: 
Created at:
	io.netty.buffer.PooledByteBufAllocator.newDirectBuffer(PooledByteBufAllocator.java:404)
	io.netty.buffer.AbstractByteBufAllocator.directBuffer(AbstractByteBufAllocator.java:188)
	io.netty.buffer.AbstractByteBufAllocator.directBuffer(AbstractByteBufAllocator.java:179)
	io.netty.buffer.AbstractByteBufAllocator.buffer(AbstractByteBufAllocator.java:116)
	io.netty.handler.codec.http.multipart.HttpPostStandardRequestDecoder.offer(HttpPostStandardRequestDecoder.java:334)
	io.netty.handler.codec.http.multipart.HttpPostStandardRequestDecoder.<init>(HttpPostStandardRequestDecoder.java:197)
	io.netty.handler.codec.http.multipart.HttpPostStandardRequestDecoder.<init>(HttpPostStandardRequestDecoder.java:164)
	io.netty.handler.codec.http.multipart.HttpPostRequestDecoder.<init>(HttpPostRequestDecoder.java:118)
	io.netty.handler.codec.http.multipart.HttpPostRequestDecoder.<init>(HttpPostRequestDecoder.java:57)
	com.gempukku.swccgo.async.handler.HallRequestHandler.updateHall(HallRequestHandler.java:629)
	com.gempukku.swccgo.async.handler.HallRequestHandler.handleRequest(HallRequestHandler.java:71)
	com.gempukku.swccgo.async.handler.RootUriRequestHandler.handleRequest(RootUriRequestHandler.java:79)
	com.gempukku.swccgo.async.SwccgoHttpRequestHandler.channelRead0(SwccgoHttpRequestHandler.java:100)
	com.gempukku.swccgo.async.SwccgoHttpRequestHandler.channelRead0(SwccgoHttpRequestHandler.java:40)
	io.netty.channel.SimpleChannelInboundHandler.channelRead(SimpleChannelInboundHandler.java:99)
	io.netty.channel.AbstractChannelHandlerContext.invokeChannelRead(AbstractChannelHandlerContext.java:444)
	io.netty.channel.AbstractChannelHandlerContext.invokeChannelRead(AbstractChannelHandlerContext.java:420)
	io.netty.channel.AbstractChannelHandlerContext.fireChannelRead(AbstractChannelHandlerContext.java:412)
	io.netty.handler.codec.MessageToMessageDecoder.channelRead(MessageToMessageDecoder.java:103)
	io.netty.handler.codec.MessageToMessageCodec.channelRead(MessageToMessageCodec.java:111)
	io.netty.channel.AbstractChannelHandlerContext.invokeChannelRead(AbstractChannelHandlerContext.java:442)
	io.netty.channel.AbstractChannelHandlerContext.invokeChannelRead(AbstractChannelHandlerContext.java:420)
	io.netty.channel.AbstractChannelHandlerContext.fireChannelRead(AbstractChannelHandlerContext.java:412)
	io.netty.handler.codec.MessageToMessageDecoder.channelRead(MessageToMessageDecoder.java:103)
	io.netty.channel.AbstractChannelHandlerContext.invokeChannelRead(AbstractChannelHandlerContext.java:444)
	io.netty.channel.AbstractChannelHandlerContext.invokeChannelRead(AbstractChannelHandlerContext.java:420)
	io.netty.channel.AbstractChannelHandlerContext.fireChannelRead(AbstractChannelHandlerContext.java:412)
	io.netty.channel.CombinedChannelDuplexHandler$DelegatingChannelHandlerContext.fireChannelRead(CombinedChannelDuplexHandler.java:436)
	io.netty.handler.codec.ByteToMessageDecoder.fireChannelRead(ByteToMessageDecoder.java:346)
	io.netty.handler.codec.ByteToMessageDecoder.channelRead(ByteToMessageDecoder.java:318)
	io.netty.channel.CombinedChannelDuplexHandler.channelRead(CombinedChannelDuplexHandler.java:251)
	io.netty.channel.AbstractChannelHandlerContext.invokeChannelRead(AbstractChannelHandlerContext.java:442)
	io.netty.channel.AbstractChannelHandlerContext.invokeChannelRead(AbstractChannelHandlerContext.java:420)
	io.netty.channel.AbstractChannelHandlerContext.fireChannelRead(AbstractChannelHandlerContext.java:412)
	io.netty.channel.DefaultChannelPipeline$HeadContext.channelRead(DefaultChannelPipeline.java:1410)
	io.netty.channel.AbstractChannelHandlerContext.invokeChannelRead(AbstractChannelHandlerContext.java:440)
	io.netty.channel.AbstractChannelHandlerContext.invokeChannelRead(AbstractChannelHandlerContext.java:420)
	io.netty.channel.DefaultChannelPipeline.fireChannelRead(DefaultChannelPipeline.java:919)
	io.netty.channel.nio.AbstractNioByteChannel$NioByteUnsafe.read(AbstractNioByteChannel.java:166)
	io.netty.channel.nio.NioEventLoop.processSelectedKey(NioEventLoop.java:788)
	io.netty.channel.nio.NioEventLoop.processSelectedKeysOptimized(NioEventLoop.java:724)
	io.netty.channel.nio.NioEventLoop.processSelectedKeys(NioEventLoop.java:650)
	io.netty.channel.nio.NioEventLoop.run(NioEventLoop.java:562)
	io.netty.util.concurrent.SingleThreadEventExecutor$4.run(SingleThreadEventExecutor.java:997)
	io.netty.util.internal.ThreadExecutorMap$2.run(ThreadExecutorMap.java:74)
	io.netty.util.concurrent.FastThreadLocalRunnable.run(FastThreadLocalRunnable.java:30)
	java.base/java.lang.Thread.run(Thread.java:1583)
LEAK: ByteBuf.release() was not called before it's garbage-collected. See https://netty.io/wiki/reference-counted-objects.html for more information.
Recent access records: 
Created at:
	io.netty.buffer.SimpleLeakAwareByteBuf.unwrappedDerived(SimpleLeakAwareByteBuf.java:144)
	io.netty.buffer.SimpleLeakAwareByteBuf.retainedSlice(SimpleLeakAwareByteBuf.java:57)
	io.netty.handler.codec.http.multipart.HttpPostStandardRequestDecoder.parseBodyAttributesStandard(HttpPostStandardRequestDecoder.java:497)
	io.netty.handler.codec.http.multipart.HttpPostStandardRequestDecoder.parseBodyAttributes(HttpPostStandardRequestDecoder.java:575)
	io.netty.handler.codec.http.multipart.HttpPostStandardRequestDecoder.parseBody(HttpPostStandardRequestDecoder.java:422)
	io.netty.handler.codec.http.multipart.HttpPostStandardRequestDecoder.offer(HttpPostStandardRequestDecoder.java:338)
	io.netty.handler.codec.http.multipart.HttpPostStandardRequestDecoder.<init>(HttpPostStandardRequestDecoder.java:197)
	io.netty.handler.codec.http.multipart.HttpPostStandardRequestDecoder.<init>(HttpPostStandardRequestDecoder.java:164)
	io.netty.handler.codec.http.multipart.HttpPostRequestDecoder.<init>(HttpPostRequestDecoder.java:118)
	io.netty.handler.codec.http.multipart.HttpPostRequestDecoder.<init>(HttpPostRequestDecoder.java:57)
	com.gempukku.swccgo.async.handler.HallRequestHandler.updateHall(HallRequestHandler.java:629)
	com.gempukku.swccgo.async.handler.HallRequestHandler.handleRequest(HallRequestHandler.java:71)
	com.gempukku.swccgo.async.handler.RootUriRequestHandler.handleRequest(RootUriRequestHandler.java:79)
	com.gempukku.swccgo.async.SwccgoHttpRequestHandler.channelRead0(SwccgoHttpRequestHandler.java:100)
	com.gempukku.swccgo.async.SwccgoHttpRequestHandler.channelRead0(SwccgoHttpRequestHandler.java:40)
	io.netty.channel.SimpleChannelInboundHandler.channelRead(SimpleChannelInboundHandler.java:99)
	io.netty.channel.AbstractChannelHandlerContext.invokeChannelRead(AbstractChannelHandlerContext.java:444)
	io.netty.channel.AbstractChannelHandlerContext.invokeChannelRead(AbstractChannelHandlerContext.java:420)
	io.netty.channel.AbstractChannelHandlerContext.fireChannelRead(AbstractChannelHandlerContext.java:412)
	io.netty.handler.codec.MessageToMessageDecoder.channelRead(MessageToMessageDecoder.java:103)
	io.netty.handler.codec.MessageToMessageCodec.channelRead(MessageToMessageCodec.java:111)
	io.netty.channel.AbstractChannelHandlerContext.invokeChannelRead(AbstractChannelHandlerContext.java:442)
	io.netty.channel.AbstractChannelHandlerContext.invokeChannelRead(AbstractChannelHandlerContext.java:420)
	io.netty.channel.AbstractChannelHandlerContext.fireChannelRead(AbstractChannelHandlerContext.java:412)
	io.netty.handler.codec.MessageToMessageDecoder.channelRead(MessageToMessageDecoder.java:103)
	io.netty.channel.AbstractChannelHandlerContext.invokeChannelRead(AbstractChannelHandlerContext.java:444)
	io.netty.channel.AbstractChannelHandlerContext.invokeChannelRead(AbstractChannelHandlerContext.java:420)
	io.netty.channel.AbstractChannelHandlerContext.fireChannelRead(AbstractChannelHandlerContext.java:412)
	io.netty.channel.CombinedChannelDuplexHandler$DelegatingChannelHandlerContext.fireChannelRead(CombinedChannelDuplexHandler.java:436)
	io.netty.handler.codec.ByteToMessageDecoder.fireChannelRead(ByteToMessageDecoder.java:346)
	io.netty.handler.codec.ByteToMessageDecoder.channelRead(ByteToMessageDecoder.java:318)
	io.netty.channel.CombinedChannelDuplexHandler.channelRead(CombinedChannelDuplexHandler.java:251)
	io.netty.channel.AbstractChannelHandlerContext.invokeChannelRead(AbstractChannelHandlerContext.java:442)
	io.netty.channel.AbstractChannelHandlerContext.invokeChannelRead(AbstractChannelHandlerContext.java:420)
	io.netty.channel.AbstractChannelHandlerContext.fireChannelRead(AbstractChannelHandlerContext.java:412)
	io.netty.channel.DefaultChannelPipeline$HeadContext.channelRead(DefaultChannelPipeline.java:1410)
	io.netty.channel.AbstractChannelHandlerContext.invokeChannelRead(AbstractChannelHandlerContext.java:440)
	io.netty.channel.AbstractChannelHandlerContext.invokeChannelRead(AbstractChannelHandlerContext.java:420)
	io.netty.channel.DefaultChannelPipeline.fireChannelRead(DefaultChannelPipeline.java:919)
	io.netty.channel.nio.AbstractNioByteChannel$NioByteUnsafe.read(AbstractNioByteChannel.java:166)
	io.netty.channel.nio.NioEventLoop.processSelectedKey(NioEventLoop.java:788)
	io.netty.channel.nio.NioEventLoop.processSelectedKeysOptimized(NioEventLoop.java:724)
	io.netty.channel.nio.NioEventLoop.processSelectedKeys(NioEventLoop.java:650)
	io.netty.channel.nio.NioEventLoop.run(NioEventLoop.java:562)
	io.netty.util.concurrent.SingleThreadEventExecutor$4.run(SingleThreadEventExecutor.java:997)
	io.netty.util.internal.ThreadExecutorMap$2.run(ThreadExecutorMap.java:74)
	io.netty.util.concurrent.FastThreadLocalRunnable.run(FastThreadLocalRunnable.java:30)
	java.base/java.lang.Thread.run(Thread.java:1583)
LEAK: ByteBuf.release() was not called before it's garbage-collected. See https://netty.io/wiki/reference-counted-objects.html for more information.
Recent access records: 
Created at:
	io.netty.buffer.SimpleLeakAwareByteBuf.unwrappedDerived(SimpleLeakAwareByteBuf.java:144)
	io.netty.buffer.SimpleLeakAwareByteBuf.retainedSlice(SimpleLeakAwareByteBuf.java:57)
	io.netty.handler.codec.http.multipart.HttpPostStandardRequestDecoder.parseBodyAttributesStandard(HttpPostStandardRequestDecoder.java:534)
	io.netty.handler.codec.http.multipart.HttpPostStandardRequestDecoder.parseBodyAttributes(HttpPostStandardRequestDecoder.java:575)
	io.netty.handler.codec.http.multipart.HttpPostStandardRequestDecoder.parseBody(HttpPostStandardRequestDecoder.java:422)
	io.netty.handler.codec.http.multipart.HttpPostStandardRequestDecoder.offer(HttpPostStandardRequestDecoder.java:338)
	io.netty.handler.codec.http.multipart.HttpPostStandardRequestDecoder.<init>(HttpPostStandardRequestDecoder.java:197)
	io.netty.handler.codec.http.multipart.HttpPostStandardRequestDecoder.<init>(HttpPostStandardRequestDecoder.java:164)
	io.netty.handler.codec.http.multipart.HttpPostRequestDecoder.<init>(HttpPostRequestDecoder.java:118)
	io.netty.handler.codec.http.multipart.HttpPostRequestDecoder.<init>(HttpPostRequestDecoder.java:57)
	com.gempukku.swccgo.async.handler.HallRequestHandler.updateHall(HallRequestHandler.java:629)
	com.gempukku.swccgo.async.handler.HallRequestHandler.handleRequest(HallRequestHandler.java:71)
	com.gempukku.swccgo.async.handler.RootUriRequestHandler.handleRequest(RootUriRequestHandler.java:79)
	com.gempukku.swccgo.async.SwccgoHttpRequestHandler.channelRead0(SwccgoHttpRequestHandler.java:100)
	com.gempukku.swccgo.async.SwccgoHttpRequestHandler.channelRead0(SwccgoHttpRequestHandler.java:40)
	io.netty.channel.SimpleChannelInboundHandler.channelRead(SimpleChannelInboundHandler.java:99)
	io.netty.channel.AbstractChannelHandlerContext.invokeChannelRead(AbstractChannelHandlerContext.java:444)
	io.netty.channel.AbstractChannelHandlerContext.invokeChannelRead(AbstractChannelHandlerContext.java:420)
	io.netty.channel.AbstractChannelHandlerContext.fireChannelRead(AbstractChannelHandlerContext.java:412)
	io.netty.handler.codec.MessageToMessageDecoder.channelRead(MessageToMessageDecoder.java:103)
	io.netty.handler.codec.MessageToMessageCodec.channelRead(MessageToMessageCodec.java:111)
	io.netty.channel.AbstractChannelHandlerContext.invokeChannelRead(AbstractChannelHandlerContext.java:442)
	io.netty.channel.AbstractChannelHandlerContext.invokeChannelRead(AbstractChannelHandlerContext.java:420)
	io.netty.channel.AbstractChannelHandlerContext.fireChannelRead(AbstractChannelHandlerContext.java:412)
	io.netty.handler.codec.MessageToMessageDecoder.channelRead(MessageToMessageDecoder.java:103)
	io.netty.channel.AbstractChannelHandlerContext.invokeChannelRead(AbstractChannelHandlerContext.java:444)
	io.netty.channel.AbstractChannelHandlerContext.invokeChannelRead(AbstractChannelHandlerContext.java:420)
	io.netty.channel.AbstractChannelHandlerContext.fireChannelRead(AbstractChannelHandlerContext.java:412)
	io.netty.channel.CombinedChannelDuplexHandler$DelegatingChannelHandlerContext.fireChannelRead(CombinedChannelDuplexHandler.java:436)
	io.netty.handler.codec.ByteToMessageDecoder.fireChannelRead(ByteToMessageDecoder.java:346)
	io.netty.handler.codec.ByteToMessageDecoder.channelRead(ByteToMessageDecoder.java:318)
	io.netty.channel.CombinedChannelDuplexHandler.channelRead(CombinedChannelDuplexHandler.java:251)
	io.netty.channel.AbstractChannelHandlerContext.invokeChannelRead(AbstractChannelHandlerContext.java:442)
	io.netty.channel.AbstractChannelHandlerContext.invokeChannelRead(AbstractChannelHandlerContext.java:420)
	io.netty.channel.AbstractChannelHandlerContext.fireChannelRead(AbstractChannelHandlerContext.java:412)
	io.netty.channel.DefaultChannelPipeline$HeadContext.channelRead(DefaultChannelPipeline.java:1410)
	io.netty.channel.AbstractChannelHandlerContext.invokeChannelRead(AbstractChannelHandlerContext.java:440)
	io.netty.channel.AbstractChannelHandlerContext.invokeChannelRead(AbstractChannelHandlerContext.java:420)
	io.netty.channel.DefaultChannelPipeline.fireChannelRead(DefaultChannelPipeline.java:919)
	io.netty.channel.nio.AbstractNioByteChannel$NioByteUnsafe.read(AbstractNioByteChannel.java:166)
	io.netty.channel.nio.NioEventLoop.processSelectedKey(NioEventLoop.java:788)
	io.netty.channel.nio.NioEventLoop.processSelectedKeysOptimized(NioEventLoop.java:724)
	io.netty.channel.nio.NioEventLoop.processSelectedKeys(NioEventLoop.java:650)
	io.netty.channel.nio.NioEventLoop.run(NioEventLoop.java:562)
	io.netty.util.concurrent.SingleThreadEventExecutor$4.run(SingleThreadEventExecutor.java:997)
	io.netty.util.internal.ThreadExecutorMap$2.run(ThreadExecutorMap.java:74)
	io.netty.util.concurrent.FastThreadLocalRunnable.run(FastThreadLocalRunnable.java:30)
	java.base/java.lang.Thread.run(Thread.java:1583)
Property.....: application.root
Property.....: application.root
Property.....: application.root
Property.....: application.root
System: This game is already finished and will be shortly removed, please move to the Game Hall
2024-09-28T14:36:06.379704741Z pool-1-thread-1 DEBUG Stopping LoggerContext[name=4f2410ac, org.apache.logging.log4j.core.LoggerContext@2f490758]
2024-09-28T14:36:06.380139390Z pool-1-thread-1 DEBUG Stopping LoggerContext[name=4f2410ac, org.apache.logging.log4j.core.LoggerContext@2f490758]...
2024-09-28T14:36:06.380584619Z pool-1-thread-1 TRACE Unregistering 1 MBeans: [org.apache.logging.log4j2:type=4f2410ac]
2024-09-28T14:36:06.380859204Z pool-1-thread-1 TRACE Unregistering 1 MBeans: [org.apache.logging.log4j2:type=4f2410ac,component=StatusLogger]
2024-09-28T14:36:06.381081029Z pool-1-thread-1 TRACE Unregistering 1 MBeans: [org.apache.logging.log4j2:type=4f2410ac,component=ContextSelector]
2024-09-28T14:36:06.381304254Z pool-1-thread-1 TRACE Unregistering 3 MBeans: [org.apache.logging.log4j2:type=4f2410ac,component=Loggers,name=, org.apache.logging.log4j2:type=4f2410ac,component=Loggers,name=com.gempukku, org.apache.logging.log4j2:type=4f2410ac,component=Loggers,name=chat]
2024-09-28T14:36:06.381532668Z pool-1-thread-1 TRACE Unregistering 3 MBeans: [org.apache.logging.log4j2:type=4f2410ac,component=Appenders,name=stdout, org.apache.logging.log4j2:type=4f2410ac,component=Appenders,name=chat, org.apache.logging.log4j2:type=4f2410ac,component=Appenders,name=mainlog]
2024-09-28T14:36:06.381764663Z pool-1-thread-1 TRACE Unregistering but no MBeans found matching 'org.apache.logging.log4j2:type=4f2410ac,component=AsyncAppenders,name=*'
2024-09-28T14:36:06.381961857Z pool-1-thread-1 TRACE Unregistering but no MBeans found matching 'org.apache.logging.log4j2:type=4f2410ac,component=AsyncLoggerRingBuffer'
2024-09-28T14:36:06.382166621Z pool-1-thread-1 TRACE Unregistering but no MBeans found matching 'org.apache.logging.log4j2:type=4f2410ac,component=Loggers,name=*,subtype=RingBuffer'
2024-09-28T14:36:06.382817044Z pool-1-thread-1 TRACE Stopping XmlConfiguration[location=/opt/gemp-swccg/src/gemp-swccg-async/src/main/resources/prod-log4j.xml]...
2024-09-28T14:36:06.382963077Z pool-1-thread-1 TRACE XmlConfiguration notified 4 ReliabilityStrategies that config will be stopped.
2024-09-28T14:36:06.383111100Z pool-1-thread-1 TRACE XmlConfiguration stopping 3 LoggerConfigs.
2024-09-28T14:36:06.383248473Z pool-1-thread-1 TRACE XmlConfiguration stopping root LoggerConfig.
2024-09-28T14:36:06.383384276Z pool-1-thread-1 TRACE XmlConfiguration notifying ReliabilityStrategies that appenders will be stopped.
2024-09-28T14:36:06.383541979Z pool-1-thread-1 TRACE XmlConfiguration stopping remaining Appenders.
2024-09-28T14:36:06.383696442Z pool-1-thread-1 DEBUG Appender chat stopped with status true
2024-09-28T14:36:06.383852705Z pool-1-thread-1 DEBUG Appender stdout stopped with status true
2024-09-28T14:36:06.384007239Z pool-1-thread-1 DEBUG Appender mainlog stopped with status true
2024-09-28T14:36:06.384160981Z pool-1-thread-1 TRACE XmlConfiguration stopped 3 remaining Appenders.
2024-09-28T14:36:06.384297104Z pool-1-thread-1 TRACE XmlConfiguration cleaning Appenders from 4 LoggerConfigs.
2024-09-28T14:36:06.384451027Z pool-1-thread-1 DEBUG Stopped XmlConfiguration[location=/opt/gemp-swccg/src/gemp-swccg-async/src/main/resources/prod-log4j.xml] OK
2024-09-28T14:36:06.384651701Z pool-1-thread-1 DEBUG Stopped LoggerContext[name=4f2410ac, org.apache.logging.log4j.core.LoggerContext@2f490758] with status true
2024-09-28T14:36:06.384784534Z pool-1-thread-1 DEBUG Stopping LoggerContext[name=Default, org.apache.logging.log4j.core.LoggerContext@6f36e806]
2024-09-28T14:36:06.384921387Z pool-1-thread-1 DEBUG Stopping LoggerContext[name=Default, org.apache.logging.log4j.core.LoggerContext@6f36e806]...
2024-09-28T14:36:06.385103571Z pool-1-thread-1 TRACE Unregistering but no MBeans found matching 'org.apache.logging.log4j2:type=Default'
2024-09-28T14:36:06.385266364Z pool-1-thread-1 TRACE Unregistering but no MBeans found matching 'org.apache.logging.log4j2:type=Default,component=StatusLogger'
2024-09-28T14:36:06.385420907Z pool-1-thread-1 TRACE Unregistering but no MBeans found matching 'org.apache.logging.log4j2:type=Default,component=ContextSelector'
2024-09-28T14:36:06.385577850Z pool-1-thread-1 TRACE Unregistering but no MBeans found matching 'org.apache.logging.log4j2:type=Default,component=Loggers,name=*'
2024-09-28T14:36:06.385735253Z pool-1-thread-1 TRACE Unregistering but no MBeans found matching 'org.apache.logging.log4j2:type=Default,component=Appenders,name=*'
2024-09-28T14:36:06.386016699Z pool-1-thread-1 TRACE Unregistering but no MBeans found matching 'org.apache.logging.log4j2:type=Default,component=AsyncAppenders,name=*'
2024-09-28T14:36:06.386196623Z pool-1-thread-1 TRACE Unregistering but no MBeans found matching 'org.apache.logging.log4j2:type=Default,component=AsyncLoggerRingBuffer'
2024-09-28T14:36:06.386383136Z pool-1-thread-1 TRACE Unregistering but no MBeans found matching 'org.apache.logging.log4j2:type=Default,component=Loggers,name=*,subtype=RingBuffer'
2024-09-28T14:36:06.386579550Z pool-1-thread-1 TRACE Stopping XmlConfiguration[location=/opt/gemp-swccg/src/gemp-swccg-async/src/main/resources/prod-log4j.xml]...
2024-09-28T14:36:06.386719443Z pool-1-thread-1 TRACE XmlConfiguration notified 4 ReliabilityStrategies that config will be stopped.
2024-09-28T14:36:06.386851526Z pool-1-thread-1 TRACE XmlConfiguration stopping 3 LoggerConfigs.
2024-09-28T14:36:06.386984779Z pool-1-thread-1 TRACE XmlConfiguration stopping root LoggerConfig.
2024-09-28T14:36:06.387116721Z pool-1-thread-1 TRACE XmlConfiguration notifying ReliabilityStrategies that appenders will be stopped.
2024-09-28T14:36:06.387266784Z pool-1-thread-1 TRACE XmlConfiguration stopping remaining Appenders.
2024-09-28T14:36:06.387404987Z pool-1-thread-1 DEBUG Shutting down RollingFileManager ../logs/swccg_chat.log
2024-09-28T14:36:06.387549580Z pool-1-thread-1 DEBUG Shutting down RollingFileManager ../logs/swccg_chat.log
2024-09-28T14:36:06.387942998Z pool-1-thread-1 DEBUG OutputStream closed
2024-09-28T14:36:06.388169752Z pool-1-thread-1 DEBUG All asynchronous threads have terminated
2024-09-28T14:36:06.388309005Z pool-1-thread-1 DEBUG RollingFileManager shutdown completed with status true
2024-09-28T14:36:06.388559040Z pool-1-thread-1 DEBUG Shut down RollingFileManager ../logs/swccg_chat.log, all resources released: true
2024-09-28T14:36:06.388756024Z pool-1-thread-1 DEBUG Appender chat stopped with status true
2024-09-28T14:36:06.388958518Z pool-1-thread-1 DEBUG Shutting down OutputStreamManager SYSTEM_OUT.false.false
2024-09-28T14:36:06.389125291Z pool-1-thread-1 DEBUG OutputStream closed
2024-09-28T14:36:06.389323445Z pool-1-thread-1 DEBUG Shut down OutputStreamManager SYSTEM_OUT.false.false, all resources released: true
2024-09-28T14:36:06.389488259Z pool-1-thread-1 DEBUG Appender stdout stopped with status true
2024-09-28T14:36:06.389636442Z pool-1-thread-1 DEBUG Shutting down RollingFileManager ../logs/gemp-swccg.log
2024-09-28T14:36:06.389899547Z pool-1-thread-1 DEBUG Shutting down RollingFileManager ../logs/gemp-swccg.log
2024-09-28T14:36:06.390262264Z pool-1-thread-1 DEBUG OutputStream closed
2024-09-28T14:36:06.390418767Z pool-1-thread-1 DEBUG All asynchronous threads have terminated
2024-09-28T14:36:06.390595181Z pool-1-thread-1 DEBUG RollingFileManager shutdown completed with status true
2024-09-28T14:36:06.390730384Z pool-1-thread-1 DEBUG Shut down RollingFileManager ../logs/gemp-swccg.log, all resources released: true
2024-09-28T14:36:06.390863586Z pool-1-thread-1 DEBUG Appender mainlog stopped with status true
2024-09-28T14:36:06.391010009Z pool-1-thread-1 TRACE XmlConfiguration stopped 3 remaining Appenders.
2024-09-28T14:36:06.391148262Z pool-1-thread-1 TRACE XmlConfiguration cleaning Appenders from 4 LoggerConfigs.
2024-09-28T14:36:06.391299425Z pool-1-thread-1 DEBUG Stopped XmlConfiguration[location=/opt/gemp-swccg/src/gemp-swccg-async/src/main/resources/prod-log4j.xml] OK
2024-09-28T14:36:06.391445388Z pool-1-thread-1 DEBUG Stopped LoggerContext[name=Default, org.apache.logging.log4j.core.LoggerContext@6f36e806] with status true
2024-09-28T14:36:17.707948104Z main DEBUG Using ShutdownCallbackRegistry class org.apache.logging.log4j.core.util.DefaultShutdownCallbackRegistry
2024-09-28T14:36:17.829033755Z main DEBUG Took 0.100329 seconds to load 226 plugins from jdk.internal.loader.ClassLoaders$AppClassLoader@4f2410ac
2024-09-28T14:36:17.829377802Z main DEBUG PluginManager 'Lookup' found 16 plugins
2024-09-28T14:36:17.854945988Z main DEBUG AsyncLogger.ThreadNameStrategy=UNCACHED (user specified null, default is UNCACHED)
2024-09-28T14:36:17.856024409Z main TRACE Using default SystemClock for timestamps.
2024-09-28T14:36:17.856767704Z main DEBUG org.apache.logging.log4j.core.util.SystemClock does not support precise timestamps.
2024-09-28T14:36:17.862401757Z main DEBUG PluginManager 'Lookup' found 16 plugins
2024-09-28T14:36:17.866055710Z main DEBUG PluginManager 'Converter' found 45 plugins
2024-09-28T14:36:17.905530957Z main DEBUG Starting OutputStreamManager SYSTEM_OUT.false.false-1
2024-09-28T14:36:17.906502607Z main DEBUG Starting LoggerContext[name=4f2410ac, org.apache.logging.log4j.core.LoggerContext@2f490758]...
2024-09-28T14:36:17.906784192Z main DEBUG Reconfiguration started for context[name=4f2410ac] at URI null (org.apache.logging.log4j.core.LoggerContext@2f490758) with optional ClassLoader: null
2024-09-28T14:36:17.908001817Z main DEBUG PluginManager 'Lookup' found 16 plugins
2024-09-28T14:36:17.908419965Z main DEBUG PluginManager 'ConfigurationFactory' found 4 plugins
2024-09-28T14:36:17.910601446Z main DEBUG PluginManager 'Lookup' found 16 plugins
2024-09-28T14:36:17.911260110Z main DEBUG PluginManager 'Lookup' found 16 plugins
2024-09-28T14:36:17.911670921Z main DEBUG Missing dependencies for Yaml support, ConfigurationFactory org.apache.logging.log4j.core.config.yaml.YamlConfigurationFactory is inactive
2024-09-28T14:36:17.912001707Z main DEBUG PluginManager 'Lookup' found 16 plugins
2024-09-28T14:36:17.912386255Z main DEBUG Missing dependencies for Json support, ConfigurationFactory org.apache.logging.log4j.core.config.json.JsonConfigurationFactory is inactive
2024-09-28T14:36:17.912673798Z main DEBUG PluginManager 'Lookup' found 16 plugins
2024-09-28T14:36:17.914518005Z main DEBUG Using configurationFactory org.apache.logging.log4j.core.config.ConfigurationFactory$Factory@17776a8
2024-09-28T14:36:17.920232294Z main DEBUG PluginManager 'Lookup' found 16 plugins
2024-09-28T14:36:17.921715081Z main DEBUG Closing FileInputStream java.io.FileInputStream@11e21d0e
2024-09-28T14:36:17.944867189Z main DEBUG null null initializing configuration XmlConfiguration[location=/opt/gemp-swccg/src/gemp-swccg-async/src/main/resources/prod-log4j.xml]
2024-09-28T14:36:17.945346689Z main DEBUG PluginManager 'Core' found 131 plugins
2024-09-28T14:36:17.945556343Z main DEBUG PluginManager 'Level' found 0 plugins
2024-09-28T14:36:17.948835517Z main DEBUG PluginManager 'Lookup' found 16 plugins
2024-09-28T14:36:17.949769176Z main DEBUG Building Plugin[name=layout, class=org.apache.logging.log4j.core.layout.PatternLayout].
2024-09-28T14:36:17.959689646Z main TRACE TypeConverterRegistry initializing.
2024-09-28T14:36:17.959901233Z main DEBUG PluginManager 'TypeConverter' found 26 plugins
2024-09-28T14:36:17.969732832Z main DEBUG PatternLayout$Builder(pattern="%m%n", PatternSelector=null, Configuration(MyApp), Replace=null, charset="null", alwaysWriteExceptions="null", disableAnsi="null", noConsoleNoAnsi="null", header="null", footer="null")
2024-09-28T14:36:17.970070628Z main DEBUG PluginManager 'Converter' found 45 plugins
2024-09-28T14:36:17.970844364Z main DEBUG Building Plugin[name=appender, class=org.apache.logging.log4j.core.appender.ConsoleAppender].
2024-09-28T14:36:17.977620161Z main DEBUG ConsoleAppender$Builder(target="SYSTEM_OUT", follow="null", direct="null", bufferedIo="null", bufferSize="null", immediateFlush="null", ignoreExceptions="null", PatternLayout(%m%n), name="stdout", Configuration(MyApp), Filter=null, ={})
2024-09-28T14:36:17.980622142Z main DEBUG Starting OutputStreamManager SYSTEM_OUT.false.false
2024-09-28T14:36:17.980846956Z main DEBUG Building Plugin[name=layout, class=org.apache.logging.log4j.core.layout.PatternLayout].
2024-09-28T14:36:17.981400037Z main DEBUG PatternLayout$Builder(pattern="%d{yyyy-MM-dd HH:mm:ss,SSS} %5p %c{1}:%L - %m%n", PatternSelector=null, Configuration(MyApp), Replace=null, charset="null", alwaysWriteExceptions="null", disableAnsi="null", noConsoleNoAnsi="null", header="null", footer="null")
2024-09-28T14:36:17.986475129Z main DEBUG Building Plugin[name=TimeBasedTriggeringPolicy, class=org.apache.logging.log4j.core.appender.rolling.TimeBasedTriggeringPolicy].
2024-09-28T14:36:17.988601752Z main DEBUG TimeBasedTriggeringPolicy$Builder(interval="null", modulate="null", maxRandomDelay="null")
2024-09-28T14:36:17.988820416Z main DEBUG Building Plugin[name=SizeBasedTriggeringPolicy, class=org.apache.logging.log4j.core.appender.rolling.SizeBasedTriggeringPolicy].
2024-09-28T14:36:17.991030180Z main DEBUG createPolicy(size="10 MB")
2024-09-28T14:36:17.992315396Z main DEBUG Building Plugin[name=Policies, class=org.apache.logging.log4j.core.appender.rolling.CompositeTriggeringPolicy].
2024-09-28T14:36:17.992642673Z main DEBUG createPolicy(={TimeBasedTriggeringPolicy(nextRolloverMillis=0, interval=1, modulate=false), SizeBasedTriggeringPolicy(size=10485760)})
2024-09-28T14:36:17.992970589Z main DEBUG Building Plugin[name=DefaultRolloverStrategy, class=org.apache.logging.log4j.core.appender.rolling.DefaultRolloverStrategy].
2024-09-28T14:36:17.995380937Z main DEBUG DefaultRolloverStrategy$Builder(max="20", min="null", fileIndex="null", compressionLevel="null", ={}, stopCustomActionsOnError="null", tempCompressedFilePattern="null", Configuration(MyApp))
2024-09-28T14:36:17.995625852Z main DEBUG Building Plugin[name=appender, class=org.apache.logging.log4j.core.appender.RollingFileAppender].
2024-09-28T14:36:17.997513921Z main DEBUG RollingFileAppender$Builder(fileName="../logs/gemp-swccg.log", filePattern="../logs/${date:yyyy-MM}/app-%d{MM-dd-yyyy}-%i.log.gz", append="null", locking="null", Policies(CompositeTriggeringPolicy(policies=[TimeBasedTriggeringPolicy(nextRolloverMillis=0, interval=1, modulate=false), SizeBasedTriggeringPolicy(size=10485760)])), DefaultRolloverStrategy(DefaultRolloverStrategy(min=1, max=20, useMax=true)), advertise="null", advertiseUri="null", createOnDemand="null", filePermissions="null", fileOwner="null", fileGroup="null", bufferedIo="null", bufferSize="null", immediateFlush="null", ignoreExceptions="null", PatternLayout(%d{yyyy-MM-dd HH:mm:ss,SSS} %5p %c{1}:%L - %m%n), name="mainlog", Configuration(MyApp), Filter=null, ={})
2024-09-28T14:36:18.001090573Z main TRACE New file '../logs/gemp-swccg.log' created = false
2024-09-28T14:36:18.002698356Z main INFO Unable to obtain file creation time for /opt/gemp-swccg/src/../logs/gemp-swccg.log
2024-09-28T14:36:18.003240877Z main DEBUG Starting RollingFileManager ../logs/gemp-swccg.log
2024-09-28T14:36:18.005014023Z main DEBUG PluginManager 'FileConverter' found 2 plugins
2024-09-28T14:36:18.008667026Z main DEBUG Setting prev file time to 2024-09-28T14:16:03.008+0000
2024-09-28T14:36:18.008908312Z main DEBUG Initializing triggering policy CompositeTriggeringPolicy(policies=[TimeBasedTriggeringPolicy(nextRolloverMillis=0, interval=1, modulate=false), SizeBasedTriggeringPolicy(size=10485760)])
2024-09-28T14:36:18.009121866Z main DEBUG Initializing triggering policy TimeBasedTriggeringPolicy(nextRolloverMillis=0, interval=1, modulate=false)
2024-09-28T14:36:18.010212218Z main TRACE PatternProcessor.getNextTime returning 2024/09/29-00:00:00.000, nextFileTime=2024/09/28-00:00:00.000, prevFileTime=1970/01/01-00:00:00.000, current=2024/09/28-14:36:18.010, freq=DAILY
2024-09-28T14:36:18.010735198Z main TRACE PatternProcessor.getNextTime returning 2024/09/29-00:00:00.000, nextFileTime=2024/09/28-00:00:00.000, prevFileTime=2024/09/28-00:00:00.000, current=2024/09/28-14:36:18.010, freq=DAILY
2024-09-28T14:36:18.010942523Z main DEBUG Initializing triggering policy SizeBasedTriggeringPolicy(size=10485760)
2024-09-28T14:36:18.011171987Z main DEBUG Building Plugin[name=layout, class=org.apache.logging.log4j.core.layout.PatternLayout].
2024-09-28T14:36:18.011721428Z main DEBUG PatternLayout$Builder(pattern="%d{yyyy-MM-dd HH:mm:ss,SSS} %5p %c{1}:%L - %m%n", PatternSelector=null, Configuration(MyApp), Replace=null, charset="null", alwaysWriteExceptions="null", disableAnsi="null", noConsoleNoAnsi="null", header="null", footer="null")
2024-09-28T14:36:18.012253219Z main DEBUG Building Plugin[name=TimeBasedTriggeringPolicy, class=org.apache.logging.log4j.core.appender.rolling.TimeBasedTriggeringPolicy].
2024-09-28T14:36:18.012594755Z main DEBUG TimeBasedTriggeringPolicy$Builder(interval="null", modulate="null", maxRandomDelay="null")
2024-09-28T14:36:18.012779859Z main DEBUG Building Plugin[name=SizeBasedTriggeringPolicy, class=org.apache.logging.log4j.core.appender.rolling.SizeBasedTriggeringPolicy].
2024-09-28T14:36:18.013180347Z main DEBUG createPolicy(size="10 MB")
2024-09-28T14:36:18.013494013Z main DEBUG Building Plugin[name=Policies, class=org.apache.logging.log4j.core.appender.rolling.CompositeTriggeringPolicy].
2024-09-28T14:36:18.013774019Z main DEBUG createPolicy(={TimeBasedTriggeringPolicy(nextRolloverMillis=0, interval=1, modulate=false), SizeBasedTriggeringPolicy(size=10485760)})
2024-09-28T14:36:18.013962623Z main DEBUG Building Plugin[name=DefaultRolloverStrategy, class=org.apache.logging.log4j.core.appender.rolling.DefaultRolloverStrategy].
2024-09-28T14:36:18.014237158Z main DEBUG DefaultRolloverStrategy$Builder(max="20", min="null", fileIndex="null", compressionLevel="null", ={}, stopCustomActionsOnError="null", tempCompressedFilePattern="null", Configuration(MyApp))
2024-09-28T14:36:18.014435572Z main DEBUG Building Plugin[name=appender, class=org.apache.logging.log4j.core.appender.RollingFileAppender].
2024-09-28T14:36:18.014932272Z main DEBUG RollingFileAppender$Builder(fileName="../logs/swccg_chat.log", filePattern="../logs/${date:yyyy-MM}/app-%d{MM-dd-yyyy}-%i.log.gz", append="null", locking="null", Policies(CompositeTriggeringPolicy(policies=[TimeBasedTriggeringPolicy(nextRolloverMillis=0, interval=1, modulate=false), SizeBasedTriggeringPolicy(size=10485760)])), DefaultRolloverStrategy(DefaultRolloverStrategy(min=1, max=20, useMax=true)), advertise="null", advertiseUri="null", createOnDemand="null", filePermissions="null", fileOwner="null", fileGroup="null", bufferedIo="null", bufferSize="null", immediateFlush="null", ignoreExceptions="null", PatternLayout(%d{yyyy-MM-dd HH:mm:ss,SSS} %5p %c{1}:%L - %m%n), name="chat", Configuration(MyApp), Filter=null, ={})
2024-09-28T14:36:18.016340180Z main TRACE New file '../logs/swccg_chat.log' created = false
2024-09-28T14:36:18.017881402Z main INFO Unable to obtain file creation time for /opt/gemp-swccg/src/../logs/swccg_chat.log
2024-09-28T14:36:18.018419253Z main DEBUG Starting RollingFileManager ../logs/swccg_chat.log
2024-09-28T14:36:18.018665418Z main DEBUG PluginManager 'FileConverter' found 2 plugins
2024-09-28T14:36:18.019026495Z main DEBUG Setting prev file time to 2024-09-28T14:16:03.008+0000
2024-09-28T14:36:18.019215459Z main DEBUG Initializing triggering policy CompositeTriggeringPolicy(policies=[TimeBasedTriggeringPolicy(nextRolloverMillis=0, interval=1, modulate=false), SizeBasedTriggeringPolicy(size=10485760)])
2024-09-28T14:36:18.019398343Z main DEBUG Initializing triggering policy TimeBasedTriggeringPolicy(nextRolloverMillis=0, interval=1, modulate=false)
2024-09-28T14:36:18.019945224Z main TRACE PatternProcessor.getNextTime returning 2024/09/29-00:00:00.000, nextFileTime=2024/09/28-00:00:00.000, prevFileTime=1970/01/01-00:00:00.000, current=2024/09/28-14:36:18.019, freq=DAILY
2024-09-28T14:36:18.020452504Z main TRACE PatternProcessor.getNextTime returning 2024/09/29-00:00:00.000, nextFileTime=2024/09/28-00:00:00.000, prevFileTime=2024/09/28-00:00:00.000, current=2024/09/28-14:36:18.020, freq=DAILY
2024-09-28T14:36:18.020627918Z main DEBUG Initializing triggering policy SizeBasedTriggeringPolicy(size=10485760)
2024-09-28T14:36:18.020817012Z main DEBUG Building Plugin[name=appenders, class=org.apache.logging.log4j.core.config.AppendersPlugin].
2024-09-28T14:36:18.021167419Z main DEBUG createAppenders(={stdout, mainlog, chat})
2024-09-28T14:36:18.021466065Z main DEBUG Building Plugin[name=AppenderRef, class=org.apache.logging.log4j.core.config.AppenderRef].
2024-09-28T14:36:18.021753541Z main DEBUG createAppenderRef(ref="stdout", level="null", Filter=null)
2024-09-28T14:36:18.022909674Z main DEBUG Building Plugin[name=logger, class=org.apache.logging.log4j.core.config.LoggerConfig].
2024-09-28T14:36:18.025542108Z main DEBUG LoggerConfig$Builder(additivity="false", level="DEBUG", levelAndRefs="null", name="com.gempukku", includeLocation="null", ={stdout}, ={}, Configuration(MyApp), Filter=null)
2024-09-28T14:36:18.027012907Z main DEBUG Building Plugin[name=AppenderRef, class=org.apache.logging.log4j.core.config.AppenderRef].
2024-09-28T14:36:18.027353524Z main DEBUG createAppenderRef(ref="chat", level="null", Filter=null)
2024-09-28T14:36:18.027530698Z main DEBUG Building Plugin[name=logger, class=org.apache.logging.log4j.core.config.LoggerConfig].
2024-09-28T14:36:18.027855084Z main DEBUG LoggerConfig$Builder(additivity="null", level="ALL", levelAndRefs="null", name="chat", includeLocation="null", ={chat}, ={}, Configuration(MyApp), Filter=null)
2024-09-28T14:36:18.028052708Z main DEBUG Building Plugin[name=AppenderRef, class=org.apache.logging.log4j.core.config.AppenderRef].
2024-09-28T14:36:18.028368825Z main DEBUG createAppenderRef(ref="stdout", level="null", Filter=null)
2024-09-28T14:36:18.028558378Z main DEBUG Building Plugin[name=AppenderRef, class=org.apache.logging.log4j.core.config.AppenderRef].
2024-09-28T14:36:18.028834584Z main DEBUG createAppenderRef(ref="mainlog", level="null", Filter=null)
2024-09-28T14:36:18.029027088Z main DEBUG Building Plugin[name=root, class=org.apache.logging.log4j.core.config.LoggerConfig$RootLogger].
2024-09-28T14:36:18.030354904Z main DEBUG LoggerConfig$RootLogger$Builder(additivity="null", level="ERROR", levelAndRefs="null", includeLocation="null", ={stdout, mainlog}, ={}, Configuration(MyApp), Filter=null)
2024-09-28T14:36:18.030568599Z main DEBUG Building Plugin[name=loggers, class=org.apache.logging.log4j.core.config.LoggersPlugin].
2024-09-28T14:36:18.031147680Z main DEBUG createLoggers(={com.gempukku, chat, root})
2024-09-28T14:36:18.031876285Z main DEBUG Configuration XmlConfiguration[location=/opt/gemp-swccg/src/gemp-swccg-async/src/main/resources/prod-log4j.xml] initialized
2024-09-28T14:36:18.032055698Z main DEBUG Starting configuration XmlConfiguration[location=/opt/gemp-swccg/src/gemp-swccg-async/src/main/resources/prod-log4j.xml]
2024-09-28T14:36:18.032262143Z main DEBUG Started configuration XmlConfiguration[location=/opt/gemp-swccg/src/gemp-swccg-async/src/main/resources/prod-log4j.xml] OK.
2024-09-28T14:36:18.032690871Z main TRACE Stopping org.apache.logging.log4j.core.config.DefaultConfiguration@c46bcd4...
2024-09-28T14:36:18.032909976Z main TRACE DefaultConfiguration notified 1 ReliabilityStrategies that config will be stopped.
2024-09-28T14:36:18.033156370Z main TRACE DefaultConfiguration stopping root LoggerConfig.
2024-09-28T14:36:18.033406636Z main TRACE DefaultConfiguration notifying ReliabilityStrategies that appenders will be stopped.
2024-09-28T14:36:18.033630920Z main TRACE DefaultConfiguration stopping remaining Appenders.
2024-09-28T14:36:18.033822664Z main DEBUG Shutting down OutputStreamManager SYSTEM_OUT.false.false-1
2024-09-28T14:36:18.034011778Z main DEBUG OutputStream closed
2024-09-28T14:36:18.034186181Z main DEBUG Shut down OutputStreamManager SYSTEM_OUT.false.false-1, all resources released: true
2024-09-28T14:36:18.034370175Z main DEBUG Appender DefaultConsole-1 stopped with status true
2024-09-28T14:36:18.034589159Z main TRACE DefaultConfiguration stopped 1 remaining Appenders.
2024-09-28T14:36:18.034779663Z main TRACE DefaultConfiguration cleaning Appenders from 1 LoggerConfigs.
2024-09-28T14:36:18.035028278Z main DEBUG Stopped org.apache.logging.log4j.core.config.DefaultConfiguration@c46bcd4 OK
2024-09-28T14:36:18.111079201Z main TRACE Reregistering MBeans after reconfigure. Selector=org.apache.logging.log4j.core.selector.ClassLoaderContextSelector@c333c60
2024-09-28T14:36:18.111389538Z main TRACE Reregistering context (1/1): '4f2410ac' org.apache.logging.log4j.core.LoggerContext@2f490758
2024-09-28T14:36:18.111651163Z main TRACE Unregistering but no MBeans found matching 'org.apache.logging.log4j2:type=4f2410ac'
2024-09-28T14:36:18.111987520Z main TRACE Unregistering but no MBeans found matching 'org.apache.logging.log4j2:type=4f2410ac,component=StatusLogger'
2024-09-28T14:36:18.112199534Z main TRACE Unregistering but no MBeans found matching 'org.apache.logging.log4j2:type=4f2410ac,component=ContextSelector'
2024-09-28T14:36:18.112524620Z main TRACE Unregistering but no MBeans found matching 'org.apache.logging.log4j2:type=4f2410ac,component=Loggers,name=*'
2024-09-28T14:36:18.112827746Z main TRACE Unregistering but no MBeans found matching 'org.apache.logging.log4j2:type=4f2410ac,component=Appenders,name=*'
2024-09-28T14:36:18.113044231Z main TRACE Unregistering but no MBeans found matching 'org.apache.logging.log4j2:type=4f2410ac,component=AsyncAppenders,name=*'
2024-09-28T14:36:18.113356887Z main TRACE Unregistering but no MBeans found matching 'org.apache.logging.log4j2:type=4f2410ac,component=AsyncLoggerRingBuffer'
2024-09-28T14:36:18.113571401Z main TRACE Unregistering but no MBeans found matching 'org.apache.logging.log4j2:type=4f2410ac,component=Loggers,name=*,subtype=RingBuffer'
2024-09-28T14:36:18.114878737Z main DEBUG Registering MBean org.apache.logging.log4j2:type=4f2410ac
2024-09-28T14:36:18.116648183Z main DEBUG Registering MBean org.apache.logging.log4j2:type=4f2410ac,component=StatusLogger
2024-09-28T14:36:18.117817136Z main DEBUG Registering MBean org.apache.logging.log4j2:type=4f2410ac,component=ContextSelector
2024-09-28T14:36:18.118937529Z main DEBUG Registering MBean org.apache.logging.log4j2:type=4f2410ac,component=Loggers,name=
2024-09-28T14:36:18.119325386Z main DEBUG Registering MBean org.apache.logging.log4j2:type=4f2410ac,component=Loggers,name=com.gempukku
2024-09-28T14:36:18.119580232Z main DEBUG Registering MBean org.apache.logging.log4j2:type=4f2410ac,component=Loggers,name=chat
2024-09-28T14:36:18.120599602Z main DEBUG Registering MBean org.apache.logging.log4j2:type=4f2410ac,component=Appenders,name=mainlog
2024-09-28T14:36:18.120993030Z main DEBUG Registering MBean org.apache.logging.log4j2:type=4f2410ac,component=Appenders,name=stdout
2024-09-28T14:36:18.121329507Z main DEBUG Registering MBean org.apache.logging.log4j2:type=4f2410ac,component=Appenders,name=chat
2024-09-28T14:36:18.122307906Z main TRACE Using default SystemClock for timestamps.
2024-09-28T14:36:18.122456199Z main DEBUG org.apache.logging.log4j.core.util.SystemClock does not support precise timestamps.
2024-09-28T14:36:18.122637803Z main TRACE Using DummyNanoClock for nanosecond timestamps.
2024-09-28T14:36:18.122822527Z main DEBUG Reconfiguration complete for context[name=4f2410ac] at URI /opt/gemp-swccg/src/gemp-swccg-async/src/main/resources/prod-log4j.xml (org.apache.logging.log4j.core.LoggerContext@2f490758) with optional ClassLoader: null
2024-09-28T14:36:18.123011570Z main DEBUG Shutdown hook enabled. Registering a new one.
2024-09-28T14:36:18.124376928Z main DEBUG LoggerContext[name=4f2410ac, org.apache.logging.log4j.core.LoggerContext@2f490758] started OK.
Property.....: port
GempukkuServer loading prerequisites...
GempukkuServer loading DAOs...
Property.....: db.connection.class
Property.....: db.connection.url
Property.....: db.connection.hostname
Property.....: db.connection.dbname
DB Hostname..: gemp_swccg_db_1
DB Name......: gemp-swccg
DB URL.......: jdbc:mysql://gemp_swccg_db_1/gemp-swccg
Property.....: db.connection.username
Property.....: db.connection.password
2024-09-28T14:36:18.165875296Z main WARN Runtime environment or build system does not support multi-release JARs. This will impact location-based features.
Property.....: db.connection.validateQuery
GempukkuServer loading card products...
GempukkuServer loading services...
Loading set 1
Loading set 2
Loading set 3
Loading set 4
Loading set 5
Loading set 6
Loading set 7
Loading set 8
Loading set 9
Loading set 10
Loading set 11
Loading set 12
Loading set 13
Loading set 14
Loading set 101
Loading set 102
Loading set 103
Loading set 104
Loading set 105
Loading set 106
Loading set 107
Loading set 108
Loading set 109
Loading set 110
Loading set 111
Loading set 112
Loading set 200
Loading set 201
Loading set 202
Loading set 203
Loading set 204
Loading set 205
Loading set 206
Loading set 207
Loading set 208
Loading set 209
Loading set 210
Loading set 211
Loading set 212
Loading set 213
Loading set 214
Loading set 215
Loading set 216
Loading set 217
Loading set 218
Loading set 219
Loading set 220
Loading set 221
Loading set 222
Loading set 223
Loading set 301
Loading set 401
Loading set 601
Loading set 1
Loading set 2
Loading set 3
Loading set 4
Loading set 5
Loading set 6
Loading set 7
Loading set 8
Loading set 9
Loading set 10
Loading set 11
Loading set 12
Loading set 13
Loading set 14
Loading set 101
Loading set 102
Loading set 103
Loading set 104
Loading set 105
Loading set 106
Loading set 107
Loading set 108
Loading set 109
Loading set 110
Loading set 111
Loading set 112
Loading set 200
Loading set 201
Loading set 202
Loading set 203
Loading set 204
Loading set 205
Loading set 206
Loading set 207
Loading set 208
Loading set 209
Loading set 210
Loading set 211
Loading set 212
Loading set 213
Loading set 214
Loading set 215
Loading set 216
Loading set 217
Loading set 218
Loading set 219
Loading set 220
Loading set 221
Loading set 222
Loading set 223
Loading set 301
Loading set 401
Loading set 501
Loading set 601
2024-09-28T14:36:21.699304762Z main DEBUG PluginManager 'Lookup' found 16 plugins
2024-09-28T14:36:21.700438625Z main DEBUG PluginManager 'Converter' found 45 plugins
2024-09-28T14:36:21.701164329Z main DEBUG Starting OutputStreamManager SYSTEM_OUT.false.false-2
2024-09-28T14:36:21.701449838Z main DEBUG Starting LoggerContext[name=Default, org.apache.logging.log4j.core.LoggerContext@6f36e806]...
2024-09-28T14:36:21.701724414Z main DEBUG Reconfiguration started for context[name=Default] at URI null (org.apache.logging.log4j.core.LoggerContext@6f36e806) with optional ClassLoader: null
2024-09-28T14:36:21.701948158Z main DEBUG Using configurationFactory org.apache.logging.log4j.core.config.ConfigurationFactory$Factory@17776a8
2024-09-28T14:36:21.705686653Z main DEBUG PluginManager 'Lookup' found 16 plugins
2024-09-28T14:36:21.706825566Z main DEBUG Closing FileInputStream java.io.FileInputStream@4c24c40a
2024-09-28T14:36:21.709499729Z main DEBUG null null initializing configuration XmlConfiguration[location=/opt/gemp-swccg/src/gemp-swccg-async/src/main/resources/prod-log4j.xml]
2024-09-28T14:36:21.709807056Z main DEBUG PluginManager 'Core' found 131 plugins
2024-09-28T14:36:21.709987729Z main DEBUG PluginManager 'Level' found 0 plugins
2024-09-28T14:36:21.710684093Z main DEBUG PluginManager 'Lookup' found 16 plugins
2024-09-28T14:36:21.710969269Z main DEBUG Building Plugin[name=layout, class=org.apache.logging.log4j.core.layout.PatternLayout].
2024-09-28T14:36:21.711338796Z main DEBUG PatternLayout$Builder(pattern="%m%n", PatternSelector=null, Configuration(MyApp), Replace=null, charset="null", alwaysWriteExceptions="null", disableAnsi="null", noConsoleNoAnsi="null", header="null", footer="null")
2024-09-28T14:36:21.711535320Z main DEBUG PluginManager 'Converter' found 45 plugins
2024-09-28T14:36:21.711804165Z main DEBUG Building Plugin[name=appender, class=org.apache.logging.log4j.core.appender.ConsoleAppender].
2024-09-28T14:36:21.712132912Z main DEBUG ConsoleAppender$Builder(target="SYSTEM_OUT", follow="null", direct="null", bufferedIo="null", bufferSize="null", immediateFlush="null", ignoreExceptions="null", PatternLayout(%m%n), name="stdout", Configuration(MyApp), Filter=null, ={})
2024-09-28T14:36:21.714354804Z main DEBUG Building Plugin[name=layout, class=org.apache.logging.log4j.core.layout.PatternLayout].
2024-09-28T14:36:21.714810986Z main DEBUG PatternLayout$Builder(pattern="%d{yyyy-MM-dd HH:mm:ss,SSS} %5p %c{1}:%L - %m%n", PatternSelector=null, Configuration(MyApp), Replace=null, charset="null", alwaysWriteExceptions="null", disableAnsi="null", noConsoleNoAnsi="null", header="null", footer="null")
2024-09-28T14:36:21.715240484Z main DEBUG Building Plugin[name=TimeBasedTriggeringPolicy, class=org.apache.logging.log4j.core.appender.rolling.TimeBasedTriggeringPolicy].
2024-09-28T14:36:21.715450499Z main DEBUG TimeBasedTriggeringPolicy$Builder(interval="null", modulate="null", maxRandomDelay="null")
2024-09-28T14:36:21.715622219Z main DEBUG Building Plugin[name=SizeBasedTriggeringPolicy, class=org.apache.logging.log4j.core.appender.rolling.SizeBasedTriggeringPolicy].
2024-09-28T14:36:21.715972399Z main DEBUG createPolicy(size="10 MB")
2024-09-28T14:36:21.716331646Z main DEBUG Building Plugin[name=Policies, class=org.apache.logging.log4j.core.appender.rolling.CompositeTriggeringPolicy].
2024-09-28T14:36:21.716585309Z main DEBUG createPolicy(={TimeBasedTriggeringPolicy(nextRolloverMillis=0, interval=1, modulate=false), SizeBasedTriggeringPolicy(size=10485760)})
2024-09-28T14:36:21.716761705Z main DEBUG Building Plugin[name=DefaultRolloverStrategy, class=org.apache.logging.log4j.core.appender.rolling.DefaultRolloverStrategy].
2024-09-28T14:36:21.717051578Z main DEBUG DefaultRolloverStrategy$Builder(max="20", min="null", fileIndex="null", compressionLevel="null", ={}, stopCustomActionsOnError="null", tempCompressedFilePattern="null", Configuration(MyApp))
2024-09-28T14:36:21.717229024Z main DEBUG Building Plugin[name=appender, class=org.apache.logging.log4j.core.appender.RollingFileAppender].
2024-09-28T14:36:21.717965219Z main DEBUG RollingFileAppender$Builder(fileName="../logs/gemp-swccg.log", filePattern="../logs/${date:yyyy-MM}/app-%d{MM-dd-yyyy}-%i.log.gz", append="null", locking="null", Policies(CompositeTriggeringPolicy(policies=[TimeBasedTriggeringPolicy(nextRolloverMillis=0, interval=1, modulate=false), SizeBasedTriggeringPolicy(size=10485760)])), DefaultRolloverStrategy(DefaultRolloverStrategy(min=1, max=20, useMax=true)), advertise="null", advertiseUri="null", createOnDemand="null", filePermissions="null", fileOwner="null", fileGroup="null", bufferedIo="null", bufferSize="null", immediateFlush="null", ignoreExceptions="null", PatternLayout(%d{yyyy-MM-dd HH:mm:ss,SSS} %5p %c{1}:%L - %m%n), name="mainlog", Configuration(MyApp), Filter=null, ={})
2024-09-28T14:36:21.718231484Z main DEBUG PluginManager 'FileConverter' found 2 plugins
2024-09-28T14:36:21.718711101Z main DEBUG Initializing triggering policy TimeBasedTriggeringPolicy(nextRolloverMillis=0, interval=1, modulate=false)
2024-09-28T14:36:21.719265865Z main TRACE PatternProcessor.getNextTime returning 2024/09/29-00:00:00.000, nextFileTime=2024/09/28-00:00:00.000, prevFileTime=2024/09/28-00:00:00.000, current=2024/09/28-14:36:21.719, freq=DAILY
2024-09-28T14:36:21.719748885Z main TRACE PatternProcessor.getNextTime returning 2024/09/29-00:00:00.000, nextFileTime=2024/09/28-00:00:00.000, prevFileTime=2024/09/28-00:00:00.000, current=2024/09/28-14:36:21.719, freq=DAILY
2024-09-28T14:36:21.719959799Z main DEBUG Initializing triggering policy SizeBasedTriggeringPolicy(size=10485760)
2024-09-28T14:36:21.720159053Z main DEBUG Building Plugin[name=layout, class=org.apache.logging.log4j.core.layout.PatternLayout].
2024-09-28T14:36:21.720512517Z main DEBUG PatternLayout$Builder(pattern="%d{yyyy-MM-dd HH:mm:ss,SSS} %5p %c{1}:%L - %m%n", PatternSelector=null, Configuration(MyApp), Replace=null, charset="null", alwaysWriteExceptions="null", disableAnsi="null", noConsoleNoAnsi="null", header="null", footer="null")
2024-09-28T14:36:21.720980650Z main DEBUG Building Plugin[name=TimeBasedTriggeringPolicy, class=org.apache.logging.log4j.core.appender.rolling.TimeBasedTriggeringPolicy].
2024-09-28T14:36:21.721209504Z main DEBUG TimeBasedTriggeringPolicy$Builder(interval="null", modulate="null", maxRandomDelay="null")
2024-09-28T14:36:21.721377957Z main DEBUG Building Plugin[name=SizeBasedTriggeringPolicy, class=org.apache.logging.log4j.core.appender.rolling.SizeBasedTriggeringPolicy].
2024-09-28T14:36:21.721641143Z main DEBUG createPolicy(size="10 MB")
2024-09-28T14:36:21.721888448Z main DEBUG Building Plugin[name=Policies, class=org.apache.logging.log4j.core.appender.rolling.CompositeTriggeringPolicy].
2024-09-28T14:36:21.722096262Z main DEBUG createPolicy(={TimeBasedTriggeringPolicy(nextRolloverMillis=0, interval=1, modulate=false), SizeBasedTriggeringPolicy(size=10485760)})
2024-09-28T14:36:21.722286546Z main DEBUG Building Plugin[name=DefaultRolloverStrategy, class=org.apache.logging.log4j.core.appender.rolling.DefaultRolloverStrategy].
2024-09-28T14:36:21.722533541Z main DEBUG DefaultRolloverStrategy$Builder(max="20", min="null", fileIndex="null", compressionLevel="null", ={}, stopCustomActionsOnError="null", tempCompressedFilePattern="null", Configuration(MyApp))
2024-09-28T14:36:21.722883028Z main DEBUG Building Plugin[name=appender, class=org.apache.logging.log4j.core.appender.RollingFileAppender].
2024-09-28T14:36:21.723233335Z main DEBUG RollingFileAppender$Builder(fileName="../logs/swccg_chat.log", filePattern="../logs/${date:yyyy-MM}/app-%d{MM-dd-yyyy}-%i.log.gz", append="null", locking="null", Policies(CompositeTriggeringPolicy(policies=[TimeBasedTriggeringPolicy(nextRolloverMillis=0, interval=1, modulate=false), SizeBasedTriggeringPolicy(size=10485760)])), DefaultRolloverStrategy(DefaultRolloverStrategy(min=1, max=20, useMax=true)), advertise="null", advertiseUri="null", createOnDemand="null", filePermissions="null", fileOwner="null", fileGroup="null", bufferedIo="null", bufferSize="null", immediateFlush="null", ignoreExceptions="null", PatternLayout(%d{yyyy-MM-dd HH:mm:ss,SSS} %5p %c{1}:%L - %m%n), name="chat", Configuration(MyApp), Filter=null, ={})
2024-09-28T14:36:21.723617120Z main DEBUG PluginManager 'FileConverter' found 2 plugins
2024-09-28T14:36:21.723889808Z main DEBUG Initializing triggering policy TimeBasedTriggeringPolicy(nextRolloverMillis=0, interval=1, modulate=false)
2024-09-28T14:36:21.724303756Z main TRACE PatternProcessor.getNextTime returning 2024/09/29-00:00:00.000, nextFileTime=2024/09/28-00:00:00.000, prevFileTime=2024/09/28-00:00:00.000, current=2024/09/28-14:36:21.724, freq=DAILY
2024-09-28T14:36:21.724711485Z main TRACE PatternProcessor.getNextTime returning 2024/09/29-00:00:00.000, nextFileTime=2024/09/28-00:00:00.000, prevFileTime=2024/09/28-00:00:00.000, current=2024/09/28-14:36:21.724, freq=DAILY
2024-09-28T14:36:21.724905578Z main DEBUG Initializing triggering policy SizeBasedTriggeringPolicy(size=10485760)
2024-09-28T14:36:21.725187224Z main DEBUG Building Plugin[name=appenders, class=org.apache.logging.log4j.core.config.AppendersPlugin].
2024-09-28T14:36:21.725449199Z main DEBUG createAppenders(={stdout, mainlog, chat})
2024-09-28T14:36:21.725651503Z main DEBUG Building Plugin[name=AppenderRef, class=org.apache.logging.log4j.core.config.AppenderRef].
2024-09-28T14:36:21.725930379Z main DEBUG createAppenderRef(ref="stdout", level="null", Filter=null)
2024-09-28T14:36:21.726129503Z main DEBUG Building Plugin[name=logger, class=org.apache.logging.log4j.core.config.LoggerConfig].
2024-09-28T14:36:21.726433239Z main DEBUG LoggerConfig$Builder(additivity="false", level="DEBUG", levelAndRefs="null", name="com.gempukku", includeLocation="null", ={stdout}, ={}, Configuration(MyApp), Filter=null)
2024-09-28T14:36:21.726659733Z main DEBUG Building Plugin[name=AppenderRef, class=org.apache.logging.log4j.core.config.AppenderRef].
2024-09-28T14:36:21.726929539Z main DEBUG createAppenderRef(ref="chat", level="null", Filter=null)
2024-09-28T14:36:21.727111222Z main DEBUG Building Plugin[name=logger, class=org.apache.logging.log4j.core.config.LoggerConfig].
2024-09-28T14:36:21.727363217Z main DEBUG LoggerConfig$Builder(additivity="null", level="ALL", levelAndRefs="null", name="chat", includeLocation="null", ={chat}, ={}, Configuration(MyApp), Filter=null)
2024-09-28T14:36:21.727532971Z main DEBUG Building Plugin[name=AppenderRef, class=org.apache.logging.log4j.core.config.AppenderRef].
2024-09-28T14:36:21.727763573Z main DEBUG createAppenderRef(ref="stdout", level="null", Filter=null)
2024-09-28T14:36:21.727923089Z main DEBUG Building Plugin[name=AppenderRef, class=org.apache.logging.log4j.core.config.AppenderRef].
2024-09-28T14:36:21.728139143Z main DEBUG createAppenderRef(ref="mainlog", level="null", Filter=null)
2024-09-28T14:36:21.728281306Z main DEBUG Building Plugin[name=root, class=org.apache.logging.log4j.core.config.LoggerConfig$RootLogger].
2024-09-28T14:36:21.728561591Z main DEBUG LoggerConfig$RootLogger$Builder(additivity="null", level="ERROR", levelAndRefs="null", includeLocation="null", ={stdout, mainlog}, ={}, Configuration(MyApp), Filter=null)
2024-09-28T14:36:21.728737855Z main DEBUG Building Plugin[name=loggers, class=org.apache.logging.log4j.core.config.LoggersPlugin].
2024-09-28T14:36:21.728941619Z main DEBUG createLoggers(={com.gempukku, chat, root})
2024-09-28T14:36:21.729152353Z main DEBUG Configuration XmlConfiguration[location=/opt/gemp-swccg/src/gemp-swccg-async/src/main/resources/prod-log4j.xml] initialized
2024-09-28T14:36:21.729327337Z main DEBUG Starting configuration XmlConfiguration[location=/opt/gemp-swccg/src/gemp-swccg-async/src/main/resources/prod-log4j.xml]
2024-09-28T14:36:21.729485500Z main DEBUG Started configuration XmlConfiguration[location=/opt/gemp-swccg/src/gemp-swccg-async/src/main/resources/prod-log4j.xml] OK.
2024-09-28T14:36:21.729685024Z main TRACE Stopping org.apache.logging.log4j.core.config.DefaultConfiguration@22b10124...
2024-09-28T14:36:21.729890628Z main TRACE DefaultConfiguration notified 1 ReliabilityStrategies that config will be stopped.
2024-09-28T14:36:21.730088202Z main TRACE DefaultConfiguration stopping root LoggerConfig.
2024-09-28T14:36:21.730225465Z main TRACE DefaultConfiguration notifying ReliabilityStrategies that appenders will be stopped.
2024-09-28T14:36:21.730361468Z main TRACE DefaultConfiguration stopping remaining Appenders.
2024-09-28T14:36:21.730541151Z main DEBUG Shutting down OutputStreamManager SYSTEM_OUT.false.false-2
2024-09-28T14:36:21.730814527Z main DEBUG OutputStream closed
2024-09-28T14:36:21.730998831Z main DEBUG Shut down OutputStreamManager SYSTEM_OUT.false.false-2, all resources released: true
2024-09-28T14:36:21.731211885Z main DEBUG Appender DefaultConsole-2 stopped with status true
2024-09-28T14:36:21.731376788Z main TRACE DefaultConfiguration stopped 1 remaining Appenders.
2024-09-28T14:36:21.731536868Z main TRACE DefaultConfiguration cleaning Appenders from 1 LoggerConfigs.
2024-09-28T14:36:21.731715885Z main DEBUG Stopped org.apache.logging.log4j.core.config.DefaultConfiguration@22b10124 OK
2024-09-28T14:36:21.731898498Z main TRACE Reregistering MBeans after reconfigure. Selector=org.apache.logging.log4j.core.selector.ClassLoaderContextSelector@c333c60
2024-09-28T14:36:21.732072802Z main TRACE Reregistering context (1/1): '4f2410ac' org.apache.logging.log4j.core.LoggerContext@2f490758
2024-09-28T14:36:21.732399148Z main TRACE Unregistering 1 MBeans: [org.apache.logging.log4j2:type=4f2410ac]
2024-09-28T14:36:21.732675184Z main TRACE Unregistering 1 MBeans: [org.apache.logging.log4j2:type=4f2410ac,component=StatusLogger]
2024-09-28T14:36:21.732913796Z main TRACE Unregistering 1 MBeans: [org.apache.logging.log4j2:type=4f2410ac,component=ContextSelector]
2024-09-28T14:36:21.733268096Z main TRACE Unregistering 3 MBeans: [org.apache.logging.log4j2:type=4f2410ac,component=Loggers,name=, org.apache.logging.log4j2:type=4f2410ac,component=Loggers,name=com.gempukku, org.apache.logging.log4j2:type=4f2410ac,component=Loggers,name=chat]
2024-09-28T14:36:21.733583702Z main TRACE Unregistering 3 MBeans: [org.apache.logging.log4j2:type=4f2410ac,component=Appenders,name=stdout, org.apache.logging.log4j2:type=4f2410ac,component=Appenders,name=chat, org.apache.logging.log4j2:type=4f2410ac,component=Appenders,name=mainlog]
2024-09-28T14:36:21.733910469Z main TRACE Unregistering but no MBeans found matching 'org.apache.logging.log4j2:type=4f2410ac,component=AsyncAppenders,name=*'
2024-09-28T14:36:21.734161224Z main TRACE Unregistering but no MBeans found matching 'org.apache.logging.log4j2:type=4f2410ac,component=AsyncLoggerRingBuffer'
2024-09-28T14:36:21.734346197Z main TRACE Unregistering but no MBeans found matching 'org.apache.logging.log4j2:type=4f2410ac,component=Loggers,name=*,subtype=RingBuffer'
2024-09-28T14:36:21.734521971Z main DEBUG Registering MBean org.apache.logging.log4j2:type=4f2410ac
2024-09-28T14:36:21.734761076Z main DEBUG Registering MBean org.apache.logging.log4j2:type=4f2410ac,component=StatusLogger
2024-09-28T14:36:21.735024581Z main DEBUG Registering MBean org.apache.logging.log4j2:type=4f2410ac,component=ContextSelector
2024-09-28T14:36:21.735234245Z main DEBUG Registering MBean org.apache.logging.log4j2:type=4f2410ac,component=Loggers,name=
2024-09-28T14:36:21.735421009Z main DEBUG Registering MBean org.apache.logging.log4j2:type=4f2410ac,component=Loggers,name=com.gempukku
2024-09-28T14:36:21.735609963Z main DEBUG Registering MBean org.apache.logging.log4j2:type=4f2410ac,component=Loggers,name=chat
2024-09-28T14:36:21.735841227Z main DEBUG Registering MBean org.apache.logging.log4j2:type=4f2410ac,component=Appenders,name=mainlog
2024-09-28T14:36:21.736038191Z main DEBUG Registering MBean org.apache.logging.log4j2:type=4f2410ac,component=Appenders,name=stdout
2024-09-28T14:36:21.736263486Z main DEBUG Registering MBean org.apache.logging.log4j2:type=4f2410ac,component=Appenders,name=chat
2024-09-28T14:36:21.736455290Z main TRACE Using DummyNanoClock for nanosecond timestamps.
2024-09-28T14:36:21.736618723Z main DEBUG Reconfiguration complete for context[name=Default] at URI /opt/gemp-swccg/src/gemp-swccg-async/src/main/resources/prod-log4j.xml (org.apache.logging.log4j.core.LoggerContext@6f36e806) with optional ClassLoader: null
2024-09-28T14:36:21.736881026Z main DEBUG Shutdown hook enabled. Registering a new one.
2024-09-28T14:36:21.737098443Z main DEBUG LoggerContext[name=Default, org.apache.logging.log4j.core.LoggerContext@6f36e806] started OK.
System: Welcome to room: Game Hall
GempukkuServer starting servers...
Adding server: class com.gempukku.swccgo.hall.HallServer
Started: HallServer
Adding server: class com.gempukku.swccgo.game.SwccgoServer
Started: SwccgoServer
Adding server: class com.gempukku.swccgo.chat.ChatServer
Started: ChatServer
GempukkuServer startup complete.
Property.....: web.path
Property.....: origin.allowed.pattern
2024-09-28T14:41:37.218053997Z pool-1-thread-1 DEBUG Stopping LoggerContext[name=4f2410ac, org.apache.logging.log4j.core.LoggerContext@2f490758]
2024-09-28T14:41:37.218537687Z pool-1-thread-1 DEBUG Stopping LoggerContext[name=4f2410ac, org.apache.logging.log4j.core.LoggerContext@2f490758]...
2024-09-28T14:41:37.218950625Z pool-1-thread-1 TRACE Unregistering 1 MBeans: [org.apache.logging.log4j2:type=4f2410ac]
2024-09-28T14:41:37.219219111Z pool-1-thread-1 TRACE Unregistering 1 MBeans: [org.apache.logging.log4j2:type=4f2410ac,component=StatusLogger]
2024-09-28T14:41:37.219452456Z pool-1-thread-1 TRACE Unregistering 1 MBeans: [org.apache.logging.log4j2:type=4f2410ac,component=ContextSelector]
2024-09-28T14:41:37.219783133Z pool-1-thread-1 TRACE Unregistering 3 MBeans: [org.apache.logging.log4j2:type=4f2410ac,component=Loggers,name=, org.apache.logging.log4j2:type=4f2410ac,component=Loggers,name=com.gempukku, org.apache.logging.log4j2:type=4f2410ac,component=Loggers,name=chat]
2024-09-28T14:41:37.220041088Z pool-1-thread-1 TRACE Unregistering 3 MBeans: [org.apache.logging.log4j2:type=4f2410ac,component=Appenders,name=stdout, org.apache.logging.log4j2:type=4f2410ac,component=Appenders,name=chat, org.apache.logging.log4j2:type=4f2410ac,component=Appenders,name=mainlog]
2024-09-28T14:41:37.220342175Z pool-1-thread-1 TRACE Unregistering but no MBeans found matching 'org.apache.logging.log4j2:type=4f2410ac,component=AsyncAppenders,name=*'
2024-09-28T14:41:37.220584609Z pool-1-thread-1 TRACE Unregistering but no MBeans found matching 'org.apache.logging.log4j2:type=4f2410ac,component=AsyncLoggerRingBuffer'
2024-09-28T14:41:37.220781133Z pool-1-thread-1 TRACE Unregistering but no MBeans found matching 'org.apache.logging.log4j2:type=4f2410ac,component=Loggers,name=*,subtype=RingBuffer'
2024-09-28T14:41:37.221484818Z pool-1-thread-1 TRACE Stopping XmlConfiguration[location=/opt/gemp-swccg/src/gemp-swccg-async/src/main/resources/prod-log4j.xml]...
2024-09-28T14:41:37.221663102Z pool-1-thread-1 TRACE XmlConfiguration notified 4 ReliabilityStrategies that config will be stopped.
2024-09-28T14:41:37.221825695Z pool-1-thread-1 TRACE XmlConfiguration stopping 3 LoggerConfigs.
2024-09-28T14:41:37.221967998Z pool-1-thread-1 TRACE XmlConfiguration stopping root LoggerConfig.
2024-09-28T14:41:37.222108921Z pool-1-thread-1 TRACE XmlConfiguration notifying ReliabilityStrategies that appenders will be stopped.
2024-09-28T14:41:37.222284455Z pool-1-thread-1 TRACE XmlConfiguration stopping remaining Appenders.
2024-09-28T14:41:37.222508570Z pool-1-thread-1 DEBUG Appender chat stopped with status true
2024-09-28T14:41:37.222695534Z pool-1-thread-1 DEBUG Appender stdout stopped with status true
2024-09-28T14:41:37.222826786Z pool-1-thread-1 DEBUG Appender mainlog stopped with status true
2024-09-28T14:41:37.222990230Z pool-1-thread-1 TRACE XmlConfiguration stopped 3 remaining Appenders.
2024-09-28T14:41:37.223137113Z pool-1-thread-1 TRACE XmlConfiguration cleaning Appenders from 4 LoggerConfigs.
2024-09-28T14:41:37.223380858Z pool-1-thread-1 DEBUG Stopped XmlConfiguration[location=/opt/gemp-swccg/src/gemp-swccg-async/src/main/resources/prod-log4j.xml] OK
2024-09-28T14:41:37.223684774Z pool-1-thread-1 DEBUG Stopped LoggerContext[name=4f2410ac, org.apache.logging.log4j.core.LoggerContext@2f490758] with status true
2024-09-28T14:41:37.223904719Z pool-1-thread-1 DEBUG Stopping LoggerContext[name=Default, org.apache.logging.log4j.core.LoggerContext@6f36e806]
2024-09-28T14:41:37.224055632Z pool-1-thread-1 DEBUG Stopping LoggerContext[name=Default, org.apache.logging.log4j.core.LoggerContext@6f36e806]...
2024-09-28T14:41:37.224269827Z pool-1-thread-1 TRACE Unregistering but no MBeans found matching 'org.apache.logging.log4j2:type=Default'
2024-09-28T14:41:37.224428800Z pool-1-thread-1 TRACE Unregistering but no MBeans found matching 'org.apache.logging.log4j2:type=Default,component=StatusLogger'
2024-09-28T14:41:37.224584293Z pool-1-thread-1 TRACE Unregistering but no MBeans found matching 'org.apache.logging.log4j2:type=Default,component=ContextSelector'
2024-09-28T14:41:37.224749897Z pool-1-thread-1 TRACE Unregistering but no MBeans found matching 'org.apache.logging.log4j2:type=Default,component=Loggers,name=*'
2024-09-28T14:41:37.224907780Z pool-1-thread-1 TRACE Unregistering but no MBeans found matching 'org.apache.logging.log4j2:type=Default,component=Appenders,name=*'
2024-09-28T14:41:37.225110955Z pool-1-thread-1 TRACE Unregistering but no MBeans found matching 'org.apache.logging.log4j2:type=Default,component=AsyncAppenders,name=*'
2024-09-28T14:41:37.225289518Z pool-1-thread-1 TRACE Unregistering but no MBeans found matching 'org.apache.logging.log4j2:type=Default,component=AsyncLoggerRingBuffer'
2024-09-28T14:41:37.225455652Z pool-1-thread-1 TRACE Unregistering but no MBeans found matching 'org.apache.logging.log4j2:type=Default,component=Loggers,name=*,subtype=RingBuffer'
2024-09-28T14:41:37.225644546Z pool-1-thread-1 TRACE Stopping XmlConfiguration[location=/opt/gemp-swccg/src/gemp-swccg-async/src/main/resources/prod-log4j.xml]...
2024-09-28T14:41:37.225818709Z pool-1-thread-1 TRACE XmlConfiguration notified 4 ReliabilityStrategies that config will be stopped.
2024-09-28T14:41:37.225951122Z pool-1-thread-1 TRACE XmlConfiguration stopping 3 LoggerConfigs.
2024-09-28T14:41:37.226081865Z pool-1-thread-1 TRACE XmlConfiguration stopping root LoggerConfig.
2024-09-28T14:41:37.226247358Z pool-1-thread-1 TRACE XmlConfiguration notifying ReliabilityStrategies that appenders will be stopped.
2024-09-28T14:41:37.226504694Z pool-1-thread-1 TRACE XmlConfiguration stopping remaining Appenders.
2024-09-28T14:41:37.226639767Z pool-1-thread-1 DEBUG Shutting down RollingFileManager ../logs/swccg_chat.log
2024-09-28T14:41:37.226800650Z pool-1-thread-1 DEBUG Shutting down RollingFileManager ../logs/swccg_chat.log
2024-09-28T14:41:37.227349992Z pool-1-thread-1 DEBUG OutputStream closed
2024-09-28T14:41:37.227666809Z pool-1-thread-1 DEBUG All asynchronous threads have terminated
2024-09-28T14:41:37.227846983Z pool-1-thread-1 DEBUG RollingFileManager shutdown completed with status true
2024-09-28T14:41:37.227992756Z pool-1-thread-1 DEBUG Shut down RollingFileManager ../logs/swccg_chat.log, all resources released: true
2024-09-28T14:41:37.228131638Z pool-1-thread-1 DEBUG Appender chat stopped with status true
2024-09-28T14:41:37.228293832Z pool-1-thread-1 DEBUG Shutting down OutputStreamManager SYSTEM_OUT.false.false
2024-09-28T14:41:37.228439425Z pool-1-thread-1 DEBUG OutputStream closed
2024-09-28T14:41:37.228583768Z pool-1-thread-1 DEBUG Shut down OutputStreamManager SYSTEM_OUT.false.false, all resources released: true
2024-09-28T14:41:37.228721771Z pool-1-thread-1 DEBUG Appender stdout stopped with status true
2024-09-28T14:41:37.228855324Z pool-1-thread-1 DEBUG Shutting down RollingFileManager ../logs/gemp-swccg.log
2024-09-28T14:41:37.229016847Z pool-1-thread-1 DEBUG Shutting down RollingFileManager ../logs/gemp-swccg.log
2024-09-28T14:41:37.229485887Z pool-1-thread-1 DEBUG OutputStream closed
2024-09-28T14:41:37.229658531Z pool-1-thread-1 DEBUG All asynchronous threads have terminated
2024-09-28T14:41:37.229814564Z pool-1-thread-1 DEBUG RollingFileManager shutdown completed with status true
2024-09-28T14:41:37.229954897Z pool-1-thread-1 DEBUG Shut down RollingFileManager ../logs/gemp-swccg.log, all resources released: true
2024-09-28T14:41:37.230086850Z pool-1-thread-1 DEBUG Appender mainlog stopped with status true
2024-09-28T14:41:37.230223353Z pool-1-thread-1 TRACE XmlConfiguration stopped 3 remaining Appenders.
2024-09-28T14:41:37.230363526Z pool-1-thread-1 TRACE XmlConfiguration cleaning Appenders from 4 LoggerConfigs.
2024-09-28T14:41:37.230527789Z pool-1-thread-1 DEBUG Stopped XmlConfiguration[location=/opt/gemp-swccg/src/gemp-swccg-async/src/main/resources/prod-log4j.xml] OK
2024-09-28T14:41:37.230669762Z pool-1-thread-1 DEBUG Stopped LoggerContext[name=Default, org.apache.logging.log4j.core.LoggerContext@6f36e806] with status true
2024-09-28T14:41:49.337278681Z main DEBUG Using ShutdownCallbackRegistry class org.apache.logging.log4j.core.util.DefaultShutdownCallbackRegistry
2024-09-28T14:41:49.504152615Z main DEBUG Took 0.132861 seconds to load 226 plugins from jdk.internal.loader.ClassLoaders$AppClassLoader@4f2410ac
2024-09-28T14:41:49.504610084Z main DEBUG PluginManager 'Lookup' found 16 plugins
2024-09-28T14:41:49.544363444Z main DEBUG AsyncLogger.ThreadNameStrategy=UNCACHED (user specified null, default is UNCACHED)
2024-09-28T14:41:49.546131139Z main TRACE Using default SystemClock for timestamps.
2024-09-28T14:41:49.547182443Z main DEBUG org.apache.logging.log4j.core.util.SystemClock does not support precise timestamps.
2024-09-28T14:41:49.555759616Z main DEBUG PluginManager 'Lookup' found 16 plugins
2024-09-28T14:41:49.561287394Z main DEBUG PluginManager 'Converter' found 45 plugins
2024-09-28T14:41:49.624923494Z main DEBUG Starting OutputStreamManager SYSTEM_OUT.false.false-1
2024-09-28T14:41:49.626606880Z main DEBUG Starting LoggerContext[name=4f2410ac, org.apache.logging.log4j.core.LoggerContext@2f490758]...
2024-09-28T14:41:49.627202250Z main DEBUG Reconfiguration started for context[name=4f2410ac] at URI null (org.apache.logging.log4j.core.LoggerContext@2f490758) with optional ClassLoader: null
2024-09-28T14:41:49.629255977Z main DEBUG PluginManager 'Lookup' found 16 plugins
2024-09-28T14:41:49.630041073Z main DEBUG PluginManager 'ConfigurationFactory' found 4 plugins
2024-09-28T14:41:49.633482117Z main DEBUG PluginManager 'Lookup' found 16 plugins
2024-09-28T14:41:49.634267554Z main DEBUG PluginManager 'Lookup' found 16 plugins
2024-09-28T14:41:49.634783875Z main DEBUG Missing dependencies for Yaml support, ConfigurationFactory org.apache.logging.log4j.core.config.yaml.YamlConfigurationFactory is inactive
2024-09-28T14:41:49.635215294Z main DEBUG PluginManager 'Lookup' found 16 plugins
2024-09-28T14:41:49.635639033Z main DEBUG Missing dependencies for Json support, ConfigurationFactory org.apache.logging.log4j.core.config.json.JsonConfigurationFactory is inactive
2024-09-28T14:41:49.636131274Z main DEBUG PluginManager 'Lookup' found 16 plugins
2024-09-28T14:41:49.638617446Z main DEBUG Using configurationFactory org.apache.logging.log4j.core.config.ConfigurationFactory$Factory@17776a8
2024-09-28T14:41:49.657460778Z main DEBUG PluginManager 'Lookup' found 16 plugins
2024-09-28T14:41:49.659667595Z main DEBUG Closing FileInputStream java.io.FileInputStream@11e21d0e
2024-09-28T14:41:49.696145873Z main DEBUG null null initializing configuration XmlConfiguration[location=/opt/gemp-swccg/src/gemp-swccg-async/src/main/resources/prod-log4j.xml]
2024-09-28T14:41:49.696772787Z main DEBUG PluginManager 'Core' found 131 plugins
2024-09-28T14:41:49.697081453Z main DEBUG PluginManager 'Level' found 0 plugins
2024-09-28T14:41:49.701321802Z main DEBUG PluginManager 'Lookup' found 16 plugins
2024-09-28T14:41:49.702764155Z main DEBUG Building Plugin[name=layout, class=org.apache.logging.log4j.core.layout.PatternLayout].
2024-09-28T14:41:49.716883584Z main TRACE TypeConverterRegistry initializing.
2024-09-28T14:41:49.717311916Z main DEBUG PluginManager 'TypeConverter' found 26 plugins
2024-09-28T14:41:49.735282060Z main DEBUG PatternLayout$Builder(pattern="%m%n", PatternSelector=null, Configuration(MyApp), Replace=null, charset="null", alwaysWriteExceptions="null", disableAnsi="null", noConsoleNoAnsi="null", header="null", footer="null")
2024-09-28T14:41:49.735879433Z main DEBUG PluginManager 'Converter' found 45 plugins
2024-09-28T14:41:49.737255172Z main DEBUG Building Plugin[name=appender, class=org.apache.logging.log4j.core.appender.ConsoleAppender].
2024-09-28T14:41:49.747484371Z main DEBUG ConsoleAppender$Builder(target="SYSTEM_OUT", follow="null", direct="null", bufferedIo="null", bufferSize="null", immediateFlush="null", ignoreExceptions="null", PatternLayout(%m%n), name="stdout", Configuration(MyApp), Filter=null, ={})
2024-09-28T14:41:49.751605348Z main DEBUG Starting OutputStreamManager SYSTEM_OUT.false.false
2024-09-28T14:41:49.752040427Z main DEBUG Building Plugin[name=layout, class=org.apache.logging.log4j.core.layout.PatternLayout].
2024-09-28T14:41:49.752718262Z main DEBUG PatternLayout$Builder(pattern="%d{yyyy-MM-dd HH:mm:ss,SSS} %5p %c{1}:%L - %m%n", PatternSelector=null, Configuration(MyApp), Replace=null, charset="null", alwaysWriteExceptions="null", disableAnsi="null", noConsoleNoAnsi="null", header="null", footer="null")
2024-09-28T14:41:49.759919396Z main DEBUG Building Plugin[name=TimeBasedTriggeringPolicy, class=org.apache.logging.log4j.core.appender.rolling.TimeBasedTriggeringPolicy].
2024-09-28T14:41:49.762932060Z main DEBUG TimeBasedTriggeringPolicy$Builder(interval="null", modulate="null", maxRandomDelay="null")
2024-09-28T14:41:49.763358470Z main DEBUG Building Plugin[name=SizeBasedTriggeringPolicy, class=org.apache.logging.log4j.core.appender.rolling.SizeBasedTriggeringPolicy].
2024-09-28T14:41:49.766836171Z main DEBUG createPolicy(size="10 MB")
2024-09-28T14:41:49.768982210Z main DEBUG Building Plugin[name=Policies, class=org.apache.logging.log4j.core.appender.rolling.CompositeTriggeringPolicy].
2024-09-28T14:41:49.769632374Z main DEBUG createPolicy(={TimeBasedTriggeringPolicy(nextRolloverMillis=0, interval=1, modulate=false), SizeBasedTriggeringPolicy(size=10485760)})
2024-09-28T14:41:49.770073081Z main DEBUG Building Plugin[name=DefaultRolloverStrategy, class=org.apache.logging.log4j.core.appender.rolling.DefaultRolloverStrategy].
2024-09-28T14:41:49.773718992Z main DEBUG DefaultRolloverStrategy$Builder(max="20", min="null", fileIndex="null", compressionLevel="null", ={}, stopCustomActionsOnError="null", tempCompressedFilePattern="null", Configuration(MyApp))
2024-09-28T14:41:49.774034448Z main DEBUG Building Plugin[name=appender, class=org.apache.logging.log4j.core.appender.RollingFileAppender].
2024-09-28T14:41:49.777689526Z main DEBUG RollingFileAppender$Builder(fileName="../logs/gemp-swccg.log", filePattern="../logs/${date:yyyy-MM}/app-%d{MM-dd-yyyy}-%i.log.gz", append="null", locking="null", Policies(CompositeTriggeringPolicy(policies=[TimeBasedTriggeringPolicy(nextRolloverMillis=0, interval=1, modulate=false), SizeBasedTriggeringPolicy(size=10485760)])), DefaultRolloverStrategy(DefaultRolloverStrategy(min=1, max=20, useMax=true)), advertise="null", advertiseUri="null", createOnDemand="null", filePermissions="null", fileOwner="null", fileGroup="null", bufferedIo="null", bufferSize="null", immediateFlush="null", ignoreExceptions="null", PatternLayout(%d{yyyy-MM-dd HH:mm:ss,SSS} %5p %c{1}:%L - %m%n), name="mainlog", Configuration(MyApp), Filter=null, ={})
2024-09-28T14:41:49.782965938Z main TRACE New file '../logs/gemp-swccg.log' created = false
2024-09-28T14:41:49.784967350Z main INFO Unable to obtain file creation time for /opt/gemp-swccg/src/../logs/gemp-swccg.log
2024-09-28T14:41:49.785864190Z main DEBUG Starting RollingFileManager ../logs/gemp-swccg.log
2024-09-28T14:41:49.788541627Z main DEBUG PluginManager 'FileConverter' found 2 plugins
2024-09-28T14:41:49.794083016Z main DEBUG Setting prev file time to 2024-09-28T14:36:21.738+0000
2024-09-28T14:41:49.794407353Z main DEBUG Initializing triggering policy CompositeTriggeringPolicy(policies=[TimeBasedTriggeringPolicy(nextRolloverMillis=0, interval=1, modulate=false), SizeBasedTriggeringPolicy(size=10485760)])
2024-09-28T14:41:49.794607317Z main DEBUG Initializing triggering policy TimeBasedTriggeringPolicy(nextRolloverMillis=0, interval=1, modulate=false)
2024-09-28T14:41:49.795920825Z main TRACE PatternProcessor.getNextTime returning 2024/09/29-00:00:00.000, nextFileTime=2024/09/28-00:00:00.000, prevFileTime=1970/01/01-00:00:00.000, current=2024/09/28-14:41:49.795, freq=DAILY
2024-09-28T14:41:49.796589939Z main TRACE PatternProcessor.getNextTime returning 2024/09/29-00:00:00.000, nextFileTime=2024/09/28-00:00:00.000, prevFileTime=2024/09/28-00:00:00.000, current=2024/09/28-14:41:49.796, freq=DAILY
2024-09-28T14:41:49.796856825Z main DEBUG Initializing triggering policy SizeBasedTriggeringPolicy(size=10485760)
2024-09-28T14:41:49.797115291Z main DEBUG Building Plugin[name=layout, class=org.apache.logging.log4j.core.layout.PatternLayout].
2024-09-28T14:41:49.797778485Z main DEBUG PatternLayout$Builder(pattern="%d{yyyy-MM-dd HH:mm:ss,SSS} %5p %c{1}:%L - %m%n", PatternSelector=null, Configuration(MyApp), Replace=null, charset="null", alwaysWriteExceptions="null", disableAnsi="null", noConsoleNoAnsi="null", header="null", footer="null")
2024-09-28T14:41:49.798437889Z main DEBUG Building Plugin[name=TimeBasedTriggeringPolicy, class=org.apache.logging.log4j.core.appender.rolling.TimeBasedTriggeringPolicy].
2024-09-28T14:41:49.799009361Z main DEBUG TimeBasedTriggeringPolicy$Builder(interval="null", modulate="null", maxRandomDelay="null")
2024-09-28T14:41:49.799276877Z main DEBUG Building Plugin[name=SizeBasedTriggeringPolicy, class=org.apache.logging.log4j.core.appender.rolling.SizeBasedTriggeringPolicy].
2024-09-28T14:41:49.799892730Z main DEBUG createPolicy(size="10 MB")
2024-09-28T14:41:49.800204077Z main DEBUG Building Plugin[name=Policies, class=org.apache.logging.log4j.core.appender.rolling.CompositeTriggeringPolicy].
2024-09-28T14:41:49.800737488Z main DEBUG createPolicy(={TimeBasedTriggeringPolicy(nextRolloverMillis=0, interval=1, modulate=false), SizeBasedTriggeringPolicy(size=10485760)})
2024-09-28T14:41:49.800986784Z main DEBUG Building Plugin[name=DefaultRolloverStrategy, class=org.apache.logging.log4j.core.appender.rolling.DefaultRolloverStrategy].
2024-09-28T14:41:49.801783018Z main DEBUG DefaultRolloverStrategy$Builder(max="20", min="null", fileIndex="null", compressionLevel="null", ={}, stopCustomActionsOnError="null", tempCompressedFilePattern="null", Configuration(MyApp))
2024-09-28T14:41:49.802006003Z main DEBUG Building Plugin[name=appender, class=org.apache.logging.log4j.core.appender.RollingFileAppender].
2024-09-28T14:41:49.802567288Z main DEBUG RollingFileAppender$Builder(fileName="../logs/swccg_chat.log", filePattern="../logs/${date:yyyy-MM}/app-%d{MM-dd-yyyy}-%i.log.gz", append="null", locking="null", Policies(CompositeTriggeringPolicy(policies=[TimeBasedTriggeringPolicy(nextRolloverMillis=0, interval=1, modulate=false), SizeBasedTriggeringPolicy(size=10485760)])), DefaultRolloverStrategy(DefaultRolloverStrategy(min=1, max=20, useMax=true)), advertise="null", advertiseUri="null", createOnDemand="null", filePermissions="null", fileOwner="null", fileGroup="null", bufferedIo="null", bufferSize="null", immediateFlush="null", ignoreExceptions="null", PatternLayout(%d{yyyy-MM-dd HH:mm:ss,SSS} %5p %c{1}:%L - %m%n), name="chat", Configuration(MyApp), Filter=null, ={})
2024-09-28T14:41:49.804344583Z main TRACE New file '../logs/swccg_chat.log' created = false
2024-09-28T14:41:49.806492301Z main INFO Unable to obtain file creation time for /opt/gemp-swccg/src/../logs/swccg_chat.log
2024-09-28T14:41:49.807325229Z main DEBUG Starting RollingFileManager ../logs/swccg_chat.log
2024-09-28T14:41:49.807635995Z main DEBUG PluginManager 'FileConverter' found 2 plugins
2024-09-28T14:41:49.808119155Z main DEBUG Setting prev file time to 2024-09-28T14:36:21.737+0000
2024-09-28T14:41:49.808303739Z main DEBUG Initializing triggering policy CompositeTriggeringPolicy(policies=[TimeBasedTriggeringPolicy(nextRolloverMillis=0, interval=1, modulate=false), SizeBasedTriggeringPolicy(size=10485760)])
2024-09-28T14:41:49.808471293Z main DEBUG Initializing triggering policy TimeBasedTriggeringPolicy(nextRolloverMillis=0, interval=1, modulate=false)
2024-09-28T14:41:49.809279130Z main TRACE PatternProcessor.getNextTime returning 2024/09/29-00:00:00.000, nextFileTime=2024/09/28-00:00:00.000, prevFileTime=1970/01/01-00:00:00.000, current=2024/09/28-14:41:49.809, freq=DAILY
2024-09-28T14:41:49.809913934Z main TRACE PatternProcessor.getNextTime returning 2024/09/29-00:00:00.000, nextFileTime=2024/09/28-00:00:00.000, prevFileTime=2024/09/28-00:00:00.000, current=2024/09/28-14:41:49.809, freq=DAILY
2024-09-28T14:41:49.810099647Z main DEBUG Initializing triggering policy SizeBasedTriggeringPolicy(size=10485760)
2024-09-28T14:41:49.810280721Z main DEBUG Building Plugin[name=appenders, class=org.apache.logging.log4j.core.config.AppendersPlugin].
2024-09-28T14:41:49.810763222Z main DEBUG createAppenders(={stdout, mainlog, chat})
2024-09-28T14:41:49.811277453Z main DEBUG Building Plugin[name=AppenderRef, class=org.apache.logging.log4j.core.config.AppenderRef].
2024-09-28T14:41:49.811678861Z main DEBUG createAppenderRef(ref="stdout", level="null", Filter=null)
2024-09-28T14:41:49.813002739Z main DEBUG Building Plugin[name=logger, class=org.apache.logging.log4j.core.config.LoggerConfig].
2024-09-28T14:41:49.816588286Z main DEBUG LoggerConfig$Builder(additivity="false", level="DEBUG", levelAndRefs="null", name="com.gempukku", includeLocation="null", ={stdout}, ={}, Configuration(MyApp), Filter=null)
2024-09-28T14:41:49.819176201Z main DEBUG Building Plugin[name=AppenderRef, class=org.apache.logging.log4j.core.config.AppenderRef].
2024-09-28T14:41:49.819851713Z main DEBUG createAppenderRef(ref="chat", level="null", Filter=null)
2024-09-28T14:41:49.820085981Z main DEBUG Building Plugin[name=logger, class=org.apache.logging.log4j.core.config.LoggerConfig].
2024-09-28T14:41:49.820474389Z main DEBUG LoggerConfig$Builder(additivity="null", level="ALL", levelAndRefs="null", name="chat", includeLocation="null", ={chat}, ={}, Configuration(MyApp), Filter=null)
2024-09-28T14:41:49.820788866Z main DEBUG Building Plugin[name=AppenderRef, class=org.apache.logging.log4j.core.config.AppenderRef].
2024-09-28T14:41:49.821102153Z main DEBUG createAppenderRef(ref="stdout", level="null", Filter=null)
2024-09-28T14:41:49.821284177Z main DEBUG Building Plugin[name=AppenderRef, class=org.apache.logging.log4j.core.config.AppenderRef].
2024-09-28T14:41:49.821545032Z main DEBUG createAppenderRef(ref="mainlog", level="null", Filter=null)
2024-09-28T14:41:49.821733586Z main DEBUG Building Plugin[name=root, class=org.apache.logging.log4j.core.config.LoggerConfig$RootLogger].
2024-09-28T14:41:49.823788850Z main DEBUG LoggerConfig$RootLogger$Builder(additivity="null", level="ERROR", levelAndRefs="null", includeLocation="null", ={stdout, mainlog}, ={}, Configuration(MyApp), Filter=null)
2024-09-28T14:41:49.824168558Z main DEBUG Building Plugin[name=loggers, class=org.apache.logging.log4j.core.config.LoggersPlugin].
2024-09-28T14:41:49.825229541Z main DEBUG createLoggers(={com.gempukku, chat, root})
2024-09-28T14:41:49.826076219Z main DEBUG Configuration XmlConfiguration[location=/opt/gemp-swccg/src/gemp-swccg-async/src/main/resources/prod-log4j.xml] initialized
2024-09-28T14:41:49.826299523Z main DEBUG Starting configuration XmlConfiguration[location=/opt/gemp-swccg/src/gemp-swccg-async/src/main/resources/prod-log4j.xml]
2024-09-28T14:41:49.826495217Z main DEBUG Started configuration XmlConfiguration[location=/opt/gemp-swccg/src/gemp-swccg-async/src/main/resources/prod-log4j.xml] OK.
2024-09-28T14:41:49.826810844Z main TRACE Stopping org.apache.logging.log4j.core.config.DefaultConfiguration@c46bcd4...
2024-09-28T14:41:49.827049169Z main TRACE DefaultConfiguration notified 1 ReliabilityStrategies that config will be stopped.
2024-09-28T14:41:49.827240153Z main TRACE DefaultConfiguration stopping root LoggerConfig.
2024-09-28T14:41:49.827457618Z main TRACE DefaultConfiguration notifying ReliabilityStrategies that appenders will be stopped.
2024-09-28T14:41:49.827663392Z main TRACE DefaultConfiguration stopping remaining Appenders.
2024-09-28T14:41:49.827882327Z main DEBUG Shutting down OutputStreamManager SYSTEM_OUT.false.false-1
2024-09-28T14:41:49.828088088Z main DEBUG OutputStream closed
2024-09-28T14:41:49.828341946Z main DEBUG Shut down OutputStreamManager SYSTEM_OUT.false.false-1, all resources released: true
2024-09-28T14:41:49.828561451Z main DEBUG Appender DefaultConsole-1 stopped with status true
2024-09-28T14:41:49.828835977Z main TRACE DefaultConfiguration stopped 1 remaining Appenders.
2024-09-28T14:41:49.829091252Z main TRACE DefaultConfiguration cleaning Appenders from 1 LoggerConfigs.
2024-09-28T14:41:49.829336628Z main DEBUG Stopped org.apache.logging.log4j.core.config.DefaultConfiguration@c46bcd4 OK
2024-09-28T14:41:49.936257612Z main TRACE Reregistering MBeans after reconfigure. Selector=org.apache.logging.log4j.core.selector.ClassLoaderContextSelector@c333c60
2024-09-28T14:41:49.936934156Z main TRACE Reregistering context (1/1): '4f2410ac' org.apache.logging.log4j.core.LoggerContext@2f490758
2024-09-28T14:41:49.937584300Z main TRACE Unregistering but no MBeans found matching 'org.apache.logging.log4j2:type=4f2410ac'
2024-09-28T14:41:49.938171383Z main TRACE Unregistering but no MBeans found matching 'org.apache.logging.log4j2:type=4f2410ac,component=StatusLogger'
2024-09-28T14:41:49.938435318Z main TRACE Unregistering but no MBeans found matching 'org.apache.logging.log4j2:type=4f2410ac,component=ContextSelector'
2024-09-28T14:41:49.938957200Z main TRACE Unregistering but no MBeans found matching 'org.apache.logging.log4j2:type=4f2410ac,component=Loggers,name=*'
2024-09-28T14:41:49.939253866Z main TRACE Unregistering but no MBeans found matching 'org.apache.logging.log4j2:type=4f2410ac,component=Appenders,name=*'
2024-09-28T14:41:49.939538122Z main TRACE Unregistering but no MBeans found matching 'org.apache.logging.log4j2:type=4f2410ac,component=AsyncAppenders,name=*'
2024-09-28T14:41:49.939910070Z main TRACE Unregistering but no MBeans found matching 'org.apache.logging.log4j2:type=4f2410ac,component=AsyncLoggerRingBuffer'
2024-09-28T14:41:49.940402950Z main TRACE Unregistering but no MBeans found matching 'org.apache.logging.log4j2:type=4f2410ac,component=Loggers,name=*,subtype=RingBuffer'
2024-09-28T14:41:49.942124738Z main DEBUG Registering MBean org.apache.logging.log4j2:type=4f2410ac
2024-09-28T14:41:49.945383094Z main DEBUG Registering MBean org.apache.logging.log4j2:type=4f2410ac,component=StatusLogger
2024-09-28T14:41:49.947449321Z main DEBUG Registering MBean org.apache.logging.log4j2:type=4f2410ac,component=ContextSelector
2024-09-28T14:41:49.948963413Z main DEBUG Registering MBean org.apache.logging.log4j2:type=4f2410ac,component=Loggers,name=
2024-09-28T14:41:49.949570545Z main DEBUG Registering MBean org.apache.logging.log4j2:type=4f2410ac,component=Loggers,name=com.gempukku
2024-09-28T14:41:49.949879852Z main DEBUG Registering MBean org.apache.logging.log4j2:type=4f2410ac,component=Loggers,name=chat
2024-09-28T14:41:49.951395044Z main DEBUG Registering MBean org.apache.logging.log4j2:type=4f2410ac,component=Appenders,name=mainlog
2024-09-28T14:41:49.952196841Z main DEBUG Registering MBean org.apache.logging.log4j2:type=4f2410ac,component=Appenders,name=stdout
2024-09-28T14:41:49.952620030Z main DEBUG Registering MBean org.apache.logging.log4j2:type=4f2410ac,component=Appenders,name=chat
2024-09-28T14:41:49.954281815Z main TRACE Using default SystemClock for timestamps.
2024-09-28T14:41:49.954632893Z main DEBUG org.apache.logging.log4j.core.util.SystemClock does not support precise timestamps.
2024-09-28T14:41:49.954879238Z main TRACE Using DummyNanoClock for nanosecond timestamps.
2024-09-28T14:41:49.955099953Z main DEBUG Reconfiguration complete for context[name=4f2410ac] at URI /opt/gemp-swccg/src/gemp-swccg-async/src/main/resources/prod-log4j.xml (org.apache.logging.log4j.core.LoggerContext@2f490758) with optional ClassLoader: null
2024-09-28T14:41:49.955375849Z main DEBUG Shutdown hook enabled. Registering a new one.
2024-09-28T14:41:49.957405132Z main DEBUG LoggerContext[name=4f2410ac, org.apache.logging.log4j.core.LoggerContext@2f490758] started OK.
Property.....: port
GempukkuServer loading prerequisites...
GempukkuServer loading DAOs...
Property.....: db.connection.class
Property.....: db.connection.url
Property.....: db.connection.hostname
Property.....: db.connection.dbname
DB Hostname..: gemp_swccg_db_1
DB Name......: gemp-swccg
DB URL.......: jdbc:mysql://gemp_swccg_db_1/gemp-swccg
Property.....: db.connection.username
Property.....: db.connection.password
2024-09-28T14:41:50.016804611Z main WARN Runtime environment or build system does not support multi-release JARs. This will impact location-based features.
Property.....: db.connection.validateQuery
GempukkuServer loading card products...
GempukkuServer loading services...
Loading set 1
Loading set 2
Loading set 3
Loading set 4
Loading set 5
Loading set 6
Loading set 7
Loading set 8
Loading set 9
Loading set 10
Loading set 11
Loading set 12
Loading set 13
Loading set 14
Loading set 101
Loading set 102
Loading set 103
Loading set 104
Loading set 105
Loading set 106
Loading set 107
Loading set 108
Loading set 109
Loading set 110
Loading set 111
Loading set 112
Loading set 200
Loading set 201
Loading set 202
Loading set 203
Loading set 204
Loading set 205
Loading set 206
Loading set 207
Loading set 208
Loading set 209
Loading set 210
Loading set 211
Loading set 212
Loading set 213
Loading set 214
Loading set 215
Loading set 216
Loading set 217
Loading set 218
Loading set 219
Loading set 220
Loading set 221
Loading set 222
Loading set 223
Loading set 301
Loading set 401
Loading set 601
Loading set 1
Loading set 2
Loading set 3
Loading set 4
Loading set 5
Loading set 6
Loading set 7
Loading set 8
Loading set 9
Loading set 10
Loading set 11
Loading set 12
Loading set 13
Loading set 14
Loading set 101
Loading set 102
Loading set 103
Loading set 104
Loading set 105
Loading set 106
Loading set 107
Loading set 108
Loading set 109
Loading set 110
Loading set 111
Loading set 112
Loading set 200
Loading set 201
Loading set 202
Loading set 203
Loading set 204
Loading set 205
Loading set 206
Loading set 207
Loading set 208
Loading set 209
Loading set 210
Loading set 211
Loading set 212
Loading set 213
Loading set 214
Loading set 215
Loading set 216
Loading set 217
Loading set 218
Loading set 219
Loading set 220
Loading set 221
Loading set 222
Loading set 223
Loading set 301
Loading set 401
Loading set 501
Loading set 601
2024-09-28T14:41:53.936261879Z main DEBUG PluginManager 'Lookup' found 16 plugins
2024-09-28T14:41:53.937686029Z main DEBUG PluginManager 'Converter' found 45 plugins
2024-09-28T14:41:53.938503647Z main DEBUG Starting OutputStreamManager SYSTEM_OUT.false.false-2
2024-09-28T14:41:53.938767073Z main DEBUG Starting LoggerContext[name=Default, org.apache.logging.log4j.core.LoggerContext@6f36e806]...
2024-09-28T14:41:53.938975157Z main DEBUG Reconfiguration started for context[name=Default] at URI null (org.apache.logging.log4j.core.LoggerContext@6f36e806) with optional ClassLoader: null
2024-09-28T14:41:53.939767464Z main DEBUG Using configurationFactory org.apache.logging.log4j.core.config.ConfigurationFactory$Factory@17776a8
2024-09-28T14:41:53.944045236Z main DEBUG PluginManager 'Lookup' found 16 plugins
2024-09-28T14:41:53.945635869Z main DEBUG Closing FileInputStream java.io.FileInputStream@4c24c40a
2024-09-28T14:41:53.948650213Z main DEBUG null null initializing configuration XmlConfiguration[location=/opt/gemp-swccg/src/gemp-swccg-async/src/main/resources/prod-log4j.xml]
2024-09-28T14:41:53.948972120Z main DEBUG PluginManager 'Core' found 131 plugins
2024-09-28T14:41:53.949131604Z main DEBUG PluginManager 'Level' found 0 plugins
2024-09-28T14:41:53.949696155Z main DEBUG PluginManager 'Lookup' found 16 plugins
2024-09-28T14:41:53.950042273Z main DEBUG Building Plugin[name=layout, class=org.apache.logging.log4j.core.layout.PatternLayout].
2024-09-28T14:41:53.950554543Z main DEBUG PatternLayout$Builder(pattern="%m%n", PatternSelector=null, Configuration(MyApp), Replace=null, charset="null", alwaysWriteExceptions="null", disableAnsi="null", noConsoleNoAnsi="null", header="null", footer="null")
2024-09-28T14:41:53.950775818Z main DEBUG PluginManager 'Converter' found 45 plugins
2024-09-28T14:41:53.951063114Z main DEBUG Building Plugin[name=appender, class=org.apache.logging.log4j.core.appender.ConsoleAppender].
2024-09-28T14:41:53.951444443Z main DEBUG ConsoleAppender$Builder(target="SYSTEM_OUT", follow="null", direct="null", bufferedIo="null", bufferSize="null", immediateFlush="null", ignoreExceptions="null", PatternLayout(%m%n), name="stdout", Configuration(MyApp), Filter=null, ={})
2024-09-28T14:41:53.954309613Z main DEBUG Building Plugin[name=layout, class=org.apache.logging.log4j.core.layout.PatternLayout].
2024-09-28T14:41:53.954838035Z main DEBUG PatternLayout$Builder(pattern="%d{yyyy-MM-dd HH:mm:ss,SSS} %5p %c{1}:%L - %m%n", PatternSelector=null, Configuration(MyApp), Replace=null, charset="null", alwaysWriteExceptions="null", disableAnsi="null", noConsoleNoAnsi="null", header="null", footer="null")
2024-09-28T14:41:53.955646322Z main DEBUG Building Plugin[name=TimeBasedTriggeringPolicy, class=org.apache.logging.log4j.core.appender.rolling.TimeBasedTriggeringPolicy].
2024-09-28T14:41:53.956015320Z main DEBUG TimeBasedTriggeringPolicy$Builder(interval="null", modulate="null", maxRandomDelay="null")
2024-09-28T14:41:53.956207554Z main DEBUG Building Plugin[name=SizeBasedTriggeringPolicy, class=org.apache.logging.log4j.core.appender.rolling.SizeBasedTriggeringPolicy].
2024-09-28T14:41:53.956584782Z main DEBUG createPolicy(size="10 MB")
2024-09-28T14:41:53.956974550Z main DEBUG Building Plugin[name=Policies, class=org.apache.logging.log4j.core.appender.rolling.CompositeTriggeringPolicy].
2024-09-28T14:41:53.957236836Z main DEBUG createPolicy(={TimeBasedTriggeringPolicy(nextRolloverMillis=0, interval=1, modulate=false), SizeBasedTriggeringPolicy(size=10485760)})
2024-09-28T14:41:53.957466351Z main DEBUG Building Plugin[name=DefaultRolloverStrategy, class=org.apache.logging.log4j.core.appender.rolling.DefaultRolloverStrategy].
2024-09-28T14:41:53.957838579Z main DEBUG DefaultRolloverStrategy$Builder(max="20", min="null", fileIndex="null", compressionLevel="null", ={}, stopCustomActionsOnError="null", tempCompressedFilePattern="null", Configuration(MyApp))
2024-09-28T14:41:53.958088802Z main DEBUG Building Plugin[name=appender, class=org.apache.logging.log4j.core.appender.RollingFileAppender].
2024-09-28T14:41:53.959144057Z main DEBUG RollingFileAppender$Builder(fileName="../logs/gemp-swccg.log", filePattern="../logs/${date:yyyy-MM}/app-%d{MM-dd-yyyy}-%i.log.gz", append="null", locking="null", Policies(CompositeTriggeringPolicy(policies=[TimeBasedTriggeringPolicy(nextRolloverMillis=0, interval=1, modulate=false), SizeBasedTriggeringPolicy(size=10485760)])), DefaultRolloverStrategy(DefaultRolloverStrategy(min=1, max=20, useMax=true)), advertise="null", advertiseUri="null", createOnDemand="null", filePermissions="null", fileOwner="null", fileGroup="null", bufferedIo="null", bufferSize="null", immediateFlush="null", ignoreExceptions="null", PatternLayout(%d{yyyy-MM-dd HH:mm:ss,SSS} %5p %c{1}:%L - %m%n), name="mainlog", Configuration(MyApp), Filter=null, ={})
2024-09-28T14:41:53.959493724Z main DEBUG PluginManager 'FileConverter' found 2 plugins
2024-09-28T14:41:53.959916774Z main DEBUG Initializing triggering policy TimeBasedTriggeringPolicy(nextRolloverMillis=0, interval=1, modulate=false)
2024-09-28T14:41:53.960511936Z main TRACE PatternProcessor.getNextTime returning 2024/09/29-00:00:00.000, nextFileTime=2024/09/28-00:00:00.000, prevFileTime=2024/09/28-00:00:00.000, current=2024/09/28-14:41:53.960, freq=DAILY
2024-09-28T14:41:53.960962336Z main TRACE PatternProcessor.getNextTime returning 2024/09/29-00:00:00.000, nextFileTime=2024/09/28-00:00:00.000, prevFileTime=2024/09/28-00:00:00.000, current=2024/09/28-14:41:53.960, freq=DAILY
2024-09-28T14:41:53.961143490Z main DEBUG Initializing triggering policy SizeBasedTriggeringPolicy(size=10485760)
2024-09-28T14:41:53.961335224Z main DEBUG Building Plugin[name=layout, class=org.apache.logging.log4j.core.layout.PatternLayout].
2024-09-28T14:41:53.961681392Z main DEBUG PatternLayout$Builder(pattern="%d{yyyy-MM-dd HH:mm:ss,SSS} %5p %c{1}:%L - %m%n", PatternSelector=null, Configuration(MyApp), Replace=null, charset="null", alwaysWriteExceptions="null", disableAnsi="null", noConsoleNoAnsi="null", header="null", footer="null")
2024-09-28T14:41:53.962563920Z main DEBUG Building Plugin[name=TimeBasedTriggeringPolicy, class=org.apache.logging.log4j.core.appender.rolling.TimeBasedTriggeringPolicy].
2024-09-28T14:41:53.962893548Z main DEBUG TimeBasedTriggeringPolicy$Builder(interval="null", modulate="null", maxRandomDelay="null")
2024-09-28T14:41:53.963057501Z main DEBUG Building Plugin[name=SizeBasedTriggeringPolicy, class=org.apache.logging.log4j.core.appender.rolling.SizeBasedTriggeringPolicy].
2024-09-28T14:41:53.963312316Z main DEBUG createPolicy(size="10 MB")
2024-09-28T14:41:53.963666234Z main DEBUG Building Plugin[name=Policies, class=org.apache.logging.log4j.core.appender.rolling.CompositeTriggeringPolicy].
2024-09-28T14:41:53.963991321Z main DEBUG createPolicy(={TimeBasedTriggeringPolicy(nextRolloverMillis=0, interval=1, modulate=false), SizeBasedTriggeringPolicy(size=10485760)})
2024-09-28T14:41:53.964314288Z main DEBUG Building Plugin[name=DefaultRolloverStrategy, class=org.apache.logging.log4j.core.appender.rolling.DefaultRolloverStrategy].
2024-09-28T14:41:53.964911791Z main DEBUG DefaultRolloverStrategy$Builder(max="20", min="null", fileIndex="null", compressionLevel="null", ={}, stopCustomActionsOnError="null", tempCompressedFilePattern="null", Configuration(MyApp))
2024-09-28T14:41:53.965120675Z main DEBUG Building Plugin[name=appender, class=org.apache.logging.log4j.core.appender.RollingFileAppender].
2024-09-28T14:41:53.965502063Z main DEBUG RollingFileAppender$Builder(fileName="../logs/swccg_chat.log", filePattern="../logs/${date:yyyy-MM}/app-%d{MM-dd-yyyy}-%i.log.gz", append="null", locking="null", Policies(CompositeTriggeringPolicy(policies=[TimeBasedTriggeringPolicy(nextRolloverMillis=0, interval=1, modulate=false), SizeBasedTriggeringPolicy(size=10485760)])), DefaultRolloverStrategy(DefaultRolloverStrategy(min=1, max=20, useMax=true)), advertise="null", advertiseUri="null", createOnDemand="null", filePermissions="null", fileOwner="null", fileGroup="null", bufferedIo="null", bufferSize="null", immediateFlush="null", ignoreExceptions="null", PatternLayout(%d{yyyy-MM-dd HH:mm:ss,SSS} %5p %c{1}:%L - %m%n), name="chat", Configuration(MyApp), Filter=null, ={})
2024-09-28T14:41:53.965827940Z main DEBUG PluginManager 'FileConverter' found 2 plugins
2024-09-28T14:41:53.966388262Z main DEBUG Initializing triggering policy TimeBasedTriggeringPolicy(nextRolloverMillis=0, interval=1, modulate=false)
2024-09-28T14:41:53.966961285Z main TRACE PatternProcessor.getNextTime returning 2024/09/29-00:00:00.000, nextFileTime=2024/09/28-00:00:00.000, prevFileTime=2024/09/28-00:00:00.000, current=2024/09/28-14:41:53.966, freq=DAILY
2024-09-28T14:41:53.967741882Z main TRACE PatternProcessor.getNextTime returning 2024/09/29-00:00:00.000, nextFileTime=2024/09/28-00:00:00.000, prevFileTime=2024/09/28-00:00:00.000, current=2024/09/28-14:41:53.967, freq=DAILY
2024-09-28T14:41:53.967961606Z main DEBUG Initializing triggering policy SizeBasedTriggeringPolicy(size=10485760)
2024-09-28T14:41:53.968237172Z main DEBUG Building Plugin[name=appenders, class=org.apache.logging.log4j.core.config.AppendersPlugin].
2024-09-28T14:41:53.968654021Z main DEBUG createAppenders(={stdout, mainlog, chat})
2024-09-28T14:41:53.968885956Z main DEBUG Building Plugin[name=AppenderRef, class=org.apache.logging.log4j.core.config.AppenderRef].
2024-09-28T14:41:53.969184072Z main DEBUG createAppenderRef(ref="stdout", level="null", Filter=null)
2024-09-28T14:41:53.969460218Z main DEBUG Building Plugin[name=logger, class=org.apache.logging.log4j.core.config.LoggerConfig].
2024-09-28T14:41:53.969872637Z main DEBUG LoggerConfig$Builder(additivity="false", level="DEBUG", levelAndRefs="null", name="com.gempukku", includeLocation="null", ={stdout}, ={}, Configuration(MyApp), Filter=null)
2024-09-28T14:41:53.970127342Z main DEBUG Building Plugin[name=AppenderRef, class=org.apache.logging.log4j.core.config.AppenderRef].
2024-09-28T14:41:53.970638343Z main DEBUG createAppenderRef(ref="chat", level="null", Filter=null)
2024-09-28T14:41:53.970826937Z main DEBUG Building Plugin[name=logger, class=org.apache.logging.log4j.core.config.LoggerConfig].
2024-09-28T14:41:53.971242786Z main DEBUG LoggerConfig$Builder(additivity="null", level="ALL", levelAndRefs="null", name="chat", includeLocation="null", ={chat}, ={}, Configuration(MyApp), Filter=null)
2024-09-28T14:41:53.971555883Z main DEBUG Building Plugin[name=AppenderRef, class=org.apache.logging.log4j.core.config.AppenderRef].
2024-09-28T14:41:53.971835449Z main DEBUG createAppenderRef(ref="stdout", level="null", Filter=null)
2024-09-28T14:41:53.972016553Z main DEBUG Building Plugin[name=AppenderRef, class=org.apache.logging.log4j.core.config.AppenderRef].
2024-09-28T14:41:53.972236468Z main DEBUG createAppenderRef(ref="mainlog", level="null", Filter=null)
2024-09-28T14:41:53.972486623Z main DEBUG Building Plugin[name=root, class=org.apache.logging.log4j.core.config.LoggerConfig$RootLogger].
2024-09-28T14:41:53.972781130Z main DEBUG LoggerConfig$RootLogger$Builder(additivity="null", level="ERROR", levelAndRefs="null", includeLocation="null", ={stdout, mainlog}, ={}, Configuration(MyApp), Filter=null)
2024-09-28T14:41:53.973037995Z main DEBUG Building Plugin[name=loggers, class=org.apache.logging.log4j.core.config.LoggersPlugin].
2024-09-28T14:41:53.973338902Z main DEBUG createLoggers(={com.gempukku, chat, root})
2024-09-28T14:41:53.973645538Z main DEBUG Configuration XmlConfiguration[location=/opt/gemp-swccg/src/gemp-swccg-async/src/main/resources/prod-log4j.xml] initialized
2024-09-28T14:41:53.973831952Z main DEBUG Starting configuration XmlConfiguration[location=/opt/gemp-swccg/src/gemp-swccg-async/src/main/resources/prod-log4j.xml]
2024-09-28T14:41:53.974032316Z main DEBUG Started configuration XmlConfiguration[location=/opt/gemp-swccg/src/gemp-swccg-async/src/main/resources/prod-log4j.xml] OK.
2024-09-28T14:41:53.974342633Z main TRACE Stopping org.apache.logging.log4j.core.config.DefaultConfiguration@22b10124...
2024-09-28T14:41:53.974568287Z main TRACE DefaultConfiguration notified 1 ReliabilityStrategies that config will be stopped.
2024-09-28T14:41:53.974787902Z main TRACE DefaultConfiguration stopping root LoggerConfig.
2024-09-28T14:41:53.975043448Z main TRACE DefaultConfiguration notifying ReliabilityStrategies that appenders will be stopped.
2024-09-28T14:41:53.975221952Z main TRACE DefaultConfiguration stopping remaining Appenders.
2024-09-28T14:41:53.975478357Z main DEBUG Shutting down OutputStreamManager SYSTEM_OUT.false.false-2
2024-09-28T14:41:53.975720282Z main DEBUG OutputStream closed
2024-09-28T14:41:53.975953337Z main DEBUG Shut down OutputStreamManager SYSTEM_OUT.false.false-2, all resources released: true
2024-09-28T14:41:53.976235903Z main DEBUG Appender DefaultConsole-2 stopped with status true
2024-09-28T14:41:53.976856076Z main TRACE DefaultConfiguration stopped 1 remaining Appenders.
2024-09-28T14:41:53.977032010Z main TRACE DefaultConfiguration cleaning Appenders from 1 LoggerConfigs.
2024-09-28T14:41:53.977207534Z main DEBUG Stopped org.apache.logging.log4j.core.config.DefaultConfiguration@22b10124 OK
2024-09-28T14:41:53.977411608Z main TRACE Reregistering MBeans after reconfigure. Selector=org.apache.logging.log4j.core.selector.ClassLoaderContextSelector@c333c60
2024-09-28T14:41:53.977584911Z main TRACE Reregistering context (1/1): '4f2410ac' org.apache.logging.log4j.core.LoggerContext@2f490758
2024-09-28T14:41:53.977942609Z main TRACE Unregistering 1 MBeans: [org.apache.logging.log4j2:type=4f2410ac]
2024-09-28T14:41:53.978342787Z main TRACE Unregistering 1 MBeans: [org.apache.logging.log4j2:type=4f2410ac,component=StatusLogger]
2024-09-28T14:41:53.978632574Z main TRACE Unregistering 1 MBeans: [org.apache.logging.log4j2:type=4f2410ac,component=ContextSelector]
2024-09-28T14:41:53.978952030Z main TRACE Unregistering 3 MBeans: [org.apache.logging.log4j2:type=4f2410ac,component=Loggers,name=, org.apache.logging.log4j2:type=4f2410ac,component=Loggers,name=com.gempukku, org.apache.logging.log4j2:type=4f2410ac,component=Loggers,name=chat]
2024-09-28T14:41:53.979273767Z main TRACE Unregistering 3 MBeans: [org.apache.logging.log4j2:type=4f2410ac,component=Appenders,name=stdout, org.apache.logging.log4j2:type=4f2410ac,component=Appenders,name=chat, org.apache.logging.log4j2:type=4f2410ac,component=Appenders,name=mainlog]
2024-09-28T14:41:53.979559333Z main TRACE Unregistering but no MBeans found matching 'org.apache.logging.log4j2:type=4f2410ac,component=AsyncAppenders,name=*'
2024-09-28T14:41:53.979840429Z main TRACE Unregistering but no MBeans found matching 'org.apache.logging.log4j2:type=4f2410ac,component=AsyncLoggerRingBuffer'
2024-09-28T14:41:53.980223377Z main TRACE Unregistering but no MBeans found matching 'org.apache.logging.log4j2:type=4f2410ac,component=Loggers,name=*,subtype=RingBuffer'
2024-09-28T14:41:53.980472273Z main DEBUG Registering MBean org.apache.logging.log4j2:type=4f2410ac
2024-09-28T14:41:53.980726998Z main DEBUG Registering MBean org.apache.logging.log4j2:type=4f2410ac,component=StatusLogger
2024-09-28T14:41:53.981053925Z main DEBUG Registering MBean org.apache.logging.log4j2:type=4f2410ac,component=ContextSelector
2024-09-28T14:41:53.981314080Z main DEBUG Registering MBean org.apache.logging.log4j2:type=4f2410ac,component=Loggers,name=
2024-09-28T14:41:53.981667958Z main DEBUG Registering MBean org.apache.logging.log4j2:type=4f2410ac,component=Loggers,name=com.gempukku
2024-09-28T14:41:53.981941944Z main DEBUG Registering MBean org.apache.logging.log4j2:type=4f2410ac,component=Loggers,name=chat
2024-09-28T14:41:53.982210719Z main DEBUG Registering MBean org.apache.logging.log4j2:type=4f2410ac,component=Appenders,name=mainlog
2024-09-28T14:41:53.982460525Z main DEBUG Registering MBean org.apache.logging.log4j2:type=4f2410ac,component=Appenders,name=stdout
2024-09-28T14:41:53.982722680Z main DEBUG Registering MBean org.apache.logging.log4j2:type=4f2410ac,component=Appenders,name=chat
2024-09-28T14:41:53.982937325Z main TRACE Using DummyNanoClock for nanosecond timestamps.
2024-09-28T14:41:53.983102568Z main DEBUG Reconfiguration complete for context[name=Default] at URI /opt/gemp-swccg/src/gemp-swccg-async/src/main/resources/prod-log4j.xml (org.apache.logging.log4j.core.LoggerContext@6f36e806) with optional ClassLoader: null
2024-09-28T14:41:53.983263112Z main DEBUG Shutdown hook enabled. Registering a new one.
2024-09-28T14:41:53.983463396Z main DEBUG LoggerContext[name=Default, org.apache.logging.log4j.core.LoggerContext@6f36e806] started OK.
System: Welcome to room: Game Hall
GempukkuServer starting servers...
Adding server: class com.gempukku.swccgo.hall.HallServer
Started: HallServer
Adding server: class com.gempukku.swccgo.game.SwccgoServer
Started: SwccgoServer
Adding server: class com.gempukku.swccgo.chat.ChatServer
Started: ChatServer
GempukkuServer startup complete.
Property.....: web.path
Property.....: origin.allowed.pattern
HTTP 401 response for 172.29.1.1: /gemp-swccg-server/chat/Game%20Hall
HTTP 401 response for 172.29.1.1: /gemp-swccg-server/chat/Game%20Hall
HTTP 401 response for 172.29.1.1: /gemp-swccg-server/chat/Game%20Hall?participantId=null&_=1727534640100
HTTP 401 response for 172.29.1.1: /gemp-swccg-server/deck/list?participantId=null&_=1727534640104
HTTP 401 response for 172.29.1.1: /gemp-swccg-server/playerStats/playerInfo?participantId=null&_=1727534640104
HTTP 401 response for 172.29.1.1: /gemp-swccg-server/chat/Game%20Hall?participantId=null&_=1727534640719
HTTP 401 response for 172.29.1.1: /gemp-swccg-server/deck/list?participantId=null&_=1727534640723
HTTP 401 response for 172.29.1.1: /gemp-swccg-server/playerStats/playerInfo?participantId=null&_=1727534640722
System: Server is in operational mode and games are now able to be started
Property.....: playtesting.noLimitDeckLength
Playtesting deck length is restricted to the format limit
Property.....: playtesting.noLimitDeckLength
Playtesting deck length is restricted to the format limit
System: Welcome to room: Game36a59c23f470-815b-1af1-21c3-cbd7fe10
LEAK: ByteBuf.release() was not called before it's garbage-collected. See https://netty.io/wiki/reference-counted-objects.html for more information.
Recent access records: 
Created at:
	io.netty.buffer.SimpleLeakAwareByteBuf.unwrappedDerived(SimpleLeakAwareByteBuf.java:144)
	io.netty.buffer.SimpleLeakAwareByteBuf.retainedSlice(SimpleLeakAwareByteBuf.java:57)
	io.netty.handler.codec.http.multipart.HttpPostStandardRequestDecoder.parseBodyAttributesStandard(HttpPostStandardRequestDecoder.java:497)
	io.netty.handler.codec.http.multipart.HttpPostStandardRequestDecoder.parseBodyAttributes(HttpPostStandardRequestDecoder.java:575)
	io.netty.handler.codec.http.multipart.HttpPostStandardRequestDecoder.parseBody(HttpPostStandardRequestDecoder.java:422)
	io.netty.handler.codec.http.multipart.HttpPostStandardRequestDecoder.offer(HttpPostStandardRequestDecoder.java:338)
	io.netty.handler.codec.http.multipart.HttpPostStandardRequestDecoder.<init>(HttpPostStandardRequestDecoder.java:197)
	io.netty.handler.codec.http.multipart.HttpPostStandardRequestDecoder.<init>(HttpPostStandardRequestDecoder.java:164)
	io.netty.handler.codec.http.multipart.HttpPostRequestDecoder.<init>(HttpPostRequestDecoder.java:118)
	io.netty.handler.codec.http.multipart.HttpPostRequestDecoder.<init>(HttpPostRequestDecoder.java:57)
	com.gempukku.swccgo.async.handler.GameRequestHandler.updateGameState(GameRequestHandler.java:81)
	com.gempukku.swccgo.async.handler.GameRequestHandler.handleRequest(GameRequestHandler.java:73)
	com.gempukku.swccgo.async.handler.RootUriRequestHandler.handleRequest(RootUriRequestHandler.java:118)
	com.gempukku.swccgo.async.SwccgoHttpRequestHandler.channelRead0(SwccgoHttpRequestHandler.java:100)
	com.gempukku.swccgo.async.SwccgoHttpRequestHandler.channelRead0(SwccgoHttpRequestHandler.java:40)
	io.netty.channel.SimpleChannelInboundHandler.channelRead(SimpleChannelInboundHandler.java:99)
	io.netty.channel.AbstractChannelHandlerContext.invokeChannelRead(AbstractChannelHandlerContext.java:444)
	io.netty.channel.AbstractChannelHandlerContext.invokeChannelRead(AbstractChannelHandlerContext.java:420)
	io.netty.channel.AbstractChannelHandlerContext.fireChannelRead(AbstractChannelHandlerContext.java:412)
	io.netty.handler.codec.MessageToMessageDecoder.channelRead(MessageToMessageDecoder.java:103)
	io.netty.handler.codec.MessageToMessageCodec.channelRead(MessageToMessageCodec.java:111)
	io.netty.channel.AbstractChannelHandlerContext.invokeChannelRead(AbstractChannelHandlerContext.java:442)
	io.netty.channel.AbstractChannelHandlerContext.invokeChannelRead(AbstractChannelHandlerContext.java:420)
	io.netty.channel.AbstractChannelHandlerContext.fireChannelRead(AbstractChannelHandlerContext.java:412)
	io.netty.handler.codec.MessageToMessageDecoder.channelRead(MessageToMessageDecoder.java:103)
	io.netty.channel.AbstractChannelHandlerContext.invokeChannelRead(AbstractChannelHandlerContext.java:444)
	io.netty.channel.AbstractChannelHandlerContext.invokeChannelRead(AbstractChannelHandlerContext.java:420)
	io.netty.channel.AbstractChannelHandlerContext.fireChannelRead(AbstractChannelHandlerContext.java:412)
	io.netty.channel.CombinedChannelDuplexHandler$DelegatingChannelHandlerContext.fireChannelRead(CombinedChannelDuplexHandler.java:436)
	io.netty.handler.codec.ByteToMessageDecoder.fireChannelRead(ByteToMessageDecoder.java:346)
	io.netty.handler.codec.ByteToMessageDecoder.channelRead(ByteToMessageDecoder.java:318)
	io.netty.channel.CombinedChannelDuplexHandler.channelRead(CombinedChannelDuplexHandler.java:251)
	io.netty.channel.AbstractChannelHandlerContext.invokeChannelRead(AbstractChannelHandlerContext.java:442)
	io.netty.channel.AbstractChannelHandlerContext.invokeChannelRead(AbstractChannelHandlerContext.java:420)
	io.netty.channel.AbstractChannelHandlerContext.fireChannelRead(AbstractChannelHandlerContext.java:412)
	io.netty.channel.DefaultChannelPipeline$HeadContext.channelRead(DefaultChannelPipeline.java:1410)
	io.netty.channel.AbstractChannelHandlerContext.invokeChannelRead(AbstractChannelHandlerContext.java:440)
	io.netty.channel.AbstractChannelHandlerContext.invokeChannelRead(AbstractChannelHandlerContext.java:420)
	io.netty.channel.DefaultChannelPipeline.fireChannelRead(DefaultChannelPipeline.java:919)
	io.netty.channel.nio.AbstractNioByteChannel$NioByteUnsafe.read(AbstractNioByteChannel.java:166)
	io.netty.channel.nio.NioEventLoop.processSelectedKey(NioEventLoop.java:788)
	io.netty.channel.nio.NioEventLoop.processSelectedKeysOptimized(NioEventLoop.java:724)
	io.netty.channel.nio.NioEventLoop.processSelectedKeys(NioEventLoop.java:650)
	io.netty.channel.nio.NioEventLoop.run(NioEventLoop.java:562)
	io.netty.util.concurrent.SingleThreadEventExecutor$4.run(SingleThreadEventExecutor.java:997)
	io.netty.util.internal.ThreadExecutorMap$2.run(ThreadExecutorMap.java:74)
	io.netty.util.concurrent.FastThreadLocalRunnable.run(FastThreadLocalRunnable.java:30)
	java.base/java.lang.Thread.run(Thread.java:1583)
LEAK: ByteBuf.release() was not called before it's garbage-collected. See https://netty.io/wiki/reference-counted-objects.html for more information.
Recent access records: 
Created at:
	io.netty.buffer.SimpleLeakAwareByteBuf.unwrappedDerived(SimpleLeakAwareByteBuf.java:144)
	io.netty.buffer.SimpleLeakAwareByteBuf.retainedSlice(SimpleLeakAwareByteBuf.java:57)
	io.netty.handler.codec.http.multipart.HttpPostStandardRequestDecoder.parseBodyAttributesStandard(HttpPostStandardRequestDecoder.java:534)
	io.netty.handler.codec.http.multipart.HttpPostStandardRequestDecoder.parseBodyAttributes(HttpPostStandardRequestDecoder.java:575)
	io.netty.handler.codec.http.multipart.HttpPostStandardRequestDecoder.parseBody(HttpPostStandardRequestDecoder.java:422)
	io.netty.handler.codec.http.multipart.HttpPostStandardRequestDecoder.offer(HttpPostStandardRequestDecoder.java:338)
	io.netty.handler.codec.http.multipart.HttpPostStandardRequestDecoder.<init>(HttpPostStandardRequestDecoder.java:197)
	io.netty.handler.codec.http.multipart.HttpPostStandardRequestDecoder.<init>(HttpPostStandardRequestDecoder.java:164)
	io.netty.handler.codec.http.multipart.HttpPostRequestDecoder.<init>(HttpPostRequestDecoder.java:118)
	io.netty.handler.codec.http.multipart.HttpPostRequestDecoder.<init>(HttpPostRequestDecoder.java:57)
	com.gempukku.swccgo.async.handler.ChatRequestHandler.postMessages(ChatRequestHandler.java:51)
	com.gempukku.swccgo.async.handler.ChatRequestHandler.handleRequest(ChatRequestHandler.java:44)
	com.gempukku.swccgo.async.handler.RootUriRequestHandler.handleRequest(RootUriRequestHandler.java:109)
	com.gempukku.swccgo.async.SwccgoHttpRequestHandler.channelRead0(SwccgoHttpRequestHandler.java:100)
	com.gempukku.swccgo.async.SwccgoHttpRequestHandler.channelRead0(SwccgoHttpRequestHandler.java:40)
	io.netty.channel.SimpleChannelInboundHandler.channelRead(SimpleChannelInboundHandler.java:99)
	io.netty.channel.AbstractChannelHandlerContext.invokeChannelRead(AbstractChannelHandlerContext.java:444)
	io.netty.channel.AbstractChannelHandlerContext.invokeChannelRead(AbstractChannelHandlerContext.java:420)
	io.netty.channel.AbstractChannelHandlerContext.fireChannelRead(AbstractChannelHandlerContext.java:412)
	io.netty.handler.codec.MessageToMessageDecoder.channelRead(MessageToMessageDecoder.java:103)
	io.netty.handler.codec.MessageToMessageCodec.channelRead(MessageToMessageCodec.java:111)
	io.netty.channel.AbstractChannelHandlerContext.invokeChannelRead(AbstractChannelHandlerContext.java:442)
	io.netty.channel.AbstractChannelHandlerContext.invokeChannelRead(AbstractChannelHandlerContext.java:420)
	io.netty.channel.AbstractChannelHandlerContext.fireChannelRead(AbstractChannelHandlerContext.java:412)
	io.netty.handler.codec.MessageToMessageDecoder.channelRead(MessageToMessageDecoder.java:103)
	io.netty.channel.AbstractChannelHandlerContext.invokeChannelRead(AbstractChannelHandlerContext.java:444)
	io.netty.channel.AbstractChannelHandlerContext.invokeChannelRead(AbstractChannelHandlerContext.java:420)
	io.netty.channel.AbstractChannelHandlerContext.fireChannelRead(AbstractChannelHandlerContext.java:412)
	io.netty.channel.CombinedChannelDuplexHandler$DelegatingChannelHandlerContext.fireChannelRead(CombinedChannelDuplexHandler.java:436)
	io.netty.handler.codec.ByteToMessageDecoder.fireChannelRead(ByteToMessageDecoder.java:346)
	io.netty.handler.codec.ByteToMessageDecoder.channelRead(ByteToMessageDecoder.java:318)
	io.netty.channel.CombinedChannelDuplexHandler.channelRead(CombinedChannelDuplexHandler.java:251)
	io.netty.channel.AbstractChannelHandlerContext.invokeChannelRead(AbstractChannelHandlerContext.java:442)
	io.netty.channel.AbstractChannelHandlerContext.invokeChannelRead(AbstractChannelHandlerContext.java:420)
	io.netty.channel.AbstractChannelHandlerContext.fireChannelRead(AbstractChannelHandlerContext.java:412)
	io.netty.channel.DefaultChannelPipeline$HeadContext.channelRead(DefaultChannelPipeline.java:1410)
	io.netty.channel.AbstractChannelHandlerContext.invokeChannelRead(AbstractChannelHandlerContext.java:440)
	io.netty.channel.AbstractChannelHandlerContext.invokeChannelRead(AbstractChannelHandlerContext.java:420)
	io.netty.channel.DefaultChannelPipeline.fireChannelRead(DefaultChannelPipeline.java:919)
	io.netty.channel.nio.AbstractNioByteChannel$NioByteUnsafe.read(AbstractNioByteChannel.java:166)
	io.netty.channel.nio.NioEventLoop.processSelectedKey(NioEventLoop.java:788)
	io.netty.channel.nio.NioEventLoop.processSelectedKeysOptimized(NioEventLoop.java:724)
	io.netty.channel.nio.NioEventLoop.processSelectedKeys(NioEventLoop.java:650)
	io.netty.channel.nio.NioEventLoop.run(NioEventLoop.java:562)
	io.netty.util.concurrent.SingleThreadEventExecutor$4.run(SingleThreadEventExecutor.java:997)
	io.netty.util.internal.ThreadExecutorMap$2.run(ThreadExecutorMap.java:74)
	io.netty.util.concurrent.FastThreadLocalRunnable.run(FastThreadLocalRunnable.java:30)
	java.base/java.lang.Thread.run(Thread.java:1583)
LEAK: ByteBuf.release() was not called before it's garbage-collected. See https://netty.io/wiki/reference-counted-objects.html for more information.
Recent access records: 
Created at:
	io.netty.buffer.SimpleLeakAwareByteBuf.unwrappedDerived(SimpleLeakAwareByteBuf.java:144)
	io.netty.buffer.SimpleLeakAwareByteBuf.retainedSlice(SimpleLeakAwareByteBuf.java:57)
	io.netty.handler.codec.http.multipart.HttpPostStandardRequestDecoder.parseBodyAttributesStandard(HttpPostStandardRequestDecoder.java:497)
	io.netty.handler.codec.http.multipart.HttpPostStandardRequestDecoder.parseBodyAttributes(HttpPostStandardRequestDecoder.java:575)
	io.netty.handler.codec.http.multipart.HttpPostStandardRequestDecoder.parseBody(HttpPostStandardRequestDecoder.java:422)
	io.netty.handler.codec.http.multipart.HttpPostStandardRequestDecoder.offer(HttpPostStandardRequestDecoder.java:338)
	io.netty.handler.codec.http.multipart.HttpPostStandardRequestDecoder.<init>(HttpPostStandardRequestDecoder.java:197)
	io.netty.handler.codec.http.multipart.HttpPostStandardRequestDecoder.<init>(HttpPostStandardRequestDecoder.java:164)
	io.netty.handler.codec.http.multipart.HttpPostRequestDecoder.<init>(HttpPostRequestDecoder.java:118)
	io.netty.handler.codec.http.multipart.HttpPostRequestDecoder.<init>(HttpPostRequestDecoder.java:57)
	com.gempukku.swccgo.async.handler.ChatRequestHandler.postMessages(ChatRequestHandler.java:51)
	com.gempukku.swccgo.async.handler.ChatRequestHandler.handleRequest(ChatRequestHandler.java:44)
	com.gempukku.swccgo.async.handler.RootUriRequestHandler.handleRequest(RootUriRequestHandler.java:109)
	com.gempukku.swccgo.async.SwccgoHttpRequestHandler.channelRead0(SwccgoHttpRequestHandler.java:100)
	com.gempukku.swccgo.async.SwccgoHttpRequestHandler.channelRead0(SwccgoHttpRequestHandler.java:40)
	io.netty.channel.SimpleChannelInboundHandler.channelRead(SimpleChannelInboundHandler.java:99)
	io.netty.channel.AbstractChannelHandlerContext.invokeChannelRead(AbstractChannelHandlerContext.java:444)
	io.netty.channel.AbstractChannelHandlerContext.invokeChannelRead(AbstractChannelHandlerContext.java:420)
	io.netty.channel.AbstractChannelHandlerContext.fireChannelRead(AbstractChannelHandlerContext.java:412)
	io.netty.handler.codec.MessageToMessageDecoder.channelRead(MessageToMessageDecoder.java:103)
	io.netty.handler.codec.MessageToMessageCodec.channelRead(MessageToMessageCodec.java:111)
	io.netty.channel.AbstractChannelHandlerContext.invokeChannelRead(AbstractChannelHandlerContext.java:442)
	io.netty.channel.AbstractChannelHandlerContext.invokeChannelRead(AbstractChannelHandlerContext.java:420)
	io.netty.channel.AbstractChannelHandlerContext.fireChannelRead(AbstractChannelHandlerContext.java:412)
	io.netty.handler.codec.MessageToMessageDecoder.channelRead(MessageToMessageDecoder.java:103)
	io.netty.channel.AbstractChannelHandlerContext.invokeChannelRead(AbstractChannelHandlerContext.java:444)
	io.netty.channel.AbstractChannelHandlerContext.invokeChannelRead(AbstractChannelHandlerContext.java:420)
	io.netty.channel.AbstractChannelHandlerContext.fireChannelRead(AbstractChannelHandlerContext.java:412)
	io.netty.channel.CombinedChannelDuplexHandler$DelegatingChannelHandlerContext.fireChannelRead(CombinedChannelDuplexHandler.java:436)
	io.netty.handler.codec.ByteToMessageDecoder.fireChannelRead(ByteToMessageDecoder.java:346)
	io.netty.handler.codec.ByteToMessageDecoder.channelRead(ByteToMessageDecoder.java:318)
	io.netty.channel.CombinedChannelDuplexHandler.channelRead(CombinedChannelDuplexHandler.java:251)
	io.netty.channel.AbstractChannelHandlerContext.invokeChannelRead(AbstractChannelHandlerContext.java:442)
	io.netty.channel.AbstractChannelHandlerContext.invokeChannelRead(AbstractChannelHandlerContext.java:420)
	io.netty.channel.AbstractChannelHandlerContext.fireChannelRead(AbstractChannelHandlerContext.java:412)
	io.netty.channel.DefaultChannelPipeline$HeadContext.channelRead(DefaultChannelPipeline.java:1410)
	io.netty.channel.AbstractChannelHandlerContext.invokeChannelRead(AbstractChannelHandlerContext.java:440)
	io.netty.channel.AbstractChannelHandlerContext.invokeChannelRead(AbstractChannelHandlerContext.java:420)
	io.netty.channel.DefaultChannelPipeline.fireChannelRead(DefaultChannelPipeline.java:919)
	io.netty.channel.nio.AbstractNioByteChannel$NioByteUnsafe.read(AbstractNioByteChannel.java:166)
	io.netty.channel.nio.NioEventLoop.processSelectedKey(NioEventLoop.java:788)
	io.netty.channel.nio.NioEventLoop.processSelectedKeysOptimized(NioEventLoop.java:724)
	io.netty.channel.nio.NioEventLoop.processSelectedKeys(NioEventLoop.java:650)
	io.netty.channel.nio.NioEventLoop.run(NioEventLoop.java:562)
	io.netty.util.concurrent.SingleThreadEventExecutor$4.run(SingleThreadEventExecutor.java:997)
	io.netty.util.internal.ThreadExecutorMap$2.run(ThreadExecutorMap.java:74)
	io.netty.util.concurrent.FastThreadLocalRunnable.run(FastThreadLocalRunnable.java:30)
	java.base/java.lang.Thread.run(Thread.java:1583)
LEAK: ByteBuf.release() was not called before it's garbage-collected. See https://netty.io/wiki/reference-counted-objects.html for more information.
Recent access records: 
Created at:
	io.netty.buffer.PooledByteBufAllocator.newDirectBuffer(PooledByteBufAllocator.java:404)
	io.netty.buffer.AbstractByteBufAllocator.directBuffer(AbstractByteBufAllocator.java:188)
	io.netty.buffer.AbstractByteBufAllocator.directBuffer(AbstractByteBufAllocator.java:179)
	io.netty.buffer.AbstractByteBufAllocator.buffer(AbstractByteBufAllocator.java:116)
	io.netty.handler.codec.http.multipart.HttpPostStandardRequestDecoder.offer(HttpPostStandardRequestDecoder.java:334)
	io.netty.handler.codec.http.multipart.HttpPostStandardRequestDecoder.<init>(HttpPostStandardRequestDecoder.java:197)
	io.netty.handler.codec.http.multipart.HttpPostStandardRequestDecoder.<init>(HttpPostStandardRequestDecoder.java:164)
	io.netty.handler.codec.http.multipart.HttpPostRequestDecoder.<init>(HttpPostRequestDecoder.java:118)
	io.netty.handler.codec.http.multipart.HttpPostRequestDecoder.<init>(HttpPostRequestDecoder.java:57)
	com.gempukku.swccgo.async.handler.ChatRequestHandler.postMessages(ChatRequestHandler.java:51)
	com.gempukku.swccgo.async.handler.ChatRequestHandler.handleRequest(ChatRequestHandler.java:44)
	com.gempukku.swccgo.async.handler.RootUriRequestHandler.handleRequest(RootUriRequestHandler.java:109)
	com.gempukku.swccgo.async.SwccgoHttpRequestHandler.channelRead0(SwccgoHttpRequestHandler.java:100)
	com.gempukku.swccgo.async.SwccgoHttpRequestHandler.channelRead0(SwccgoHttpRequestHandler.java:40)
	io.netty.channel.SimpleChannelInboundHandler.channelRead(SimpleChannelInboundHandler.java:99)
	io.netty.channel.AbstractChannelHandlerContext.invokeChannelRead(AbstractChannelHandlerContext.java:444)
	io.netty.channel.AbstractChannelHandlerContext.invokeChannelRead(AbstractChannelHandlerContext.java:420)
	io.netty.channel.AbstractChannelHandlerContext.fireChannelRead(AbstractChannelHandlerContext.java:412)
	io.netty.handler.codec.MessageToMessageDecoder.channelRead(MessageToMessageDecoder.java:103)
	io.netty.handler.codec.MessageToMessageCodec.channelRead(MessageToMessageCodec.java:111)
	io.netty.channel.AbstractChannelHandlerContext.invokeChannelRead(AbstractChannelHandlerContext.java:442)
	io.netty.channel.AbstractChannelHandlerContext.invokeChannelRead(AbstractChannelHandlerContext.java:420)
	io.netty.channel.AbstractChannelHandlerContext.fireChannelRead(AbstractChannelHandlerContext.java:412)
	io.netty.handler.codec.MessageToMessageDecoder.channelRead(MessageToMessageDecoder.java:103)
	io.netty.channel.AbstractChannelHandlerContext.invokeChannelRead(AbstractChannelHandlerContext.java:444)
	io.netty.channel.AbstractChannelHandlerContext.invokeChannelRead(AbstractChannelHandlerContext.java:420)
	io.netty.channel.AbstractChannelHandlerContext.fireChannelRead(AbstractChannelHandlerContext.java:412)
	io.netty.channel.CombinedChannelDuplexHandler$DelegatingChannelHandlerContext.fireChannelRead(CombinedChannelDuplexHandler.java:436)
	io.netty.handler.codec.ByteToMessageDecoder.fireChannelRead(ByteToMessageDecoder.java:346)
	io.netty.handler.codec.ByteToMessageDecoder.channelRead(ByteToMessageDecoder.java:318)
	io.netty.channel.CombinedChannelDuplexHandler.channelRead(CombinedChannelDuplexHandler.java:251)
	io.netty.channel.AbstractChannelHandlerContext.invokeChannelRead(AbstractChannelHandlerContext.java:442)
	io.netty.channel.AbstractChannelHandlerContext.invokeChannelRead(AbstractChannelHandlerContext.java:420)
	io.netty.channel.AbstractChannelHandlerContext.fireChannelRead(AbstractChannelHandlerContext.java:412)
	io.netty.channel.DefaultChannelPipeline$HeadContext.channelRead(DefaultChannelPipeline.java:1410)
	io.netty.channel.AbstractChannelHandlerContext.invokeChannelRead(AbstractChannelHandlerContext.java:440)
	io.netty.channel.AbstractChannelHandlerContext.invokeChannelRead(AbstractChannelHandlerContext.java:420)
	io.netty.channel.DefaultChannelPipeline.fireChannelRead(DefaultChannelPipeline.java:919)
	io.netty.channel.nio.AbstractNioByteChannel$NioByteUnsafe.read(AbstractNioByteChannel.java:166)
	io.netty.channel.nio.NioEventLoop.processSelectedKey(NioEventLoop.java:788)
	io.netty.channel.nio.NioEventLoop.processSelectedKeysOptimized(NioEventLoop.java:724)
	io.netty.channel.nio.NioEventLoop.processSelectedKeys(NioEventLoop.java:650)
	io.netty.channel.nio.NioEventLoop.run(NioEventLoop.java:562)
	io.netty.util.concurrent.SingleThreadEventExecutor$4.run(SingleThreadEventExecutor.java:997)
	io.netty.util.internal.ThreadExecutorMap$2.run(ThreadExecutorMap.java:74)
	io.netty.util.concurrent.FastThreadLocalRunnable.run(FastThreadLocalRunnable.java:30)
	java.base/java.lang.Thread.run(Thread.java:1583)
LEAK: ByteBuf.release() was not called before it's garbage-collected. See https://netty.io/wiki/reference-counted-objects.html for more information.
Recent access records: 
Created at:
	io.netty.buffer.SimpleLeakAwareByteBuf.unwrappedDerived(SimpleLeakAwareByteBuf.java:144)
	io.netty.buffer.SimpleLeakAwareByteBuf.retainedSlice(SimpleLeakAwareByteBuf.java:57)
	io.netty.handler.codec.http.multipart.HttpPostStandardRequestDecoder.parseBodyAttributesStandard(HttpPostStandardRequestDecoder.java:534)
	io.netty.handler.codec.http.multipart.HttpPostStandardRequestDecoder.parseBodyAttributes(HttpPostStandardRequestDecoder.java:575)
	io.netty.handler.codec.http.multipart.HttpPostStandardRequestDecoder.parseBody(HttpPostStandardRequestDecoder.java:422)
	io.netty.handler.codec.http.multipart.HttpPostStandardRequestDecoder.offer(HttpPostStandardRequestDecoder.java:338)
	io.netty.handler.codec.http.multipart.HttpPostStandardRequestDecoder.<init>(HttpPostStandardRequestDecoder.java:197)
	io.netty.handler.codec.http.multipart.HttpPostStandardRequestDecoder.<init>(HttpPostStandardRequestDecoder.java:164)
	io.netty.handler.codec.http.multipart.HttpPostRequestDecoder.<init>(HttpPostRequestDecoder.java:118)
	io.netty.handler.codec.http.multipart.HttpPostRequestDecoder.<init>(HttpPostRequestDecoder.java:57)
	com.gempukku.swccgo.async.handler.GameRequestHandler.updateGameState(GameRequestHandler.java:81)
	com.gempukku.swccgo.async.handler.GameRequestHandler.handleRequest(GameRequestHandler.java:73)
	com.gempukku.swccgo.async.handler.RootUriRequestHandler.handleRequest(RootUriRequestHandler.java:118)
	com.gempukku.swccgo.async.SwccgoHttpRequestHandler.channelRead0(SwccgoHttpRequestHandler.java:100)
	com.gempukku.swccgo.async.SwccgoHttpRequestHandler.channelRead0(SwccgoHttpRequestHandler.java:40)
	io.netty.channel.SimpleChannelInboundHandler.channelRead(SimpleChannelInboundHandler.java:99)
	io.netty.channel.AbstractChannelHandlerContext.invokeChannelRead(AbstractChannelHandlerContext.java:444)
	io.netty.channel.AbstractChannelHandlerContext.invokeChannelRead(AbstractChannelHandlerContext.java:420)
	io.netty.channel.AbstractChannelHandlerContext.fireChannelRead(AbstractChannelHandlerContext.java:412)
	io.netty.handler.codec.MessageToMessageDecoder.channelRead(MessageToMessageDecoder.java:103)
	io.netty.handler.codec.MessageToMessageCodec.channelRead(MessageToMessageCodec.java:111)
	io.netty.channel.AbstractChannelHandlerContext.invokeChannelRead(AbstractChannelHandlerContext.java:442)
	io.netty.channel.AbstractChannelHandlerContext.invokeChannelRead(AbstractChannelHandlerContext.java:420)
	io.netty.channel.AbstractChannelHandlerContext.fireChannelRead(AbstractChannelHandlerContext.java:412)
	io.netty.handler.codec.MessageToMessageDecoder.channelRead(MessageToMessageDecoder.java:103)
	io.netty.channel.AbstractChannelHandlerContext.invokeChannelRead(AbstractChannelHandlerContext.java:444)
	io.netty.channel.AbstractChannelHandlerContext.invokeChannelRead(AbstractChannelHandlerContext.java:420)
	io.netty.channel.AbstractChannelHandlerContext.fireChannelRead(AbstractChannelHandlerContext.java:412)
	io.netty.channel.CombinedChannelDuplexHandler$DelegatingChannelHandlerContext.fireChannelRead(CombinedChannelDuplexHandler.java:436)
	io.netty.handler.codec.ByteToMessageDecoder.fireChannelRead(ByteToMessageDecoder.java:346)
	io.netty.handler.codec.ByteToMessageDecoder.channelRead(ByteToMessageDecoder.java:318)
	io.netty.channel.CombinedChannelDuplexHandler.channelRead(CombinedChannelDuplexHandler.java:251)
	io.netty.channel.AbstractChannelHandlerContext.invokeChannelRead(AbstractChannelHandlerContext.java:442)
	io.netty.channel.AbstractChannelHandlerContext.invokeChannelRead(AbstractChannelHandlerContext.java:420)
	io.netty.channel.AbstractChannelHandlerContext.fireChannelRead(AbstractChannelHandlerContext.java:412)
	io.netty.channel.DefaultChannelPipeline$HeadContext.channelRead(DefaultChannelPipeline.java:1410)
	io.netty.channel.AbstractChannelHandlerContext.invokeChannelRead(AbstractChannelHandlerContext.java:440)
	io.netty.channel.AbstractChannelHandlerContext.invokeChannelRead(AbstractChannelHandlerContext.java:420)
	io.netty.channel.DefaultChannelPipeline.fireChannelRead(DefaultChannelPipeline.java:919)
	io.netty.channel.nio.AbstractNioByteChannel$NioByteUnsafe.read(AbstractNioByteChannel.java:166)
	io.netty.channel.nio.NioEventLoop.processSelectedKey(NioEventLoop.java:788)
	io.netty.channel.nio.NioEventLoop.processSelectedKeysOptimized(NioEventLoop.java:724)
	io.netty.channel.nio.NioEventLoop.processSelectedKeys(NioEventLoop.java:650)
	io.netty.channel.nio.NioEventLoop.run(NioEventLoop.java:562)
	io.netty.util.concurrent.SingleThreadEventExecutor$4.run(SingleThreadEventExecutor.java:997)
	io.netty.util.internal.ThreadExecutorMap$2.run(ThreadExecutorMap.java:74)
	io.netty.util.concurrent.FastThreadLocalRunnable.run(FastThreadLocalRunnable.java:30)
	java.base/java.lang.Thread.run(Thread.java:1583)
LEAK: ByteBuf.release() was not called before it's garbage-collected. See https://netty.io/wiki/reference-counted-objects.html for more information.
Recent access records: 
Created at:
	io.netty.buffer.PooledByteBufAllocator.newDirectBuffer(PooledByteBufAllocator.java:404)
	io.netty.buffer.AbstractByteBufAllocator.directBuffer(AbstractByteBufAllocator.java:188)
	io.netty.buffer.AbstractByteBufAllocator.directBuffer(AbstractByteBufAllocator.java:179)
	io.netty.buffer.AbstractByteBufAllocator.buffer(AbstractByteBufAllocator.java:116)
	io.netty.handler.codec.http.multipart.HttpPostStandardRequestDecoder.offer(HttpPostStandardRequestDecoder.java:334)
	io.netty.handler.codec.http.multipart.HttpPostStandardRequestDecoder.<init>(HttpPostStandardRequestDecoder.java:197)
	io.netty.handler.codec.http.multipart.HttpPostStandardRequestDecoder.<init>(HttpPostStandardRequestDecoder.java:164)
	io.netty.handler.codec.http.multipart.HttpPostRequestDecoder.<init>(HttpPostRequestDecoder.java:118)
	io.netty.handler.codec.http.multipart.HttpPostRequestDecoder.<init>(HttpPostRequestDecoder.java:57)
	com.gempukku.swccgo.async.handler.GameRequestHandler.updateGameState(GameRequestHandler.java:81)
	com.gempukku.swccgo.async.handler.GameRequestHandler.handleRequest(GameRequestHandler.java:73)
	com.gempukku.swccgo.async.handler.RootUriRequestHandler.handleRequest(RootUriRequestHandler.java:118)
	com.gempukku.swccgo.async.SwccgoHttpRequestHandler.channelRead0(SwccgoHttpRequestHandler.java:100)
	com.gempukku.swccgo.async.SwccgoHttpRequestHandler.channelRead0(SwccgoHttpRequestHandler.java:40)
	io.netty.channel.SimpleChannelInboundHandler.channelRead(SimpleChannelInboundHandler.java:99)
	io.netty.channel.AbstractChannelHandlerContext.invokeChannelRead(AbstractChannelHandlerContext.java:444)
	io.netty.channel.AbstractChannelHandlerContext.invokeChannelRead(AbstractChannelHandlerContext.java:420)
	io.netty.channel.AbstractChannelHandlerContext.fireChannelRead(AbstractChannelHandlerContext.java:412)
	io.netty.handler.codec.MessageToMessageDecoder.channelRead(MessageToMessageDecoder.java:103)
	io.netty.handler.codec.MessageToMessageCodec.channelRead(MessageToMessageCodec.java:111)
	io.netty.channel.AbstractChannelHandlerContext.invokeChannelRead(AbstractChannelHandlerContext.java:442)
	io.netty.channel.AbstractChannelHandlerContext.invokeChannelRead(AbstractChannelHandlerContext.java:420)
	io.netty.channel.AbstractChannelHandlerContext.fireChannelRead(AbstractChannelHandlerContext.java:412)
	io.netty.handler.codec.MessageToMessageDecoder.channelRead(MessageToMessageDecoder.java:103)
	io.netty.channel.AbstractChannelHandlerContext.invokeChannelRead(AbstractChannelHandlerContext.java:444)
	io.netty.channel.AbstractChannelHandlerContext.invokeChannelRead(AbstractChannelHandlerContext.java:420)
	io.netty.channel.AbstractChannelHandlerContext.fireChannelRead(AbstractChannelHandlerContext.java:412)
	io.netty.channel.CombinedChannelDuplexHandler$DelegatingChannelHandlerContext.fireChannelRead(CombinedChannelDuplexHandler.java:436)
	io.netty.handler.codec.ByteToMessageDecoder.fireChannelRead(ByteToMessageDecoder.java:346)
	io.netty.handler.codec.ByteToMessageDecoder.channelRead(ByteToMessageDecoder.java:318)
	io.netty.channel.CombinedChannelDuplexHandler.channelRead(CombinedChannelDuplexHandler.java:251)
	io.netty.channel.AbstractChannelHandlerContext.invokeChannelRead(AbstractChannelHandlerContext.java:442)
	io.netty.channel.AbstractChannelHandlerContext.invokeChannelRead(AbstractChannelHandlerContext.java:420)
	io.netty.channel.AbstractChannelHandlerContext.fireChannelRead(AbstractChannelHandlerContext.java:412)
	io.netty.channel.DefaultChannelPipeline$HeadContext.channelRead(DefaultChannelPipeline.java:1410)
	io.netty.channel.AbstractChannelHandlerContext.invokeChannelRead(AbstractChannelHandlerContext.java:440)
	io.netty.channel.AbstractChannelHandlerContext.invokeChannelRead(AbstractChannelHandlerContext.java:420)
	io.netty.channel.DefaultChannelPipeline.fireChannelRead(DefaultChannelPipeline.java:919)
	io.netty.channel.nio.AbstractNioByteChannel$NioByteUnsafe.read(AbstractNioByteChannel.java:166)
	io.netty.channel.nio.NioEventLoop.processSelectedKey(NioEventLoop.java:788)
	io.netty.channel.nio.NioEventLoop.processSelectedKeysOptimized(NioEventLoop.java:724)
	io.netty.channel.nio.NioEventLoop.processSelectedKeys(NioEventLoop.java:650)
	io.netty.channel.nio.NioEventLoop.run(NioEventLoop.java:562)
	io.netty.util.concurrent.SingleThreadEventExecutor$4.run(SingleThreadEventExecutor.java:997)
	io.netty.util.internal.ThreadExecutorMap$2.run(ThreadExecutorMap.java:74)
	io.netty.util.concurrent.FastThreadLocalRunnable.run(FastThreadLocalRunnable.java:30)
	java.base/java.lang.Thread.run(Thread.java:1583)
Property.....: application.root
Property.....: application.root
Property.....: application.root
Property.....: application.root
2024-09-28T14:51:32.400235817Z pool-1-thread-1 DEBUG Stopping LoggerContext[name=4f2410ac, org.apache.logging.log4j.core.LoggerContext@2f490758]
2024-09-28T14:51:32.400641414Z pool-1-thread-1 DEBUG Stopping LoggerContext[name=4f2410ac, org.apache.logging.log4j.core.LoggerContext@2f490758]...
2024-09-28T14:51:32.401051430Z pool-1-thread-1 TRACE Unregistering 1 MBeans: [org.apache.logging.log4j2:type=4f2410ac]
2024-09-28T14:51:32.401339425Z pool-1-thread-1 TRACE Unregistering 1 MBeans: [org.apache.logging.log4j2:type=4f2410ac,component=StatusLogger]
2024-09-28T14:51:32.401568579Z pool-1-thread-1 TRACE Unregistering 1 MBeans: [org.apache.logging.log4j2:type=4f2410ac,component=ContextSelector]
2024-09-28T14:51:32.401819923Z pool-1-thread-1 TRACE Unregistering 3 MBeans: [org.apache.logging.log4j2:type=4f2410ac,component=Loggers,name=, org.apache.logging.log4j2:type=4f2410ac,component=Loggers,name=com.gempukku, org.apache.logging.log4j2:type=4f2410ac,component=Loggers,name=chat]
2024-09-28T14:51:32.402094938Z pool-1-thread-1 TRACE Unregistering 3 MBeans: [org.apache.logging.log4j2:type=4f2410ac,component=Appenders,name=stdout, org.apache.logging.log4j2:type=4f2410ac,component=Appenders,name=chat, org.apache.logging.log4j2:type=4f2410ac,component=Appenders,name=mainlog]
2024-09-28T14:51:32.402320211Z pool-1-thread-1 TRACE Unregistering but no MBeans found matching 'org.apache.logging.log4j2:type=4f2410ac,component=AsyncAppenders,name=*'
2024-09-28T14:51:32.402490214Z pool-1-thread-1 TRACE Unregistering but no MBeans found matching 'org.apache.logging.log4j2:type=4f2410ac,component=AsyncLoggerRingBuffer'
2024-09-28T14:51:32.402657267Z pool-1-thread-1 TRACE Unregistering but no MBeans found matching 'org.apache.logging.log4j2:type=4f2410ac,component=Loggers,name=*,subtype=RingBuffer'
2024-09-28T14:51:32.403529401Z pool-1-thread-1 TRACE Stopping XmlConfiguration[location=/opt/gemp-swccg/src/gemp-swccg-async/src/main/resources/prod-log4j.xml]...
2024-09-28T14:51:32.403708394Z pool-1-thread-1 TRACE XmlConfiguration notified 4 ReliabilityStrategies that config will be stopped.
2024-09-28T14:51:32.403851796Z pool-1-thread-1 TRACE XmlConfiguration stopping 3 LoggerConfigs.
2024-09-28T14:51:32.403996409Z pool-1-thread-1 TRACE XmlConfiguration stopping root LoggerConfig.
2024-09-28T14:51:32.404142291Z pool-1-thread-1 TRACE XmlConfiguration notifying ReliabilityStrategies that appenders will be stopped.
2024-09-28T14:51:32.404304584Z pool-1-thread-1 TRACE XmlConfiguration stopping remaining Appenders.
2024-09-28T14:51:32.404473106Z pool-1-thread-1 DEBUG Appender chat stopped with status true
2024-09-28T14:51:32.404609719Z pool-1-thread-1 DEBUG Appender stdout stopped with status true
2024-09-28T14:51:32.404746641Z pool-1-thread-1 DEBUG Appender mainlog stopped with status true
2024-09-28T14:51:32.404881133Z pool-1-thread-1 TRACE XmlConfiguration stopped 3 remaining Appenders.
2024-09-28T14:51:32.405009885Z pool-1-thread-1 TRACE XmlConfiguration cleaning Appenders from 4 LoggerConfigs.
2024-09-28T14:51:32.405178538Z pool-1-thread-1 DEBUG Stopped XmlConfiguration[location=/opt/gemp-swccg/src/gemp-swccg-async/src/main/resources/prod-log4j.xml] OK
2024-09-28T14:51:32.405388571Z pool-1-thread-1 DEBUG Stopped LoggerContext[name=4f2410ac, org.apache.logging.log4j.core.LoggerContext@2f490758] with status true
2024-09-28T14:51:32.405531453Z pool-1-thread-1 DEBUG Stopping LoggerContext[name=Default, org.apache.logging.log4j.core.LoggerContext@6f36e806]
2024-09-28T14:51:32.405664456Z pool-1-thread-1 DEBUG Stopping LoggerContext[name=Default, org.apache.logging.log4j.core.LoggerContext@6f36e806]...
2024-09-28T14:51:32.405876089Z pool-1-thread-1 TRACE Unregistering but no MBeans found matching 'org.apache.logging.log4j2:type=Default'
2024-09-28T14:51:32.406033562Z pool-1-thread-1 TRACE Unregistering but no MBeans found matching 'org.apache.logging.log4j2:type=Default,component=StatusLogger'
2024-09-28T14:51:32.406196004Z pool-1-thread-1 TRACE Unregistering but no MBeans found matching 'org.apache.logging.log4j2:type=Default,component=ContextSelector'
2024-09-28T14:51:32.406407388Z pool-1-thread-1 TRACE Unregistering but no MBeans found matching 'org.apache.logging.log4j2:type=Default,component=Loggers,name=*'
2024-09-28T14:51:32.406577190Z pool-1-thread-1 TRACE Unregistering but no MBeans found matching 'org.apache.logging.log4j2:type=Default,component=Appenders,name=*'
2024-09-28T14:51:32.406774223Z pool-1-thread-1 TRACE Unregistering but no MBeans found matching 'org.apache.logging.log4j2:type=Default,component=AsyncAppenders,name=*'
2024-09-28T14:51:32.406961366Z pool-1-thread-1 TRACE Unregistering but no MBeans found matching 'org.apache.logging.log4j2:type=Default,component=AsyncLoggerRingBuffer'
2024-09-28T14:51:32.407135799Z pool-1-thread-1 TRACE Unregistering but no MBeans found matching 'org.apache.logging.log4j2:type=Default,component=Loggers,name=*,subtype=RingBuffer'
2024-09-28T14:51:32.407350683Z pool-1-thread-1 TRACE Stopping XmlConfiguration[location=/opt/gemp-swccg/src/gemp-swccg-async/src/main/resources/prod-log4j.xml]...
2024-09-28T14:51:32.407484695Z pool-1-thread-1 TRACE XmlConfiguration notified 4 ReliabilityStrategies that config will be stopped.
2024-09-28T14:51:32.407612347Z pool-1-thread-1 TRACE XmlConfiguration stopping 3 LoggerConfigs.
2024-09-28T14:51:32.407738829Z pool-1-thread-1 TRACE XmlConfiguration stopping root LoggerConfig.
2024-09-28T14:51:32.407875031Z pool-1-thread-1 TRACE XmlConfiguration notifying ReliabilityStrategies that appenders will be stopped.
2024-09-28T14:51:32.408065764Z pool-1-thread-1 TRACE XmlConfiguration stopping remaining Appenders.
2024-09-28T14:51:32.408204697Z pool-1-thread-1 DEBUG Shutting down RollingFileManager ../logs/swccg_chat.log
2024-09-28T14:51:32.408345569Z pool-1-thread-1 DEBUG Shutting down RollingFileManager ../logs/swccg_chat.log
2024-09-28T14:51:32.408779156Z pool-1-thread-1 DEBUG OutputStream closed
2024-09-28T14:51:32.409059060Z pool-1-thread-1 DEBUG All asynchronous threads have terminated
2024-09-28T14:51:32.409215403Z pool-1-thread-1 DEBUG RollingFileManager shutdown completed with status true
2024-09-28T14:51:32.409358345Z pool-1-thread-1 DEBUG Shut down RollingFileManager ../logs/swccg_chat.log, all resources released: true
2024-09-28T14:51:32.409495447Z pool-1-thread-1 DEBUG Appender chat stopped with status true
2024-09-28T14:51:32.409697381Z pool-1-thread-1 DEBUG Shutting down OutputStreamManager SYSTEM_OUT.false.false
2024-09-28T14:51:32.409842703Z pool-1-thread-1 DEBUG OutputStream closed
2024-09-28T14:51:32.409988496Z pool-1-thread-1 DEBUG Shut down OutputStreamManager SYSTEM_OUT.false.false, all resources released: true
2024-09-28T14:51:32.410142848Z pool-1-thread-1 DEBUG Appender stdout stopped with status true
2024-09-28T14:51:32.410281040Z pool-1-thread-1 DEBUG Shutting down RollingFileManager ../logs/gemp-swccg.log
2024-09-28T14:51:32.410435343Z pool-1-thread-1 DEBUG Shutting down RollingFileManager ../logs/gemp-swccg.log
2024-09-28T14:51:32.410845889Z pool-1-thread-1 DEBUG OutputStream closed
2024-09-28T14:51:32.410990331Z pool-1-thread-1 DEBUG All asynchronous threads have terminated
2024-09-28T14:51:32.411153164Z pool-1-thread-1 DEBUG RollingFileManager shutdown completed with status true
2024-09-28T14:51:32.411333547Z pool-1-thread-1 DEBUG Shut down RollingFileManager ../logs/gemp-swccg.log, all resources released: true
2024-09-28T14:51:32.411469069Z pool-1-thread-1 DEBUG Appender mainlog stopped with status true
2024-09-28T14:51:32.411603671Z pool-1-thread-1 TRACE XmlConfiguration stopped 3 remaining Appenders.
2024-09-28T14:51:32.411736483Z pool-1-thread-1 TRACE XmlConfiguration cleaning Appenders from 4 LoggerConfigs.
2024-09-28T14:51:32.411893856Z pool-1-thread-1 DEBUG Stopped XmlConfiguration[location=/opt/gemp-swccg/src/gemp-swccg-async/src/main/resources/prod-log4j.xml] OK
2024-09-28T14:51:32.412060659Z pool-1-thread-1 DEBUG Stopped LoggerContext[name=Default, org.apache.logging.log4j.core.LoggerContext@6f36e806] with status true
2024-09-28T14:51:44.085021503Z main DEBUG Using ShutdownCallbackRegistry class org.apache.logging.log4j.core.util.DefaultShutdownCallbackRegistry
2024-09-28T14:51:44.250627301Z main DEBUG Took 0.136795 seconds to load 226 plugins from jdk.internal.loader.ClassLoaders$AppClassLoader@4f2410ac
2024-09-28T14:51:44.251103479Z main DEBUG PluginManager 'Lookup' found 16 plugins
2024-09-28T14:51:44.286608248Z main DEBUG AsyncLogger.ThreadNameStrategy=UNCACHED (user specified null, default is UNCACHED)
2024-09-28T14:51:44.288246556Z main TRACE Using default SystemClock for timestamps.
2024-09-28T14:51:44.289245654Z main DEBUG org.apache.logging.log4j.core.util.SystemClock does not support precise timestamps.
2024-09-28T14:51:44.298187842Z main DEBUG PluginManager 'Lookup' found 16 plugins
2024-09-28T14:51:44.303828042Z main DEBUG PluginManager 'Converter' found 45 plugins
2024-09-28T14:51:44.358004979Z main DEBUG Starting OutputStreamManager SYSTEM_OUT.false.false-1
2024-09-28T14:51:44.359453294Z main DEBUG Starting LoggerContext[name=4f2410ac, org.apache.logging.log4j.core.LoggerContext@2f490758]...
2024-09-28T14:51:44.359890172Z main DEBUG Reconfiguration started for context[name=4f2410ac] at URI null (org.apache.logging.log4j.core.LoggerContext@2f490758) with optional ClassLoader: null
2024-09-28T14:51:44.361663291Z main DEBUG PluginManager 'Lookup' found 16 plugins
2024-09-28T14:51:44.362269172Z main DEBUG PluginManager 'ConfigurationFactory' found 4 plugins
2024-09-28T14:51:44.365218496Z main DEBUG PluginManager 'Lookup' found 16 plugins
2024-09-28T14:51:44.365951699Z main DEBUG PluginManager 'Lookup' found 16 plugins
2024-09-28T14:51:44.366397997Z main DEBUG Missing dependencies for Yaml support, ConfigurationFactory org.apache.logging.log4j.core.config.yaml.YamlConfigurationFactory is inactive
2024-09-28T14:51:44.366747014Z main DEBUG PluginManager 'Lookup' found 16 plugins
2024-09-28T14:51:44.367458336Z main DEBUG Missing dependencies for Json support, ConfigurationFactory org.apache.logging.log4j.core.config.json.JsonConfigurationFactory is inactive
2024-09-28T14:51:44.367758961Z main DEBUG PluginManager 'Lookup' found 16 plugins
2024-09-28T14:51:44.370088272Z main DEBUG Using configurationFactory org.apache.logging.log4j.core.config.ConfigurationFactory$Factory@17776a8
2024-09-28T14:51:44.377828959Z main DEBUG PluginManager 'Lookup' found 16 plugins
2024-09-28T14:51:44.380562418Z main DEBUG Closing FileInputStream java.io.FileInputStream@11e21d0e
2024-09-28T14:51:44.413929996Z main DEBUG null null initializing configuration XmlConfiguration[location=/opt/gemp-swccg/src/gemp-swccg-async/src/main/resources/prod-log4j.xml]
2024-09-28T14:51:44.414428315Z main DEBUG PluginManager 'Core' found 131 plugins
2024-09-28T14:51:44.414815102Z main DEBUG PluginManager 'Level' found 0 plugins
2024-09-28T14:51:44.419327722Z main DEBUG PluginManager 'Lookup' found 16 plugins
2024-09-28T14:51:44.420862667Z main DEBUG Building Plugin[name=layout, class=org.apache.logging.log4j.core.layout.PatternLayout].
2024-09-28T14:51:44.434671785Z main TRACE TypeConverterRegistry initializing.
2024-09-28T14:51:44.435005901Z main DEBUG PluginManager 'TypeConverter' found 26 plugins
2024-09-28T14:51:44.452372508Z main DEBUG PatternLayout$Builder(pattern="%m%n", PatternSelector=null, Configuration(MyApp), Replace=null, charset="null", alwaysWriteExceptions="null", disableAnsi="null", noConsoleNoAnsi="null", header="null", footer="null")
2024-09-28T14:51:44.452861317Z main DEBUG PluginManager 'Converter' found 45 plugins
2024-09-28T14:51:44.454206941Z main DEBUG Building Plugin[name=appender, class=org.apache.logging.log4j.core.appender.ConsoleAppender].
2024-09-28T14:51:44.467298751Z main DEBUG ConsoleAppender$Builder(target="SYSTEM_OUT", follow="null", direct="null", bufferedIo="null", bufferSize="null", immediateFlush="null", ignoreExceptions="null", PatternLayout(%m%n), name="stdout", Configuration(MyApp), Filter=null, ={})
2024-09-28T14:51:44.471537427Z main DEBUG Starting OutputStreamManager SYSTEM_OUT.false.false
2024-09-28T14:51:44.472012672Z main DEBUG Building Plugin[name=layout, class=org.apache.logging.log4j.core.layout.PatternLayout].
2024-09-28T14:51:44.472839430Z main DEBUG PatternLayout$Builder(pattern="%d{yyyy-MM-dd HH:mm:ss,SSS} %5p %c{1}:%L - %m%n", PatternSelector=null, Configuration(MyApp), Replace=null, charset="null", alwaysWriteExceptions="null", disableAnsi="null", noConsoleNoAnsi="null", header="null", footer="null")
2024-09-28T14:51:44.480053646Z main DEBUG Building Plugin[name=TimeBasedTriggeringPolicy, class=org.apache.logging.log4j.core.appender.rolling.TimeBasedTriggeringPolicy].
2024-09-28T14:51:44.482930987Z main DEBUG TimeBasedTriggeringPolicy$Builder(interval="null", modulate="null", maxRandomDelay="null")
2024-09-28T14:51:44.483360415Z main DEBUG Building Plugin[name=SizeBasedTriggeringPolicy, class=org.apache.logging.log4j.core.appender.rolling.SizeBasedTriggeringPolicy].
2024-09-28T14:51:44.486510090Z main DEBUG createPolicy(size="10 MB")
2024-09-28T14:51:44.489042256Z main DEBUG Building Plugin[name=Policies, class=org.apache.logging.log4j.core.appender.rolling.CompositeTriggeringPolicy].
2024-09-28T14:51:44.489645296Z main DEBUG createPolicy(={TimeBasedTriggeringPolicy(nextRolloverMillis=0, interval=1, modulate=false), SizeBasedTriggeringPolicy(size=10485760)})
2024-09-28T14:51:44.490093094Z main DEBUG Building Plugin[name=DefaultRolloverStrategy, class=org.apache.logging.log4j.core.appender.rolling.DefaultRolloverStrategy].
2024-09-28T14:51:44.492818093Z main DEBUG DefaultRolloverStrategy$Builder(max="20", min="null", fileIndex="null", compressionLevel="null", ={}, stopCustomActionsOnError="null", tempCompressedFilePattern="null", Configuration(MyApp))
2024-09-28T14:51:44.493047277Z main DEBUG Building Plugin[name=appender, class=org.apache.logging.log4j.core.appender.RollingFileAppender].
2024-09-28T14:51:44.495193335Z main DEBUG RollingFileAppender$Builder(fileName="../logs/gemp-swccg.log", filePattern="../logs/${date:yyyy-MM}/app-%d{MM-dd-yyyy}-%i.log.gz", append="null", locking="null", Policies(CompositeTriggeringPolicy(policies=[TimeBasedTriggeringPolicy(nextRolloverMillis=0, interval=1, modulate=false), SizeBasedTriggeringPolicy(size=10485760)])), DefaultRolloverStrategy(DefaultRolloverStrategy(min=1, max=20, useMax=true)), advertise="null", advertiseUri="null", createOnDemand="null", filePermissions="null", fileOwner="null", fileGroup="null", bufferedIo="null", bufferSize="null", immediateFlush="null", ignoreExceptions="null", PatternLayout(%d{yyyy-MM-dd HH:mm:ss,SSS} %5p %c{1}:%L - %m%n), name="mainlog", Configuration(MyApp), Filter=null, ={})
2024-09-28T14:51:44.499685133Z main TRACE New file '../logs/gemp-swccg.log' created = false
2024-09-28T14:51:44.501917563Z main INFO Unable to obtain file creation time for /opt/gemp-swccg/src/../logs/gemp-swccg.log
2024-09-28T14:51:44.502832409Z main DEBUG Starting RollingFileManager ../logs/gemp-swccg.log
2024-09-28T14:51:44.506177188Z main DEBUG PluginManager 'FileConverter' found 2 plugins
2024-09-28T14:51:44.511663316Z main DEBUG Setting prev file time to 2024-09-28T14:47:46.157+0000
2024-09-28T14:51:44.512082963Z main DEBUG Initializing triggering policy CompositeTriggeringPolicy(policies=[TimeBasedTriggeringPolicy(nextRolloverMillis=0, interval=1, modulate=false), SizeBasedTriggeringPolicy(size=10485760)])
2024-09-28T14:51:44.512341878Z main DEBUG Initializing triggering policy TimeBasedTriggeringPolicy(nextRolloverMillis=0, interval=1, modulate=false)
2024-09-28T14:51:44.513881165Z main TRACE PatternProcessor.getNextTime returning 2024/09/29-00:00:00.000, nextFileTime=2024/09/28-00:00:00.000, prevFileTime=1970/01/01-00:00:00.000, current=2024/09/28-14:51:44.513, freq=DAILY
2024-09-28T14:51:44.515702427Z main TRACE PatternProcessor.getNextTime returning 2024/09/29-00:00:00.000, nextFileTime=2024/09/28-00:00:00.000, prevFileTime=2024/09/28-00:00:00.000, current=2024/09/28-14:51:44.515, freq=DAILY
2024-09-28T14:51:44.516078884Z main DEBUG Initializing triggering policy SizeBasedTriggeringPolicy(size=10485760)
2024-09-28T14:51:44.516475281Z main DEBUG Building Plugin[name=layout, class=org.apache.logging.log4j.core.layout.PatternLayout].
2024-09-28T14:51:44.517173613Z main DEBUG PatternLayout$Builder(pattern="%d{yyyy-MM-dd HH:mm:ss,SSS} %5p %c{1}:%L - %m%n", PatternSelector=null, Configuration(MyApp), Replace=null, charset="null", alwaysWriteExceptions="null", disableAnsi="null", noConsoleNoAnsi="null", header="null", footer="null")
2024-09-28T14:51:44.517866685Z main DEBUG Building Plugin[name=TimeBasedTriggeringPolicy, class=org.apache.logging.log4j.core.appender.rolling.TimeBasedTriggeringPolicy].
2024-09-28T14:51:44.518216521Z main DEBUG TimeBasedTriggeringPolicy$Builder(interval="null", modulate="null", maxRandomDelay="null")
2024-09-28T14:51:44.518435015Z main DEBUG Building Plugin[name=SizeBasedTriggeringPolicy, class=org.apache.logging.log4j.core.appender.rolling.SizeBasedTriggeringPolicy].
2024-09-28T14:51:44.518910460Z main DEBUG createPolicy(size="10 MB")
2024-09-28T14:51:44.519304210Z main DEBUG Building Plugin[name=Policies, class=org.apache.logging.log4j.core.appender.rolling.CompositeTriggeringPolicy].
2024-09-28T14:51:44.519688587Z main DEBUG createPolicy(={TimeBasedTriggeringPolicy(nextRolloverMillis=0, interval=1, modulate=false), SizeBasedTriggeringPolicy(size=10485760)})
2024-09-28T14:51:44.519945551Z main DEBUG Building Plugin[name=DefaultRolloverStrategy, class=org.apache.logging.log4j.core.appender.rolling.DefaultRolloverStrategy].
2024-09-28T14:51:44.520371009Z main DEBUG DefaultRolloverStrategy$Builder(max="20", min="null", fileIndex="null", compressionLevel="null", ={}, stopCustomActionsOnError="null", tempCompressedFilePattern="null", Configuration(MyApp))
2024-09-28T14:51:44.520603623Z main DEBUG Building Plugin[name=appender, class=org.apache.logging.log4j.core.appender.RollingFileAppender].
2024-09-28T14:51:44.521262984Z main DEBUG RollingFileAppender$Builder(fileName="../logs/swccg_chat.log", filePattern="../logs/${date:yyyy-MM}/app-%d{MM-dd-yyyy}-%i.log.gz", append="null", locking="null", Policies(CompositeTriggeringPolicy(policies=[TimeBasedTriggeringPolicy(nextRolloverMillis=0, interval=1, modulate=false), SizeBasedTriggeringPolicy(size=10485760)])), DefaultRolloverStrategy(DefaultRolloverStrategy(min=1, max=20, useMax=true)), advertise="null", advertiseUri="null", createOnDemand="null", filePermissions="null", fileOwner="null", fileGroup="null", bufferedIo="null", bufferSize="null", immediateFlush="null", ignoreExceptions="null", PatternLayout(%d{yyyy-MM-dd HH:mm:ss,SSS} %5p %c{1}:%L - %m%n), name="chat", Configuration(MyApp), Filter=null, ={})
2024-09-28T14:51:44.522938744Z main TRACE New file '../logs/swccg_chat.log' created = false
2024-09-28T14:51:44.524803037Z main INFO Unable to obtain file creation time for /opt/gemp-swccg/src/../logs/swccg_chat.log
2024-09-28T14:51:44.525684073Z main DEBUG Starting RollingFileManager ../logs/swccg_chat.log
2024-09-28T14:51:44.526048069Z main DEBUG PluginManager 'FileConverter' found 2 plugins
2024-09-28T14:51:44.526546938Z main DEBUG Setting prev file time to 2024-09-28T14:46:31.849+0000
2024-09-28T14:51:44.526779252Z main DEBUG Initializing triggering policy CompositeTriggeringPolicy(policies=[TimeBasedTriggeringPolicy(nextRolloverMillis=0, interval=1, modulate=false), SizeBasedTriggeringPolicy(size=10485760)])
2024-09-28T14:51:44.526989956Z main DEBUG Initializing triggering policy TimeBasedTriggeringPolicy(nextRolloverMillis=0, interval=1, modulate=false)
2024-09-28T14:51:44.527684358Z main TRACE PatternProcessor.getNextTime returning 2024/09/29-00:00:00.000, nextFileTime=2024/09/28-00:00:00.000, prevFileTime=1970/01/01-00:00:00.000, current=2024/09/28-14:51:44.527, freq=DAILY
2024-09-28T14:51:44.528321229Z main TRACE PatternProcessor.getNextTime returning 2024/09/29-00:00:00.000, nextFileTime=2024/09/28-00:00:00.000, prevFileTime=2024/09/28-00:00:00.000, current=2024/09/28-14:51:44.528, freq=DAILY
2024-09-28T14:51:44.528577224Z main DEBUG Initializing triggering policy SizeBasedTriggeringPolicy(size=10485760)
2024-09-28T14:51:44.528869569Z main DEBUG Building Plugin[name=appenders, class=org.apache.logging.log4j.core.config.AppendersPlugin].
2024-09-28T14:51:44.529395949Z main DEBUG createAppenders(={stdout, mainlog, chat})
2024-09-28T14:51:44.529804706Z main DEBUG Building Plugin[name=AppenderRef, class=org.apache.logging.log4j.core.config.AppenderRef].
2024-09-28T14:51:44.530302685Z main DEBUG createAppenderRef(ref="stdout", level="null", Filter=null)
2024-09-28T14:51:44.531744960Z main DEBUG Building Plugin[name=logger, class=org.apache.logging.log4j.core.config.LoggerConfig].
2024-09-28T14:51:44.535520927Z main DEBUG LoggerConfig$Builder(additivity="false", level="DEBUG", levelAndRefs="null", name="com.gempukku", includeLocation="null", ={stdout}, ={}, Configuration(MyApp), Filter=null)
2024-09-28T14:51:44.537786497Z main DEBUG Building Plugin[name=AppenderRef, class=org.apache.logging.log4j.core.config.AppenderRef].
2024-09-28T14:51:44.538339437Z main DEBUG createAppenderRef(ref="chat", level="null", Filter=null)
2024-09-28T14:51:44.538577761Z main DEBUG Building Plugin[name=logger, class=org.apache.logging.log4j.core.config.LoggerConfig].
2024-09-28T14:51:44.539031048Z main DEBUG LoggerConfig$Builder(additivity="null", level="ALL", levelAndRefs="null", name="chat", includeLocation="null", ={chat}, ={}, Configuration(MyApp), Filter=null)
2024-09-28T14:51:44.539299063Z main DEBUG Building Plugin[name=AppenderRef, class=org.apache.logging.log4j.core.config.AppenderRef].
2024-09-28T14:51:44.539647639Z main DEBUG createAppenderRef(ref="stdout", level="null", Filter=null)
2024-09-28T14:51:44.539820752Z main DEBUG Building Plugin[name=AppenderRef, class=org.apache.logging.log4j.core.config.AppenderRef].
2024-09-28T14:51:44.540133488Z main DEBUG createAppenderRef(ref="mainlog", level="null", Filter=null)
2024-09-28T14:51:44.540347202Z main DEBUG Building Plugin[name=root, class=org.apache.logging.log4j.core.config.LoggerConfig$RootLogger].
2024-09-28T14:51:44.542575311Z main DEBUG LoggerConfig$RootLogger$Builder(additivity="null", level="ERROR", levelAndRefs="null", includeLocation="null", ={stdout, mainlog}, ={}, Configuration(MyApp), Filter=null)
2024-09-28T14:51:44.542993208Z main DEBUG Building Plugin[name=loggers, class=org.apache.logging.log4j.core.config.LoggersPlugin].
2024-09-28T14:51:44.544195377Z main DEBUG createLoggers(={com.gempukku, chat, root})
2024-09-28T14:51:44.545315539Z main DEBUG Configuration XmlConfiguration[location=/opt/gemp-swccg/src/gemp-swccg-async/src/main/resources/prod-log4j.xml] initialized
2024-09-28T14:51:44.545532733Z main DEBUG Starting configuration XmlConfiguration[location=/opt/gemp-swccg/src/gemp-swccg-async/src/main/resources/prod-log4j.xml]
2024-09-28T14:51:44.545760347Z main DEBUG Started configuration XmlConfiguration[location=/opt/gemp-swccg/src/gemp-swccg-async/src/main/resources/prod-log4j.xml] OK.
2024-09-28T14:51:44.546151121Z main TRACE Stopping org.apache.logging.log4j.core.config.DefaultConfiguration@c46bcd4...
2024-09-28T14:51:44.546455080Z main TRACE DefaultConfiguration notified 1 ReliabilityStrategies that config will be stopped.
2024-09-28T14:51:44.546649103Z main TRACE DefaultConfiguration stopping root LoggerConfig.
2024-09-28T14:51:44.546871307Z main TRACE DefaultConfiguration notifying ReliabilityStrategies that appenders will be stopped.
2024-09-28T14:51:44.547152132Z main TRACE DefaultConfiguration stopping remaining Appenders.
2024-09-28T14:51:44.547435367Z main DEBUG Shutting down OutputStreamManager SYSTEM_OUT.false.false-1
2024-09-28T14:51:44.547682091Z main DEBUG OutputStream closed
2024-09-28T14:51:44.547868025Z main DEBUG Shut down OutputStreamManager SYSTEM_OUT.false.false-1, all resources released: true
2024-09-28T14:51:44.548091599Z main DEBUG Appender DefaultConsole-1 stopped with status true
2024-09-28T14:51:44.548313793Z main TRACE DefaultConfiguration stopped 1 remaining Appenders.
2024-09-28T14:51:44.548557597Z main TRACE DefaultConfiguration cleaning Appenders from 1 LoggerConfigs.
2024-09-28T14:51:44.548807919Z main DEBUG Stopped org.apache.logging.log4j.core.config.DefaultConfiguration@c46bcd4 OK
2024-09-28T14:51:44.659883876Z main TRACE Reregistering MBeans after reconfigure. Selector=org.apache.logging.log4j.core.selector.ClassLoaderContextSelector@c333c60
2024-09-28T14:51:44.660349624Z main TRACE Reregistering context (1/1): '4f2410ac' org.apache.logging.log4j.core.LoggerContext@2f490758
2024-09-28T14:51:44.660729461Z main TRACE Unregistering but no MBeans found matching 'org.apache.logging.log4j2:type=4f2410ac'
2024-09-28T14:51:44.661208720Z main TRACE Unregistering but no MBeans found matching 'org.apache.logging.log4j2:type=4f2410ac,component=StatusLogger'
2024-09-28T14:51:44.661641784Z main TRACE Unregistering but no MBeans found matching 'org.apache.logging.log4j2:type=4f2410ac,component=ContextSelector'
2024-09-28T14:51:44.662006394Z main TRACE Unregistering but no MBeans found matching 'org.apache.logging.log4j2:type=4f2410ac,component=Loggers,name=*'
2024-09-28T14:51:44.662359930Z main TRACE Unregistering but no MBeans found matching 'org.apache.logging.log4j2:type=4f2410ac,component=Appenders,name=*'
2024-09-28T14:51:44.662675895Z main TRACE Unregistering but no MBeans found matching 'org.apache.logging.log4j2:type=4f2410ac,component=AsyncAppenders,name=*'
2024-09-28T14:51:44.662958480Z main TRACE Unregistering but no MBeans found matching 'org.apache.logging.log4j2:type=4f2410ac,component=AsyncLoggerRingBuffer'
2024-09-28T14:51:44.663268336Z main TRACE Unregistering but no MBeans found matching 'org.apache.logging.log4j2:type=4f2410ac,component=Loggers,name=*,subtype=RingBuffer'
2024-09-28T14:51:44.664941135Z main DEBUG Registering MBean org.apache.logging.log4j2:type=4f2410ac
2024-09-28T14:51:44.667211255Z main DEBUG Registering MBean org.apache.logging.log4j2:type=4f2410ac,component=StatusLogger
2024-09-28T14:51:44.669614687Z main DEBUG Registering MBean org.apache.logging.log4j2:type=4f2410ac,component=ContextSelector
2024-09-28T14:51:44.671267196Z main DEBUG Registering MBean org.apache.logging.log4j2:type=4f2410ac,component=Loggers,name=
2024-09-28T14:51:44.671827036Z main DEBUG Registering MBean org.apache.logging.log4j2:type=4f2410ac,component=Loggers,name=com.gempukku
2024-09-28T14:51:44.672107371Z main DEBUG Registering MBean org.apache.logging.log4j2:type=4f2410ac,component=Loggers,name=chat
2024-09-28T14:51:44.673420384Z main DEBUG Registering MBean org.apache.logging.log4j2:type=4f2410ac,component=Appenders,name=mainlog
2024-09-28T14:51:44.674264859Z main DEBUG Registering MBean org.apache.logging.log4j2:type=4f2410ac,component=Appenders,name=stdout
2024-09-28T14:51:44.674681296Z main DEBUG Registering MBean org.apache.logging.log4j2:type=4f2410ac,component=Appenders,name=chat
2024-09-28T14:51:44.676605231Z main TRACE Using default SystemClock for timestamps.
2024-09-28T14:51:44.676896556Z main DEBUG org.apache.logging.log4j.core.util.SystemClock does not support precise timestamps.
2024-09-28T14:51:44.677230002Z main TRACE Using DummyNanoClock for nanosecond timestamps.
2024-09-28T14:51:44.677450556Z main DEBUG Reconfiguration complete for context[name=4f2410ac] at URI /opt/gemp-swccg/src/gemp-swccg-async/src/main/resources/prod-log4j.xml (org.apache.logging.log4j.core.LoggerContext@2f490758) with optional ClassLoader: null
2024-09-28T14:51:44.677648299Z main DEBUG Shutdown hook enabled. Registering a new one.
2024-09-28T14:51:44.679422138Z main DEBUG LoggerContext[name=4f2410ac, org.apache.logging.log4j.core.LoggerContext@2f490758] started OK.
Property.....: port
GempukkuServer loading prerequisites...
GempukkuServer loading DAOs...
Property.....: db.connection.class
Property.....: db.connection.url
Property.....: db.connection.hostname
Property.....: db.connection.dbname
DB Hostname..: gemp_swccg_db_1
DB Name......: gemp-swccg
DB URL.......: jdbc:mysql://gemp_swccg_db_1/gemp-swccg
Property.....: db.connection.username
Property.....: db.connection.password
2024-09-28T14:51:44.730870019Z main WARN Runtime environment or build system does not support multi-release JARs. This will impact location-based features.
Property.....: db.connection.validateQuery
GempukkuServer loading card products...
GempukkuServer loading services...
Loading set 1
Loading set 2
Loading set 3
Loading set 4
Loading set 5
Loading set 6
Loading set 7
Loading set 8
Loading set 9
Loading set 10
Loading set 11
Loading set 12
Loading set 13
Loading set 14
Loading set 101
Loading set 102
Loading set 103
Loading set 104
Loading set 105
Loading set 106
Loading set 107
Loading set 108
Loading set 109
Loading set 110
Loading set 111
Loading set 112
Loading set 200
Loading set 201
Loading set 202
Loading set 203
Loading set 204
Loading set 205
Loading set 206
Loading set 207
Loading set 208
Loading set 209
Loading set 210
Loading set 211
Loading set 212
Loading set 213
Loading set 214
Loading set 215
Loading set 216
Loading set 217
Loading set 218
Loading set 219
Loading set 220
Loading set 221
Loading set 222
Loading set 223
Loading set 301
Loading set 401
Loading set 601
Loading set 1
Loading set 2
Loading set 3
Loading set 4
Loading set 5
Loading set 6
Loading set 7
Loading set 8
Loading set 9
Loading set 10
Loading set 11
Loading set 12
Loading set 13
Loading set 14
Loading set 101
Loading set 102
Loading set 103
Loading set 104
Loading set 105
Loading set 106
Loading set 107
Loading set 108
Loading set 109
Loading set 110
Loading set 111
Loading set 112
Loading set 200
Loading set 201
Loading set 202
Loading set 203
Loading set 204
Loading set 205
Loading set 206
Loading set 207
Loading set 208
Loading set 209
Loading set 210
Loading set 211
Loading set 212
Loading set 213
Loading set 214
Loading set 215
Loading set 216
Loading set 217
Loading set 218
Loading set 219
Loading set 220
Loading set 221
Loading set 222
Loading set 223
Loading set 301
Loading set 401
Loading set 501
Loading set 601
2024-09-28T14:51:49.036595758Z main DEBUG PluginManager 'Lookup' found 16 plugins
2024-09-28T14:51:49.037506113Z main DEBUG PluginManager 'Converter' found 45 plugins
2024-09-28T14:51:49.038238905Z main DEBUG Starting OutputStreamManager SYSTEM_OUT.false.false-2
2024-09-28T14:51:49.038815145Z main DEBUG Starting LoggerContext[name=Default, org.apache.logging.log4j.core.LoggerContext@6f36e806]...
2024-09-28T14:51:49.039070749Z main DEBUG Reconfiguration started for context[name=Default] at URI null (org.apache.logging.log4j.core.LoggerContext@6f36e806) with optional ClassLoader: null
2024-09-28T14:51:49.039256382Z main DEBUG Using configurationFactory org.apache.logging.log4j.core.config.ConfigurationFactory$Factory@17776a8
2024-09-28T14:51:49.042733110Z main DEBUG PluginManager 'Lookup' found 16 plugins
2024-09-28T14:51:49.043823509Z main DEBUG Closing FileInputStream java.io.FileInputStream@4c24c40a
2024-09-28T14:51:49.046793557Z main DEBUG null null initializing configuration XmlConfiguration[location=/opt/gemp-swccg/src/gemp-swccg-async/src/main/resources/prod-log4j.xml]
2024-09-28T14:51:49.047056492Z main DEBUG PluginManager 'Core' found 131 plugins
2024-09-28T14:51:49.047244525Z main DEBUG PluginManager 'Level' found 0 plugins
2024-09-28T14:51:49.047830004Z main DEBUG PluginManager 'Lookup' found 16 plugins
2024-09-28T14:51:49.048146509Z main DEBUG Building Plugin[name=layout, class=org.apache.logging.log4j.core.layout.PatternLayout].
2024-09-28T14:51:49.049903068Z main DEBUG PatternLayout$Builder(pattern="%m%n", PatternSelector=null, Configuration(MyApp), Replace=null, charset="null", alwaysWriteExceptions="null", disableAnsi="null", noConsoleNoAnsi="null", header="null", footer="null")
2024-09-28T14:51:49.050214653Z main DEBUG PluginManager 'Converter' found 45 plugins
2024-09-28T14:51:49.050482588Z main DEBUG Building Plugin[name=appender, class=org.apache.logging.log4j.core.appender.ConsoleAppender].
2024-09-28T14:51:49.050839114Z main DEBUG ConsoleAppender$Builder(target="SYSTEM_OUT", follow="null", direct="null", bufferedIo="null", bufferSize="null", immediateFlush="null", ignoreExceptions="null", PatternLayout(%m%n), name="stdout", Configuration(MyApp), Filter=null, ={})
2024-09-28T14:51:49.053066510Z main DEBUG Building Plugin[name=layout, class=org.apache.logging.log4j.core.layout.PatternLayout].
2024-09-28T14:51:49.053390425Z main DEBUG PatternLayout$Builder(pattern="%d{yyyy-MM-dd HH:mm:ss,SSS} %5p %c{1}:%L - %m%n", PatternSelector=null, Configuration(MyApp), Replace=null, charset="null", alwaysWriteExceptions="null", disableAnsi="null", noConsoleNoAnsi="null", header="null", footer="null")
2024-09-28T14:51:49.054414213Z main DEBUG Building Plugin[name=TimeBasedTriggeringPolicy, class=org.apache.logging.log4j.core.appender.rolling.TimeBasedTriggeringPolicy].
2024-09-28T14:51:49.054667057Z main DEBUG TimeBasedTriggeringPolicy$Builder(interval="null", modulate="null", maxRandomDelay="null")
2024-09-28T14:51:49.054853050Z main DEBUG Building Plugin[name=SizeBasedTriggeringPolicy, class=org.apache.logging.log4j.core.appender.rolling.SizeBasedTriggeringPolicy].
2024-09-28T14:51:49.055189786Z main DEBUG createPolicy(size="10 MB")
2024-09-28T14:51:49.055565712Z main DEBUG Building Plugin[name=Policies, class=org.apache.logging.log4j.core.appender.rolling.CompositeTriggeringPolicy].
2024-09-28T14:51:49.055813646Z main DEBUG createPolicy(={TimeBasedTriggeringPolicy(nextRolloverMillis=0, interval=1, modulate=false), SizeBasedTriggeringPolicy(size=10485760)})
2024-09-28T14:51:49.056011499Z main DEBUG Building Plugin[name=DefaultRolloverStrategy, class=org.apache.logging.log4j.core.appender.rolling.DefaultRolloverStrategy].
2024-09-28T14:51:49.056266343Z main DEBUG DefaultRolloverStrategy$Builder(max="20", min="null", fileIndex="null", compressionLevel="null", ={}, stopCustomActionsOnError="null", tempCompressedFilePattern="null", Configuration(MyApp))
2024-09-28T14:51:49.056434656Z main DEBUG Building Plugin[name=appender, class=org.apache.logging.log4j.core.appender.RollingFileAppender].
2024-09-28T14:51:49.057123608Z main DEBUG RollingFileAppender$Builder(fileName="../logs/gemp-swccg.log", filePattern="../logs/${date:yyyy-MM}/app-%d{MM-dd-yyyy}-%i.log.gz", append="null", locking="null", Policies(CompositeTriggeringPolicy(policies=[TimeBasedTriggeringPolicy(nextRolloverMillis=0, interval=1, modulate=false), SizeBasedTriggeringPolicy(size=10485760)])), DefaultRolloverStrategy(DefaultRolloverStrategy(min=1, max=20, useMax=true)), advertise="null", advertiseUri="null", createOnDemand="null", filePermissions="null", fileOwner="null", fileGroup="null", bufferedIo="null", bufferSize="null", immediateFlush="null", ignoreExceptions="null", PatternLayout(%d{yyyy-MM-dd HH:mm:ss,SSS} %5p %c{1}:%L - %m%n), name="mainlog", Configuration(MyApp), Filter=null, ={})
2024-09-28T14:51:49.057521824Z main DEBUG PluginManager 'FileConverter' found 2 plugins
2024-09-28T14:51:49.057858480Z main DEBUG Initializing triggering policy TimeBasedTriggeringPolicy(nextRolloverMillis=0, interval=1, modulate=false)
2024-09-28T14:51:49.058340068Z main TRACE PatternProcessor.getNextTime returning 2024/09/29-00:00:00.000, nextFileTime=2024/09/28-00:00:00.000, prevFileTime=2024/09/28-00:00:00.000, current=2024/09/28-14:51:49.058, freq=DAILY
2024-09-28T14:51:49.058791326Z main TRACE PatternProcessor.getNextTime returning 2024/09/29-00:00:00.000, nextFileTime=2024/09/28-00:00:00.000, prevFileTime=2024/09/28-00:00:00.000, current=2024/09/28-14:51:49.058, freq=DAILY
2024-09-28T14:51:49.058983579Z main DEBUG Initializing triggering policy SizeBasedTriggeringPolicy(size=10485760)
2024-09-28T14:51:49.059211053Z main DEBUG Building Plugin[name=layout, class=org.apache.logging.log4j.core.layout.PatternLayout].
2024-09-28T14:51:49.059748742Z main DEBUG PatternLayout$Builder(pattern="%d{yyyy-MM-dd HH:mm:ss,SSS} %5p %c{1}:%L - %m%n", PatternSelector=null, Configuration(MyApp), Replace=null, charset="null", alwaysWriteExceptions="null", disableAnsi="null", noConsoleNoAnsi="null", header="null", footer="null")
2024-09-28T14:51:49.060159968Z main DEBUG Building Plugin[name=TimeBasedTriggeringPolicy, class=org.apache.logging.log4j.core.appender.rolling.TimeBasedTriggeringPolicy].
2024-09-28T14:51:49.060505474Z main DEBUG TimeBasedTriggeringPolicy$Builder(interval="null", modulate="null", maxRandomDelay="null")
2024-09-28T14:51:49.060705158Z main DEBUG Building Plugin[name=SizeBasedTriggeringPolicy, class=org.apache.logging.log4j.core.appender.rolling.SizeBasedTriggeringPolicy].
2024-09-28T14:51:49.060987272Z main DEBUG createPolicy(size="10 MB")
2024-09-28T14:51:49.061276397Z main DEBUG Building Plugin[name=Policies, class=org.apache.logging.log4j.core.appender.rolling.CompositeTriggeringPolicy].
2024-09-28T14:51:49.061539731Z main DEBUG createPolicy(={TimeBasedTriggeringPolicy(nextRolloverMillis=0, interval=1, modulate=false), SizeBasedTriggeringPolicy(size=10485760)})
2024-09-28T14:51:49.061738115Z main DEBUG Building Plugin[name=DefaultRolloverStrategy, class=org.apache.logging.log4j.core.appender.rolling.DefaultRolloverStrategy].
2024-09-28T14:51:49.062010079Z main DEBUG DefaultRolloverStrategy$Builder(max="20", min="null", fileIndex="null", compressionLevel="null", ={}, stopCustomActionsOnError="null", tempCompressedFilePattern="null", Configuration(MyApp))
2024-09-28T14:51:49.062213523Z main DEBUG Building Plugin[name=appender, class=org.apache.logging.log4j.core.appender.RollingFileAppender].
2024-09-28T14:51:49.062600869Z main DEBUG RollingFileAppender$Builder(fileName="../logs/swccg_chat.log", filePattern="../logs/${date:yyyy-MM}/app-%d{MM-dd-yyyy}-%i.log.gz", append="null", locking="null", Policies(CompositeTriggeringPolicy(policies=[TimeBasedTriggeringPolicy(nextRolloverMillis=0, interval=1, modulate=false), SizeBasedTriggeringPolicy(size=10485760)])), DefaultRolloverStrategy(DefaultRolloverStrategy(min=1, max=20, useMax=true)), advertise="null", advertiseUri="null", createOnDemand="null", filePermissions="null", fileOwner="null", fileGroup="null", bufferedIo="null", bufferSize="null", immediateFlush="null", ignoreExceptions="null", PatternLayout(%d{yyyy-MM-dd HH:mm:ss,SSS} %5p %c{1}:%L - %m%n), name="chat", Configuration(MyApp), Filter=null, ={})
2024-09-28T14:51:49.062910135Z main DEBUG PluginManager 'FileConverter' found 2 plugins
2024-09-28T14:51:49.063651557Z main DEBUG Initializing triggering policy TimeBasedTriggeringPolicy(nextRolloverMillis=0, interval=1, modulate=false)
2024-09-28T14:51:49.064175905Z main TRACE PatternProcessor.getNextTime returning 2024/09/29-00:00:00.000, nextFileTime=2024/09/28-00:00:00.000, prevFileTime=2024/09/28-00:00:00.000, current=2024/09/28-14:51:49.064, freq=DAILY
2024-09-28T14:51:49.064800106Z main TRACE PatternProcessor.getNextTime returning 2024/09/29-00:00:00.000, nextFileTime=2024/09/28-00:00:00.000, prevFileTime=2024/09/28-00:00:00.000, current=2024/09/28-14:51:49.064, freq=DAILY
2024-09-28T14:51:49.065204082Z main DEBUG Initializing triggering policy SizeBasedTriggeringPolicy(size=10485760)
2024-09-28T14:51:49.065450496Z main DEBUG Building Plugin[name=appenders, class=org.apache.logging.log4j.core.config.AppendersPlugin].
2024-09-28T14:51:49.065769241Z main DEBUG createAppenders(={stdout, mainlog, chat})
2024-09-28T14:51:49.066000155Z main DEBUG Building Plugin[name=AppenderRef, class=org.apache.logging.log4j.core.config.AppenderRef].
2024-09-28T14:51:49.066394412Z main DEBUG createAppenderRef(ref="stdout", level="null", Filter=null)
2024-09-28T14:51:49.066609775Z main DEBUG Building Plugin[name=logger, class=org.apache.logging.log4j.core.config.LoggerConfig].
2024-09-28T14:51:49.066965361Z main DEBUG LoggerConfig$Builder(additivity="false", level="DEBUG", levelAndRefs="null", name="com.gempukku", includeLocation="null", ={stdout}, ={}, Configuration(MyApp), Filter=null)
2024-09-28T14:51:49.067225915Z main DEBUG Building Plugin[name=AppenderRef, class=org.apache.logging.log4j.core.config.AppenderRef].
2024-09-28T14:51:49.067520930Z main DEBUG createAppenderRef(ref="chat", level="null", Filter=null)
2024-09-28T14:51:49.067732121Z main DEBUG Building Plugin[name=logger, class=org.apache.logging.log4j.core.config.LoggerConfig].
2024-09-28T14:51:49.068262062Z main DEBUG LoggerConfig$Builder(additivity="null", level="ALL", levelAndRefs="null", name="chat", includeLocation="null", ={chat}, ={}, Configuration(MyApp), Filter=null)
2024-09-28T14:51:49.068506474Z main DEBUG Building Plugin[name=AppenderRef, class=org.apache.logging.log4j.core.config.AppenderRef].
2024-09-28T14:51:49.068753630Z main DEBUG createAppenderRef(ref="stdout", level="null", Filter=null)
2024-09-28T14:51:49.068934883Z main DEBUG Building Plugin[name=AppenderRef, class=org.apache.logging.log4j.core.config.AppenderRef].
2024-09-28T14:51:49.069196758Z main DEBUG createAppenderRef(ref="mainlog", level="null", Filter=null)
2024-09-28T14:51:49.069463992Z main DEBUG Building Plugin[name=root, class=org.apache.logging.log4j.core.config.LoggerConfig$RootLogger].
2024-09-28T14:51:49.069798255Z main DEBUG LoggerConfig$RootLogger$Builder(additivity="null", level="ERROR", levelAndRefs="null", includeLocation="null", ={stdout, mainlog}, ={}, Configuration(MyApp), Filter=null)
2024-09-28T14:51:49.070002731Z main DEBUG Building Plugin[name=loggers, class=org.apache.logging.log4j.core.config.LoggersPlugin].
2024-09-28T14:51:49.070233765Z main DEBUG createLoggers(={com.gempukku, chat, root})
2024-09-28T14:51:49.070704143Z main DEBUG Configuration XmlConfiguration[location=/opt/gemp-swccg/src/gemp-swccg-async/src/main/resources/prod-log4j.xml] initialized
2024-09-28T14:51:49.070911996Z main DEBUG Starting configuration XmlConfiguration[location=/opt/gemp-swccg/src/gemp-swccg-async/src/main/resources/prod-log4j.xml]
2024-09-28T14:51:49.071105639Z main DEBUG Started configuration XmlConfiguration[location=/opt/gemp-swccg/src/gemp-swccg-async/src/main/resources/prod-log4j.xml] OK.
2024-09-28T14:51:49.071354923Z main TRACE Stopping org.apache.logging.log4j.core.config.DefaultConfiguration@22b10124...
2024-09-28T14:51:49.071580237Z main TRACE DefaultConfiguration notified 1 ReliabilityStrategies that config will be stopped.
2024-09-28T14:51:49.071760300Z main TRACE DefaultConfiguration stopping root LoggerConfig.
2024-09-28T14:51:49.071916302Z main TRACE DefaultConfiguration notifying ReliabilityStrategies that appenders will be stopped.
2024-09-28T14:51:49.072138086Z main TRACE DefaultConfiguration stopping remaining Appenders.
2024-09-28T14:51:49.072380840Z main DEBUG Shutting down OutputStreamManager SYSTEM_OUT.false.false-2
2024-09-28T14:51:49.072595193Z main DEBUG OutputStream closed
2024-09-28T14:51:49.072785066Z main DEBUG Shut down OutputStreamManager SYSTEM_OUT.false.false-2, all resources released: true
2024-09-28T14:51:49.073008400Z main DEBUG Appender DefaultConsole-2 stopped with status true
2024-09-28T14:51:49.073192813Z main TRACE DefaultConfiguration stopped 1 remaining Appenders.
2024-09-28T14:51:49.073356166Z main TRACE DefaultConfiguration cleaning Appenders from 1 LoggerConfigs.
2024-09-28T14:51:49.073549879Z main DEBUG Stopped org.apache.logging.log4j.core.config.DefaultConfiguration@22b10124 OK
2024-09-28T14:51:49.073758213Z main TRACE Reregistering MBeans after reconfigure. Selector=org.apache.logging.log4j.core.selector.ClassLoaderContextSelector@c333c60
2024-09-28T14:51:49.073937175Z main TRACE Reregistering context (1/1): '4f2410ac' org.apache.logging.log4j.core.LoggerContext@2f490758
2024-09-28T14:51:49.074298851Z main TRACE Unregistering 1 MBeans: [org.apache.logging.log4j2:type=4f2410ac]
2024-09-28T14:51:49.074588696Z main TRACE Unregistering 1 MBeans: [org.apache.logging.log4j2:type=4f2410ac,component=StatusLogger]
2024-09-28T14:51:49.074815420Z main TRACE Unregistering 1 MBeans: [org.apache.logging.log4j2:type=4f2410ac,component=ContextSelector]
2024-09-28T14:51:49.075093894Z main TRACE Unregistering 3 MBeans: [org.apache.logging.log4j2:type=4f2410ac,component=Loggers,name=, org.apache.logging.log4j2:type=4f2410ac,component=Loggers,name=com.gempukku, org.apache.logging.log4j2:type=4f2410ac,component=Loggers,name=chat]
2024-09-28T14:51:49.075389549Z main TRACE Unregistering 3 MBeans: [org.apache.logging.log4j2:type=4f2410ac,component=Appenders,name=stdout, org.apache.logging.log4j2:type=4f2410ac,component=Appenders,name=chat, org.apache.logging.log4j2:type=4f2410ac,component=Appenders,name=mainlog]
2024-09-28T14:51:49.075691404Z main TRACE Unregistering but no MBeans found matching 'org.apache.logging.log4j2:type=4f2410ac,component=AsyncAppenders,name=*'
2024-09-28T14:51:49.075922858Z main TRACE Unregistering but no MBeans found matching 'org.apache.logging.log4j2:type=4f2410ac,component=AsyncLoggerRingBuffer'
2024-09-28T14:51:49.076118601Z main TRACE Unregistering but no MBeans found matching 'org.apache.logging.log4j2:type=4f2410ac,component=Loggers,name=*,subtype=RingBuffer'
2024-09-28T14:51:49.076304334Z main DEBUG Registering MBean org.apache.logging.log4j2:type=4f2410ac
2024-09-28T14:51:49.076832250Z main DEBUG Registering MBean org.apache.logging.log4j2:type=4f2410ac,component=StatusLogger
2024-09-28T14:51:49.077103657Z main DEBUG Registering MBean org.apache.logging.log4j2:type=4f2410ac,component=ContextSelector
2024-09-28T14:51:49.077359792Z main DEBUG Registering MBean org.apache.logging.log4j2:type=4f2410ac,component=Loggers,name=
2024-09-28T14:51:49.077555605Z main DEBUG Registering MBean org.apache.logging.log4j2:type=4f2410ac,component=Loggers,name=com.gempukku
2024-09-28T14:51:49.077783949Z main DEBUG Registering MBean org.apache.logging.log4j2:type=4f2410ac,component=Loggers,name=chat
2024-09-28T14:51:49.077982572Z main DEBUG Registering MBean org.apache.logging.log4j2:type=4f2410ac,component=Appenders,name=mainlog
2024-09-28T14:51:49.078171815Z main DEBUG Registering MBean org.apache.logging.log4j2:type=4f2410ac,component=Appenders,name=stdout
2024-09-28T14:51:49.078385268Z main DEBUG Registering MBean org.apache.logging.log4j2:type=4f2410ac,component=Appenders,name=chat
2024-09-28T14:51:49.078579202Z main TRACE Using DummyNanoClock for nanosecond timestamps.
2024-09-28T14:51:49.078748534Z main DEBUG Reconfiguration complete for context[name=Default] at URI /opt/gemp-swccg/src/gemp-swccg-async/src/main/resources/prod-log4j.xml (org.apache.logging.log4j.core.LoggerContext@6f36e806) with optional ClassLoader: null
2024-09-28T14:51:49.078890657Z main DEBUG Shutdown hook enabled. Registering a new one.
2024-09-28T14:51:49.079065340Z main DEBUG LoggerContext[name=Default, org.apache.logging.log4j.core.LoggerContext@6f36e806] started OK.
System: Welcome to room: Game Hall
GempukkuServer starting servers...
Adding server: class com.gempukku.swccgo.hall.HallServer
Started: HallServer
Adding server: class com.gempukku.swccgo.game.SwccgoServer
Started: SwccgoServer
Adding server: class com.gempukku.swccgo.chat.ChatServer
Started: ChatServer
GempukkuServer startup complete.
Property.....: web.path
Property.....: origin.allowed.pattern
HTTP 401 response for 172.29.1.1: /gemp-swccg-server/deck/list?participantId=null&_=1727535110094
HTTP 401 response for 172.29.1.1: /gemp-swccg-server/playerStats/playerInfo?participantId=null&_=1727535110094
HTTP 401 response for 172.29.1.1: /gemp-swccg-server/chat/Game%20Hall?participantId=null&_=1727535110090
HTTP 401 response for 172.29.1.1: /gemp-swccg-server/chat/Game%20Hall?participantId=null&_=1727535110589
HTTP 401 response for 172.29.1.1: /gemp-swccg-server/playerStats/playerInfo?participantId=null&_=1727535110593
HTTP 401 response for 172.29.1.1: /gemp-swccg-server/deck/list?participantId=null&_=1727535110594
System: Server is in operational mode and games are now able to be started
Property.....: playtesting.noLimitDeckLength
Playtesting deck length is restricted to the format limit
Property.....: playtesting.noLimitDeckLength
Playtesting deck length is restricted to the format limit
System: Welcome to room: Gamec4c153812e6a-17fa-6bf1-86f0-0cd7fe10
LEAK: ByteBuf.release() was not called before it's garbage-collected. See https://netty.io/wiki/reference-counted-objects.html for more information.
Recent access records: 
Created at:
	io.netty.buffer.PooledByteBufAllocator.newDirectBuffer(PooledByteBufAllocator.java:404)
	io.netty.buffer.AbstractByteBufAllocator.directBuffer(AbstractByteBufAllocator.java:188)
	io.netty.buffer.AbstractByteBufAllocator.directBuffer(AbstractByteBufAllocator.java:179)
	io.netty.buffer.AbstractByteBufAllocator.buffer(AbstractByteBufAllocator.java:116)
	io.netty.handler.codec.http.multipart.HttpPostStandardRequestDecoder.offer(HttpPostStandardRequestDecoder.java:334)
	io.netty.handler.codec.http.multipart.HttpPostStandardRequestDecoder.<init>(HttpPostStandardRequestDecoder.java:197)
	io.netty.handler.codec.http.multipart.HttpPostStandardRequestDecoder.<init>(HttpPostStandardRequestDecoder.java:164)
	io.netty.handler.codec.http.multipart.HttpPostRequestDecoder.<init>(HttpPostRequestDecoder.java:118)
	io.netty.handler.codec.http.multipart.HttpPostRequestDecoder.<init>(HttpPostRequestDecoder.java:57)
	com.gempukku.swccgo.async.handler.ChatRequestHandler.postMessages(ChatRequestHandler.java:51)
	com.gempukku.swccgo.async.handler.ChatRequestHandler.handleRequest(ChatRequestHandler.java:44)
	com.gempukku.swccgo.async.handler.RootUriRequestHandler.handleRequest(RootUriRequestHandler.java:109)
	com.gempukku.swccgo.async.SwccgoHttpRequestHandler.channelRead0(SwccgoHttpRequestHandler.java:100)
	com.gempukku.swccgo.async.SwccgoHttpRequestHandler.channelRead0(SwccgoHttpRequestHandler.java:40)
	io.netty.channel.SimpleChannelInboundHandler.channelRead(SimpleChannelInboundHandler.java:99)
	io.netty.channel.AbstractChannelHandlerContext.invokeChannelRead(AbstractChannelHandlerContext.java:444)
	io.netty.channel.AbstractChannelHandlerContext.invokeChannelRead(AbstractChannelHandlerContext.java:420)
	io.netty.channel.AbstractChannelHandlerContext.fireChannelRead(AbstractChannelHandlerContext.java:412)
	io.netty.handler.codec.MessageToMessageDecoder.channelRead(MessageToMessageDecoder.java:103)
	io.netty.handler.codec.MessageToMessageCodec.channelRead(MessageToMessageCodec.java:111)
	io.netty.channel.AbstractChannelHandlerContext.invokeChannelRead(AbstractChannelHandlerContext.java:442)
	io.netty.channel.AbstractChannelHandlerContext.invokeChannelRead(AbstractChannelHandlerContext.java:420)
	io.netty.channel.AbstractChannelHandlerContext.fireChannelRead(AbstractChannelHandlerContext.java:412)
	io.netty.handler.codec.MessageToMessageDecoder.channelRead(MessageToMessageDecoder.java:103)
	io.netty.channel.AbstractChannelHandlerContext.invokeChannelRead(AbstractChannelHandlerContext.java:444)
	io.netty.channel.AbstractChannelHandlerContext.invokeChannelRead(AbstractChannelHandlerContext.java:420)
	io.netty.channel.AbstractChannelHandlerContext.fireChannelRead(AbstractChannelHandlerContext.java:412)
	io.netty.channel.CombinedChannelDuplexHandler$DelegatingChannelHandlerContext.fireChannelRead(CombinedChannelDuplexHandler.java:436)
	io.netty.handler.codec.ByteToMessageDecoder.fireChannelRead(ByteToMessageDecoder.java:346)
	io.netty.handler.codec.ByteToMessageDecoder.channelRead(ByteToMessageDecoder.java:318)
	io.netty.channel.CombinedChannelDuplexHandler.channelRead(CombinedChannelDuplexHandler.java:251)
	io.netty.channel.AbstractChannelHandlerContext.invokeChannelRead(AbstractChannelHandlerContext.java:442)
	io.netty.channel.AbstractChannelHandlerContext.invokeChannelRead(AbstractChannelHandlerContext.java:420)
	io.netty.channel.AbstractChannelHandlerContext.fireChannelRead(AbstractChannelHandlerContext.java:412)
	io.netty.channel.DefaultChannelPipeline$HeadContext.channelRead(DefaultChannelPipeline.java:1410)
	io.netty.channel.AbstractChannelHandlerContext.invokeChannelRead(AbstractChannelHandlerContext.java:440)
	io.netty.channel.AbstractChannelHandlerContext.invokeChannelRead(AbstractChannelHandlerContext.java:420)
	io.netty.channel.DefaultChannelPipeline.fireChannelRead(DefaultChannelPipeline.java:919)
	io.netty.channel.nio.AbstractNioByteChannel$NioByteUnsafe.read(AbstractNioByteChannel.java:166)
	io.netty.channel.nio.NioEventLoop.processSelectedKey(NioEventLoop.java:788)
	io.netty.channel.nio.NioEventLoop.processSelectedKeysOptimized(NioEventLoop.java:724)
	io.netty.channel.nio.NioEventLoop.processSelectedKeys(NioEventLoop.java:650)
	io.netty.channel.nio.NioEventLoop.run(NioEventLoop.java:562)
	io.netty.util.concurrent.SingleThreadEventExecutor$4.run(SingleThreadEventExecutor.java:997)
	io.netty.util.internal.ThreadExecutorMap$2.run(ThreadExecutorMap.java:74)
	io.netty.util.concurrent.FastThreadLocalRunnable.run(FastThreadLocalRunnable.java:30)
	java.base/java.lang.Thread.run(Thread.java:1583)
LEAK: ByteBuf.release() was not called before it's garbage-collected. See https://netty.io/wiki/reference-counted-objects.html for more information.
Recent access records: 
Created at:
	io.netty.buffer.SimpleLeakAwareByteBuf.unwrappedDerived(SimpleLeakAwareByteBuf.java:144)
	io.netty.buffer.SimpleLeakAwareByteBuf.retainedSlice(SimpleLeakAwareByteBuf.java:57)
	io.netty.handler.codec.http.multipart.HttpPostStandardRequestDecoder.parseBodyAttributesStandard(HttpPostStandardRequestDecoder.java:497)
	io.netty.handler.codec.http.multipart.HttpPostStandardRequestDecoder.parseBodyAttributes(HttpPostStandardRequestDecoder.java:575)
	io.netty.handler.codec.http.multipart.HttpPostStandardRequestDecoder.parseBody(HttpPostStandardRequestDecoder.java:422)
	io.netty.handler.codec.http.multipart.HttpPostStandardRequestDecoder.offer(HttpPostStandardRequestDecoder.java:338)
	io.netty.handler.codec.http.multipart.HttpPostStandardRequestDecoder.<init>(HttpPostStandardRequestDecoder.java:197)
	io.netty.handler.codec.http.multipart.HttpPostStandardRequestDecoder.<init>(HttpPostStandardRequestDecoder.java:164)
	io.netty.handler.codec.http.multipart.HttpPostRequestDecoder.<init>(HttpPostRequestDecoder.java:118)
	io.netty.handler.codec.http.multipart.HttpPostRequestDecoder.<init>(HttpPostRequestDecoder.java:57)
	com.gempukku.swccgo.async.handler.ChatRequestHandler.postMessages(ChatRequestHandler.java:51)
	com.gempukku.swccgo.async.handler.ChatRequestHandler.handleRequest(ChatRequestHandler.java:44)
	com.gempukku.swccgo.async.handler.RootUriRequestHandler.handleRequest(RootUriRequestHandler.java:109)
	com.gempukku.swccgo.async.SwccgoHttpRequestHandler.channelRead0(SwccgoHttpRequestHandler.java:100)
	com.gempukku.swccgo.async.SwccgoHttpRequestHandler.channelRead0(SwccgoHttpRequestHandler.java:40)
	io.netty.channel.SimpleChannelInboundHandler.channelRead(SimpleChannelInboundHandler.java:99)
	io.netty.channel.AbstractChannelHandlerContext.invokeChannelRead(AbstractChannelHandlerContext.java:444)
	io.netty.channel.AbstractChannelHandlerContext.invokeChannelRead(AbstractChannelHandlerContext.java:420)
	io.netty.channel.AbstractChannelHandlerContext.fireChannelRead(AbstractChannelHandlerContext.java:412)
	io.netty.handler.codec.MessageToMessageDecoder.channelRead(MessageToMessageDecoder.java:103)
	io.netty.handler.codec.MessageToMessageCodec.channelRead(MessageToMessageCodec.java:111)
	io.netty.channel.AbstractChannelHandlerContext.invokeChannelRead(AbstractChannelHandlerContext.java:442)
	io.netty.channel.AbstractChannelHandlerContext.invokeChannelRead(AbstractChannelHandlerContext.java:420)
	io.netty.channel.AbstractChannelHandlerContext.fireChannelRead(AbstractChannelHandlerContext.java:412)
	io.netty.handler.codec.MessageToMessageDecoder.channelRead(MessageToMessageDecoder.java:103)
	io.netty.channel.AbstractChannelHandlerContext.invokeChannelRead(AbstractChannelHandlerContext.java:444)
	io.netty.channel.AbstractChannelHandlerContext.invokeChannelRead(AbstractChannelHandlerContext.java:420)
	io.netty.channel.AbstractChannelHandlerContext.fireChannelRead(AbstractChannelHandlerContext.java:412)
	io.netty.channel.CombinedChannelDuplexHandler$DelegatingChannelHandlerContext.fireChannelRead(CombinedChannelDuplexHandler.java:436)
	io.netty.handler.codec.ByteToMessageDecoder.fireChannelRead(ByteToMessageDecoder.java:346)
	io.netty.handler.codec.ByteToMessageDecoder.channelRead(ByteToMessageDecoder.java:318)
	io.netty.channel.CombinedChannelDuplexHandler.channelRead(CombinedChannelDuplexHandler.java:251)
	io.netty.channel.AbstractChannelHandlerContext.invokeChannelRead(AbstractChannelHandlerContext.java:442)
	io.netty.channel.AbstractChannelHandlerContext.invokeChannelRead(AbstractChannelHandlerContext.java:420)
	io.netty.channel.AbstractChannelHandlerContext.fireChannelRead(AbstractChannelHandlerContext.java:412)
	io.netty.channel.DefaultChannelPipeline$HeadContext.channelRead(DefaultChannelPipeline.java:1410)
	io.netty.channel.AbstractChannelHandlerContext.invokeChannelRead(AbstractChannelHandlerContext.java:440)
	io.netty.channel.AbstractChannelHandlerContext.invokeChannelRead(AbstractChannelHandlerContext.java:420)
	io.netty.channel.DefaultChannelPipeline.fireChannelRead(DefaultChannelPipeline.java:919)
	io.netty.channel.nio.AbstractNioByteChannel$NioByteUnsafe.read(AbstractNioByteChannel.java:166)
	io.netty.channel.nio.NioEventLoop.processSelectedKey(NioEventLoop.java:788)
	io.netty.channel.nio.NioEventLoop.processSelectedKeysOptimized(NioEventLoop.java:724)
	io.netty.channel.nio.NioEventLoop.processSelectedKeys(NioEventLoop.java:650)
	io.netty.channel.nio.NioEventLoop.run(NioEventLoop.java:562)
	io.netty.util.concurrent.SingleThreadEventExecutor$4.run(SingleThreadEventExecutor.java:997)
	io.netty.util.internal.ThreadExecutorMap$2.run(ThreadExecutorMap.java:74)
	io.netty.util.concurrent.FastThreadLocalRunnable.run(FastThreadLocalRunnable.java:30)
	java.base/java.lang.Thread.run(Thread.java:1583)
LEAK: ByteBuf.release() was not called before it's garbage-collected. See https://netty.io/wiki/reference-counted-objects.html for more information.
Recent access records: 
Created at:
	io.netty.buffer.SimpleLeakAwareByteBuf.unwrappedDerived(SimpleLeakAwareByteBuf.java:144)
	io.netty.buffer.SimpleLeakAwareByteBuf.retainedSlice(SimpleLeakAwareByteBuf.java:57)
	io.netty.handler.codec.http.multipart.HttpPostStandardRequestDecoder.parseBodyAttributesStandard(HttpPostStandardRequestDecoder.java:534)
	io.netty.handler.codec.http.multipart.HttpPostStandardRequestDecoder.parseBodyAttributes(HttpPostStandardRequestDecoder.java:575)
	io.netty.handler.codec.http.multipart.HttpPostStandardRequestDecoder.parseBody(HttpPostStandardRequestDecoder.java:422)
	io.netty.handler.codec.http.multipart.HttpPostStandardRequestDecoder.offer(HttpPostStandardRequestDecoder.java:338)
	io.netty.handler.codec.http.multipart.HttpPostStandardRequestDecoder.<init>(HttpPostStandardRequestDecoder.java:197)
	io.netty.handler.codec.http.multipart.HttpPostStandardRequestDecoder.<init>(HttpPostStandardRequestDecoder.java:164)
	io.netty.handler.codec.http.multipart.HttpPostRequestDecoder.<init>(HttpPostRequestDecoder.java:118)
	io.netty.handler.codec.http.multipart.HttpPostRequestDecoder.<init>(HttpPostRequestDecoder.java:57)
	com.gempukku.swccgo.async.handler.ChatRequestHandler.postMessages(ChatRequestHandler.java:51)
	com.gempukku.swccgo.async.handler.ChatRequestHandler.handleRequest(ChatRequestHandler.java:44)
	com.gempukku.swccgo.async.handler.RootUriRequestHandler.handleRequest(RootUriRequestHandler.java:109)
	com.gempukku.swccgo.async.SwccgoHttpRequestHandler.channelRead0(SwccgoHttpRequestHandler.java:100)
	com.gempukku.swccgo.async.SwccgoHttpRequestHandler.channelRead0(SwccgoHttpRequestHandler.java:40)
	io.netty.channel.SimpleChannelInboundHandler.channelRead(SimpleChannelInboundHandler.java:99)
	io.netty.channel.AbstractChannelHandlerContext.invokeChannelRead(AbstractChannelHandlerContext.java:444)
	io.netty.channel.AbstractChannelHandlerContext.invokeChannelRead(AbstractChannelHandlerContext.java:420)
	io.netty.channel.AbstractChannelHandlerContext.fireChannelRead(AbstractChannelHandlerContext.java:412)
	io.netty.handler.codec.MessageToMessageDecoder.channelRead(MessageToMessageDecoder.java:103)
	io.netty.handler.codec.MessageToMessageCodec.channelRead(MessageToMessageCodec.java:111)
	io.netty.channel.AbstractChannelHandlerContext.invokeChannelRead(AbstractChannelHandlerContext.java:442)
	io.netty.channel.AbstractChannelHandlerContext.invokeChannelRead(AbstractChannelHandlerContext.java:420)
	io.netty.channel.AbstractChannelHandlerContext.fireChannelRead(AbstractChannelHandlerContext.java:412)
	io.netty.handler.codec.MessageToMessageDecoder.channelRead(MessageToMessageDecoder.java:103)
	io.netty.channel.AbstractChannelHandlerContext.invokeChannelRead(AbstractChannelHandlerContext.java:444)
	io.netty.channel.AbstractChannelHandlerContext.invokeChannelRead(AbstractChannelHandlerContext.java:420)
	io.netty.channel.AbstractChannelHandlerContext.fireChannelRead(AbstractChannelHandlerContext.java:412)
	io.netty.channel.CombinedChannelDuplexHandler$DelegatingChannelHandlerContext.fireChannelRead(CombinedChannelDuplexHandler.java:436)
	io.netty.handler.codec.ByteToMessageDecoder.fireChannelRead(ByteToMessageDecoder.java:346)
	io.netty.handler.codec.ByteToMessageDecoder.channelRead(ByteToMessageDecoder.java:318)
	io.netty.channel.CombinedChannelDuplexHandler.channelRead(CombinedChannelDuplexHandler.java:251)
	io.netty.channel.AbstractChannelHandlerContext.invokeChannelRead(AbstractChannelHandlerContext.java:442)
	io.netty.channel.AbstractChannelHandlerContext.invokeChannelRead(AbstractChannelHandlerContext.java:420)
	io.netty.channel.AbstractChannelHandlerContext.fireChannelRead(AbstractChannelHandlerContext.java:412)
	io.netty.channel.DefaultChannelPipeline$HeadContext.channelRead(DefaultChannelPipeline.java:1410)
	io.netty.channel.AbstractChannelHandlerContext.invokeChannelRead(AbstractChannelHandlerContext.java:440)
	io.netty.channel.AbstractChannelHandlerContext.invokeChannelRead(AbstractChannelHandlerContext.java:420)
	io.netty.channel.DefaultChannelPipeline.fireChannelRead(DefaultChannelPipeline.java:919)
	io.netty.channel.nio.AbstractNioByteChannel$NioByteUnsafe.read(AbstractNioByteChannel.java:166)
	io.netty.channel.nio.NioEventLoop.processSelectedKey(NioEventLoop.java:788)
	io.netty.channel.nio.NioEventLoop.processSelectedKeysOptimized(NioEventLoop.java:724)
	io.netty.channel.nio.NioEventLoop.processSelectedKeys(NioEventLoop.java:650)
	io.netty.channel.nio.NioEventLoop.run(NioEventLoop.java:562)
	io.netty.util.concurrent.SingleThreadEventExecutor$4.run(SingleThreadEventExecutor.java:997)
	io.netty.util.internal.ThreadExecutorMap$2.run(ThreadExecutorMap.java:74)
	io.netty.util.concurrent.FastThreadLocalRunnable.run(FastThreadLocalRunnable.java:30)
	java.base/java.lang.Thread.run(Thread.java:1583)
LEAK: ByteBuf.release() was not called before it's garbage-collected. See https://netty.io/wiki/reference-counted-objects.html for more information.
Recent access records: 
Created at:
	io.netty.buffer.SimpleLeakAwareByteBuf.unwrappedDerived(SimpleLeakAwareByteBuf.java:144)
	io.netty.buffer.SimpleLeakAwareByteBuf.retainedSlice(SimpleLeakAwareByteBuf.java:57)
	io.netty.handler.codec.http.multipart.HttpPostStandardRequestDecoder.parseBodyAttributesStandard(HttpPostStandardRequestDecoder.java:534)
	io.netty.handler.codec.http.multipart.HttpPostStandardRequestDecoder.parseBodyAttributes(HttpPostStandardRequestDecoder.java:575)
	io.netty.handler.codec.http.multipart.HttpPostStandardRequestDecoder.parseBody(HttpPostStandardRequestDecoder.java:422)
	io.netty.handler.codec.http.multipart.HttpPostStandardRequestDecoder.offer(HttpPostStandardRequestDecoder.java:338)
	io.netty.handler.codec.http.multipart.HttpPostStandardRequestDecoder.<init>(HttpPostStandardRequestDecoder.java:197)
	io.netty.handler.codec.http.multipart.HttpPostStandardRequestDecoder.<init>(HttpPostStandardRequestDecoder.java:164)
	io.netty.handler.codec.http.multipart.HttpPostRequestDecoder.<init>(HttpPostRequestDecoder.java:118)
	io.netty.handler.codec.http.multipart.HttpPostRequestDecoder.<init>(HttpPostRequestDecoder.java:57)
	com.gempukku.swccgo.async.handler.HallRequestHandler.updateHall(HallRequestHandler.java:629)
	com.gempukku.swccgo.async.handler.HallRequestHandler.handleRequest(HallRequestHandler.java:71)
	com.gempukku.swccgo.async.handler.RootUriRequestHandler.handleRequest(RootUriRequestHandler.java:79)
	com.gempukku.swccgo.async.SwccgoHttpRequestHandler.channelRead0(SwccgoHttpRequestHandler.java:100)
	com.gempukku.swccgo.async.SwccgoHttpRequestHandler.channelRead0(SwccgoHttpRequestHandler.java:40)
	io.netty.channel.SimpleChannelInboundHandler.channelRead(SimpleChannelInboundHandler.java:99)
	io.netty.channel.AbstractChannelHandlerContext.invokeChannelRead(AbstractChannelHandlerContext.java:444)
	io.netty.channel.AbstractChannelHandlerContext.invokeChannelRead(AbstractChannelHandlerContext.java:420)
	io.netty.channel.AbstractChannelHandlerContext.fireChannelRead(AbstractChannelHandlerContext.java:412)
	io.netty.handler.codec.MessageToMessageDecoder.channelRead(MessageToMessageDecoder.java:103)
	io.netty.handler.codec.MessageToMessageCodec.channelRead(MessageToMessageCodec.java:111)
	io.netty.channel.AbstractChannelHandlerContext.invokeChannelRead(AbstractChannelHandlerContext.java:442)
	io.netty.channel.AbstractChannelHandlerContext.invokeChannelRead(AbstractChannelHandlerContext.java:420)
	io.netty.channel.AbstractChannelHandlerContext.fireChannelRead(AbstractChannelHandlerContext.java:412)
	io.netty.handler.codec.MessageToMessageDecoder.channelRead(MessageToMessageDecoder.java:103)
	io.netty.channel.AbstractChannelHandlerContext.invokeChannelRead(AbstractChannelHandlerContext.java:444)
	io.netty.channel.AbstractChannelHandlerContext.invokeChannelRead(AbstractChannelHandlerContext.java:420)
	io.netty.channel.AbstractChannelHandlerContext.fireChannelRead(AbstractChannelHandlerContext.java:412)
	io.netty.channel.CombinedChannelDuplexHandler$DelegatingChannelHandlerContext.fireChannelRead(CombinedChannelDuplexHandler.java:436)
	io.netty.handler.codec.ByteToMessageDecoder.fireChannelRead(ByteToMessageDecoder.java:346)
	io.netty.handler.codec.ByteToMessageDecoder.channelRead(ByteToMessageDecoder.java:318)
	io.netty.channel.CombinedChannelDuplexHandler.channelRead(CombinedChannelDuplexHandler.java:251)
	io.netty.channel.AbstractChannelHandlerContext.invokeChannelRead(AbstractChannelHandlerContext.java:442)
	io.netty.channel.AbstractChannelHandlerContext.invokeChannelRead(AbstractChannelHandlerContext.java:420)
	io.netty.channel.AbstractChannelHandlerContext.fireChannelRead(AbstractChannelHandlerContext.java:412)
	io.netty.channel.DefaultChannelPipeline$HeadContext.channelRead(DefaultChannelPipeline.java:1410)
	io.netty.channel.AbstractChannelHandlerContext.invokeChannelRead(AbstractChannelHandlerContext.java:440)
	io.netty.channel.AbstractChannelHandlerContext.invokeChannelRead(AbstractChannelHandlerContext.java:420)
	io.netty.channel.DefaultChannelPipeline.fireChannelRead(DefaultChannelPipeline.java:919)
	io.netty.channel.nio.AbstractNioByteChannel$NioByteUnsafe.read(AbstractNioByteChannel.java:166)
	io.netty.channel.nio.NioEventLoop.processSelectedKey(NioEventLoop.java:788)
	io.netty.channel.nio.NioEventLoop.processSelectedKeysOptimized(NioEventLoop.java:724)
	io.netty.channel.nio.NioEventLoop.processSelectedKeys(NioEventLoop.java:650)
	io.netty.channel.nio.NioEventLoop.run(NioEventLoop.java:562)
	io.netty.util.concurrent.SingleThreadEventExecutor$4.run(SingleThreadEventExecutor.java:997)
	io.netty.util.internal.ThreadExecutorMap$2.run(ThreadExecutorMap.java:74)
	io.netty.util.concurrent.FastThreadLocalRunnable.run(FastThreadLocalRunnable.java:30)
	java.base/java.lang.Thread.run(Thread.java:1583)
LEAK: ByteBuf.release() was not called before it's garbage-collected. See https://netty.io/wiki/reference-counted-objects.html for more information.
Recent access records: 
Created at:
	io.netty.buffer.PooledByteBufAllocator.newDirectBuffer(PooledByteBufAllocator.java:404)
	io.netty.buffer.AbstractByteBufAllocator.directBuffer(AbstractByteBufAllocator.java:188)
	io.netty.buffer.AbstractByteBufAllocator.directBuffer(AbstractByteBufAllocator.java:179)
	io.netty.buffer.AbstractByteBufAllocator.buffer(AbstractByteBufAllocator.java:116)
	io.netty.handler.codec.http.multipart.HttpPostStandardRequestDecoder.offer(HttpPostStandardRequestDecoder.java:334)
	io.netty.handler.codec.http.multipart.HttpPostStandardRequestDecoder.<init>(HttpPostStandardRequestDecoder.java:197)
	io.netty.handler.codec.http.multipart.HttpPostStandardRequestDecoder.<init>(HttpPostStandardRequestDecoder.java:164)
	io.netty.handler.codec.http.multipart.HttpPostRequestDecoder.<init>(HttpPostRequestDecoder.java:118)
	io.netty.handler.codec.http.multipart.HttpPostRequestDecoder.<init>(HttpPostRequestDecoder.java:57)
	com.gempukku.swccgo.async.handler.HallRequestHandler.updateHall(HallRequestHandler.java:629)
	com.gempukku.swccgo.async.handler.HallRequestHandler.handleRequest(HallRequestHandler.java:71)
	com.gempukku.swccgo.async.handler.RootUriRequestHandler.handleRequest(RootUriRequestHandler.java:79)
	com.gempukku.swccgo.async.SwccgoHttpRequestHandler.channelRead0(SwccgoHttpRequestHandler.java:100)
	com.gempukku.swccgo.async.SwccgoHttpRequestHandler.channelRead0(SwccgoHttpRequestHandler.java:40)
	io.netty.channel.SimpleChannelInboundHandler.channelRead(SimpleChannelInboundHandler.java:99)
	io.netty.channel.AbstractChannelHandlerContext.invokeChannelRead(AbstractChannelHandlerContext.java:444)
	io.netty.channel.AbstractChannelHandlerContext.invokeChannelRead(AbstractChannelHandlerContext.java:420)
	io.netty.channel.AbstractChannelHandlerContext.fireChannelRead(AbstractChannelHandlerContext.java:412)
	io.netty.handler.codec.MessageToMessageDecoder.channelRead(MessageToMessageDecoder.java:103)
	io.netty.handler.codec.MessageToMessageCodec.channelRead(MessageToMessageCodec.java:111)
	io.netty.channel.AbstractChannelHandlerContext.invokeChannelRead(AbstractChannelHandlerContext.java:442)
	io.netty.channel.AbstractChannelHandlerContext.invokeChannelRead(AbstractChannelHandlerContext.java:420)
	io.netty.channel.AbstractChannelHandlerContext.fireChannelRead(AbstractChannelHandlerContext.java:412)
	io.netty.handler.codec.MessageToMessageDecoder.channelRead(MessageToMessageDecoder.java:103)
	io.netty.channel.AbstractChannelHandlerContext.invokeChannelRead(AbstractChannelHandlerContext.java:444)
	io.netty.channel.AbstractChannelHandlerContext.invokeChannelRead(AbstractChannelHandlerContext.java:420)
	io.netty.channel.AbstractChannelHandlerContext.fireChannelRead(AbstractChannelHandlerContext.java:412)
	io.netty.channel.CombinedChannelDuplexHandler$DelegatingChannelHandlerContext.fireChannelRead(CombinedChannelDuplexHandler.java:436)
	io.netty.handler.codec.ByteToMessageDecoder.fireChannelRead(ByteToMessageDecoder.java:346)
	io.netty.handler.codec.ByteToMessageDecoder.channelRead(ByteToMessageDecoder.java:318)
	io.netty.channel.CombinedChannelDuplexHandler.channelRead(CombinedChannelDuplexHandler.java:251)
	io.netty.channel.AbstractChannelHandlerContext.invokeChannelRead(AbstractChannelHandlerContext.java:442)
	io.netty.channel.AbstractChannelHandlerContext.invokeChannelRead(AbstractChannelHandlerContext.java:420)
	io.netty.channel.AbstractChannelHandlerContext.fireChannelRead(AbstractChannelHandlerContext.java:412)
	io.netty.channel.DefaultChannelPipeline$HeadContext.channelRead(DefaultChannelPipeline.java:1410)
	io.netty.channel.AbstractChannelHandlerContext.invokeChannelRead(AbstractChannelHandlerContext.java:440)
	io.netty.channel.AbstractChannelHandlerContext.invokeChannelRead(AbstractChannelHandlerContext.java:420)
	io.netty.channel.DefaultChannelPipeline.fireChannelRead(DefaultChannelPipeline.java:919)
	io.netty.channel.nio.AbstractNioByteChannel$NioByteUnsafe.read(AbstractNioByteChannel.java:166)
	io.netty.channel.nio.NioEventLoop.processSelectedKey(NioEventLoop.java:788)
	io.netty.channel.nio.NioEventLoop.processSelectedKeysOptimized(NioEventLoop.java:724)
	io.netty.channel.nio.NioEventLoop.processSelectedKeys(NioEventLoop.java:650)
	io.netty.channel.nio.NioEventLoop.run(NioEventLoop.java:562)
	io.netty.util.concurrent.SingleThreadEventExecutor$4.run(SingleThreadEventExecutor.java:997)
	io.netty.util.internal.ThreadExecutorMap$2.run(ThreadExecutorMap.java:74)
	io.netty.util.concurrent.FastThreadLocalRunnable.run(FastThreadLocalRunnable.java:30)
	java.base/java.lang.Thread.run(Thread.java:1583)
LEAK: ByteBuf.release() was not called before it's garbage-collected. See https://netty.io/wiki/reference-counted-objects.html for more information.
Recent access records: 
Created at:
	io.netty.buffer.SimpleLeakAwareByteBuf.unwrappedDerived(SimpleLeakAwareByteBuf.java:144)
	io.netty.buffer.SimpleLeakAwareByteBuf.retainedSlice(SimpleLeakAwareByteBuf.java:57)
	io.netty.handler.codec.http.multipart.HttpPostStandardRequestDecoder.parseBodyAttributesStandard(HttpPostStandardRequestDecoder.java:497)
	io.netty.handler.codec.http.multipart.HttpPostStandardRequestDecoder.parseBodyAttributes(HttpPostStandardRequestDecoder.java:575)
	io.netty.handler.codec.http.multipart.HttpPostStandardRequestDecoder.parseBody(HttpPostStandardRequestDecoder.java:422)
	io.netty.handler.codec.http.multipart.HttpPostStandardRequestDecoder.offer(HttpPostStandardRequestDecoder.java:338)
	io.netty.handler.codec.http.multipart.HttpPostStandardRequestDecoder.<init>(HttpPostStandardRequestDecoder.java:197)
	io.netty.handler.codec.http.multipart.HttpPostStandardRequestDecoder.<init>(HttpPostStandardRequestDecoder.java:164)
	io.netty.handler.codec.http.multipart.HttpPostRequestDecoder.<init>(HttpPostRequestDecoder.java:118)
	io.netty.handler.codec.http.multipart.HttpPostRequestDecoder.<init>(HttpPostRequestDecoder.java:57)
	com.gempukku.swccgo.async.handler.GameRequestHandler.updateGameState(GameRequestHandler.java:81)
	com.gempukku.swccgo.async.handler.GameRequestHandler.handleRequest(GameRequestHandler.java:73)
	com.gempukku.swccgo.async.handler.RootUriRequestHandler.handleRequest(RootUriRequestHandler.java:118)
	com.gempukku.swccgo.async.SwccgoHttpRequestHandler.channelRead0(SwccgoHttpRequestHandler.java:100)
	com.gempukku.swccgo.async.SwccgoHttpRequestHandler.channelRead0(SwccgoHttpRequestHandler.java:40)
	io.netty.channel.SimpleChannelInboundHandler.channelRead(SimpleChannelInboundHandler.java:99)
	io.netty.channel.AbstractChannelHandlerContext.invokeChannelRead(AbstractChannelHandlerContext.java:444)
	io.netty.channel.AbstractChannelHandlerContext.invokeChannelRead(AbstractChannelHandlerContext.java:420)
	io.netty.channel.AbstractChannelHandlerContext.fireChannelRead(AbstractChannelHandlerContext.java:412)
	io.netty.handler.codec.MessageToMessageDecoder.channelRead(MessageToMessageDecoder.java:103)
	io.netty.handler.codec.MessageToMessageCodec.channelRead(MessageToMessageCodec.java:111)
	io.netty.channel.AbstractChannelHandlerContext.invokeChannelRead(AbstractChannelHandlerContext.java:442)
	io.netty.channel.AbstractChannelHandlerContext.invokeChannelRead(AbstractChannelHandlerContext.java:420)
	io.netty.channel.AbstractChannelHandlerContext.fireChannelRead(AbstractChannelHandlerContext.java:412)
	io.netty.handler.codec.MessageToMessageDecoder.channelRead(MessageToMessageDecoder.java:103)
	io.netty.channel.AbstractChannelHandlerContext.invokeChannelRead(AbstractChannelHandlerContext.java:444)
	io.netty.channel.AbstractChannelHandlerContext.invokeChannelRead(AbstractChannelHandlerContext.java:420)
	io.netty.channel.AbstractChannelHandlerContext.fireChannelRead(AbstractChannelHandlerContext.java:412)
	io.netty.channel.CombinedChannelDuplexHandler$DelegatingChannelHandlerContext.fireChannelRead(CombinedChannelDuplexHandler.java:436)
	io.netty.handler.codec.ByteToMessageDecoder.fireChannelRead(ByteToMessageDecoder.java:346)
	io.netty.handler.codec.ByteToMessageDecoder.channelRead(ByteToMessageDecoder.java:318)
	io.netty.channel.CombinedChannelDuplexHandler.channelRead(CombinedChannelDuplexHandler.java:251)
	io.netty.channel.AbstractChannelHandlerContext.invokeChannelRead(AbstractChannelHandlerContext.java:442)
	io.netty.channel.AbstractChannelHandlerContext.invokeChannelRead(AbstractChannelHandlerContext.java:420)
	io.netty.channel.AbstractChannelHandlerContext.fireChannelRead(AbstractChannelHandlerContext.java:412)
	io.netty.channel.DefaultChannelPipeline$HeadContext.channelRead(DefaultChannelPipeline.java:1410)
	io.netty.channel.AbstractChannelHandlerContext.invokeChannelRead(AbstractChannelHandlerContext.java:440)
	io.netty.channel.AbstractChannelHandlerContext.invokeChannelRead(AbstractChannelHandlerContext.java:420)
	io.netty.channel.DefaultChannelPipeline.fireChannelRead(DefaultChannelPipeline.java:919)
	io.netty.channel.nio.AbstractNioByteChannel$NioByteUnsafe.read(AbstractNioByteChannel.java:166)
	io.netty.channel.nio.NioEventLoop.processSelectedKey(NioEventLoop.java:788)
	io.netty.channel.nio.NioEventLoop.processSelectedKeysOptimized(NioEventLoop.java:724)
	io.netty.channel.nio.NioEventLoop.processSelectedKeys(NioEventLoop.java:650)
	io.netty.channel.nio.NioEventLoop.run(NioEventLoop.java:562)
	io.netty.util.concurrent.SingleThreadEventExecutor$4.run(SingleThreadEventExecutor.java:997)
	io.netty.util.internal.ThreadExecutorMap$2.run(ThreadExecutorMap.java:74)
	io.netty.util.concurrent.FastThreadLocalRunnable.run(FastThreadLocalRunnable.java:30)
	java.base/java.lang.Thread.run(Thread.java:1583)
LEAK: ByteBuf.release() was not called before it's garbage-collected. See https://netty.io/wiki/reference-counted-objects.html for more information.
Recent access records: 
Created at:
	io.netty.buffer.SimpleLeakAwareByteBuf.unwrappedDerived(SimpleLeakAwareByteBuf.java:144)
	io.netty.buffer.SimpleLeakAwareByteBuf.retainedSlice(SimpleLeakAwareByteBuf.java:57)
	io.netty.handler.codec.http.multipart.HttpPostStandardRequestDecoder.parseBodyAttributesStandard(HttpPostStandardRequestDecoder.java:497)
	io.netty.handler.codec.http.multipart.HttpPostStandardRequestDecoder.parseBodyAttributes(HttpPostStandardRequestDecoder.java:575)
	io.netty.handler.codec.http.multipart.HttpPostStandardRequestDecoder.parseBody(HttpPostStandardRequestDecoder.java:422)
	io.netty.handler.codec.http.multipart.HttpPostStandardRequestDecoder.offer(HttpPostStandardRequestDecoder.java:338)
	io.netty.handler.codec.http.multipart.HttpPostStandardRequestDecoder.<init>(HttpPostStandardRequestDecoder.java:197)
	io.netty.handler.codec.http.multipart.HttpPostStandardRequestDecoder.<init>(HttpPostStandardRequestDecoder.java:164)
	io.netty.handler.codec.http.multipart.HttpPostRequestDecoder.<init>(HttpPostRequestDecoder.java:118)
	io.netty.handler.codec.http.multipart.HttpPostRequestDecoder.<init>(HttpPostRequestDecoder.java:57)
	com.gempukku.swccgo.async.handler.HallRequestHandler.updateHall(HallRequestHandler.java:629)
	com.gempukku.swccgo.async.handler.HallRequestHandler.handleRequest(HallRequestHandler.java:71)
	com.gempukku.swccgo.async.handler.RootUriRequestHandler.handleRequest(RootUriRequestHandler.java:79)
	com.gempukku.swccgo.async.SwccgoHttpRequestHandler.channelRead0(SwccgoHttpRequestHandler.java:100)
	com.gempukku.swccgo.async.SwccgoHttpRequestHandler.channelRead0(SwccgoHttpRequestHandler.java:40)
	io.netty.channel.SimpleChannelInboundHandler.channelRead(SimpleChannelInboundHandler.java:99)
	io.netty.channel.AbstractChannelHandlerContext.invokeChannelRead(AbstractChannelHandlerContext.java:444)
	io.netty.channel.AbstractChannelHandlerContext.invokeChannelRead(AbstractChannelHandlerContext.java:420)
	io.netty.channel.AbstractChannelHandlerContext.fireChannelRead(AbstractChannelHandlerContext.java:412)
	io.netty.handler.codec.MessageToMessageDecoder.channelRead(MessageToMessageDecoder.java:103)
	io.netty.handler.codec.MessageToMessageCodec.channelRead(MessageToMessageCodec.java:111)
	io.netty.channel.AbstractChannelHandlerContext.invokeChannelRead(AbstractChannelHandlerContext.java:442)
	io.netty.channel.AbstractChannelHandlerContext.invokeChannelRead(AbstractChannelHandlerContext.java:420)
	io.netty.channel.AbstractChannelHandlerContext.fireChannelRead(AbstractChannelHandlerContext.java:412)
	io.netty.handler.codec.MessageToMessageDecoder.channelRead(MessageToMessageDecoder.java:103)
	io.netty.channel.AbstractChannelHandlerContext.invokeChannelRead(AbstractChannelHandlerContext.java:444)
	io.netty.channel.AbstractChannelHandlerContext.invokeChannelRead(AbstractChannelHandlerContext.java:420)
	io.netty.channel.AbstractChannelHandlerContext.fireChannelRead(AbstractChannelHandlerContext.java:412)
	io.netty.channel.CombinedChannelDuplexHandler$DelegatingChannelHandlerContext.fireChannelRead(CombinedChannelDuplexHandler.java:436)
	io.netty.handler.codec.ByteToMessageDecoder.fireChannelRead(ByteToMessageDecoder.java:346)
	io.netty.handler.codec.ByteToMessageDecoder.channelRead(ByteToMessageDecoder.java:318)
	io.netty.channel.CombinedChannelDuplexHandler.channelRead(CombinedChannelDuplexHandler.java:251)
	io.netty.channel.AbstractChannelHandlerContext.invokeChannelRead(AbstractChannelHandlerContext.java:442)
	io.netty.channel.AbstractChannelHandlerContext.invokeChannelRead(AbstractChannelHandlerContext.java:420)
	io.netty.channel.AbstractChannelHandlerContext.fireChannelRead(AbstractChannelHandlerContext.java:412)
	io.netty.channel.DefaultChannelPipeline$HeadContext.channelRead(DefaultChannelPipeline.java:1410)
	io.netty.channel.AbstractChannelHandlerContext.invokeChannelRead(AbstractChannelHandlerContext.java:440)
	io.netty.channel.AbstractChannelHandlerContext.invokeChannelRead(AbstractChannelHandlerContext.java:420)
	io.netty.channel.DefaultChannelPipeline.fireChannelRead(DefaultChannelPipeline.java:919)
	io.netty.channel.nio.AbstractNioByteChannel$NioByteUnsafe.read(AbstractNioByteChannel.java:166)
	io.netty.channel.nio.NioEventLoop.processSelectedKey(NioEventLoop.java:788)
	io.netty.channel.nio.NioEventLoop.processSelectedKeysOptimized(NioEventLoop.java:724)
	io.netty.channel.nio.NioEventLoop.processSelectedKeys(NioEventLoop.java:650)
	io.netty.channel.nio.NioEventLoop.run(NioEventLoop.java:562)
	io.netty.util.concurrent.SingleThreadEventExecutor$4.run(SingleThreadEventExecutor.java:997)
	io.netty.util.internal.ThreadExecutorMap$2.run(ThreadExecutorMap.java:74)
	io.netty.util.concurrent.FastThreadLocalRunnable.run(FastThreadLocalRunnable.java:30)
	java.base/java.lang.Thread.run(Thread.java:1583)
LEAK: ByteBuf.release() was not called before it's garbage-collected. See https://netty.io/wiki/reference-counted-objects.html for more information.
Recent access records: 
Created at:
	io.netty.buffer.PooledByteBufAllocator.newDirectBuffer(PooledByteBufAllocator.java:404)
	io.netty.buffer.AbstractByteBufAllocator.directBuffer(AbstractByteBufAllocator.java:188)
	io.netty.buffer.AbstractByteBufAllocator.directBuffer(AbstractByteBufAllocator.java:179)
	io.netty.buffer.AbstractByteBufAllocator.buffer(AbstractByteBufAllocator.java:116)
	io.netty.handler.codec.http.multipart.HttpPostStandardRequestDecoder.offer(HttpPostStandardRequestDecoder.java:334)
	io.netty.handler.codec.http.multipart.HttpPostStandardRequestDecoder.<init>(HttpPostStandardRequestDecoder.java:197)
	io.netty.handler.codec.http.multipart.HttpPostStandardRequestDecoder.<init>(HttpPostStandardRequestDecoder.java:164)
	io.netty.handler.codec.http.multipart.HttpPostRequestDecoder.<init>(HttpPostRequestDecoder.java:118)
	io.netty.handler.codec.http.multipart.HttpPostRequestDecoder.<init>(HttpPostRequestDecoder.java:57)
	com.gempukku.swccgo.async.handler.GameRequestHandler.updateGameState(GameRequestHandler.java:81)
	com.gempukku.swccgo.async.handler.GameRequestHandler.handleRequest(GameRequestHandler.java:73)
	com.gempukku.swccgo.async.handler.RootUriRequestHandler.handleRequest(RootUriRequestHandler.java:118)
	com.gempukku.swccgo.async.SwccgoHttpRequestHandler.channelRead0(SwccgoHttpRequestHandler.java:100)
	com.gempukku.swccgo.async.SwccgoHttpRequestHandler.channelRead0(SwccgoHttpRequestHandler.java:40)
	io.netty.channel.SimpleChannelInboundHandler.channelRead(SimpleChannelInboundHandler.java:99)
	io.netty.channel.AbstractChannelHandlerContext.invokeChannelRead(AbstractChannelHandlerContext.java:444)
	io.netty.channel.AbstractChannelHandlerContext.invokeChannelRead(AbstractChannelHandlerContext.java:420)
	io.netty.channel.AbstractChannelHandlerContext.fireChannelRead(AbstractChannelHandlerContext.java:412)
	io.netty.handler.codec.MessageToMessageDecoder.channelRead(MessageToMessageDecoder.java:103)
	io.netty.handler.codec.MessageToMessageCodec.channelRead(MessageToMessageCodec.java:111)
	io.netty.channel.AbstractChannelHandlerContext.invokeChannelRead(AbstractChannelHandlerContext.java:442)
	io.netty.channel.AbstractChannelHandlerContext.invokeChannelRead(AbstractChannelHandlerContext.java:420)
	io.netty.channel.AbstractChannelHandlerContext.fireChannelRead(AbstractChannelHandlerContext.java:412)
	io.netty.handler.codec.MessageToMessageDecoder.channelRead(MessageToMessageDecoder.java:103)
	io.netty.channel.AbstractChannelHandlerContext.invokeChannelRead(AbstractChannelHandlerContext.java:444)
	io.netty.channel.AbstractChannelHandlerContext.invokeChannelRead(AbstractChannelHandlerContext.java:420)
	io.netty.channel.AbstractChannelHandlerContext.fireChannelRead(AbstractChannelHandlerContext.java:412)
	io.netty.channel.CombinedChannelDuplexHandler$DelegatingChannelHandlerContext.fireChannelRead(CombinedChannelDuplexHandler.java:436)
	io.netty.handler.codec.ByteToMessageDecoder.fireChannelRead(ByteToMessageDecoder.java:346)
	io.netty.handler.codec.ByteToMessageDecoder.channelRead(ByteToMessageDecoder.java:318)
	io.netty.channel.CombinedChannelDuplexHandler.channelRead(CombinedChannelDuplexHandler.java:251)
	io.netty.channel.AbstractChannelHandlerContext.invokeChannelRead(AbstractChannelHandlerContext.java:442)
	io.netty.channel.AbstractChannelHandlerContext.invokeChannelRead(AbstractChannelHandlerContext.java:420)
	io.netty.channel.AbstractChannelHandlerContext.fireChannelRead(AbstractChannelHandlerContext.java:412)
	io.netty.channel.DefaultChannelPipeline$HeadContext.channelRead(DefaultChannelPipeline.java:1410)
	io.netty.channel.AbstractChannelHandlerContext.invokeChannelRead(AbstractChannelHandlerContext.java:440)
	io.netty.channel.AbstractChannelHandlerContext.invokeChannelRead(AbstractChannelHandlerContext.java:420)
	io.netty.channel.DefaultChannelPipeline.fireChannelRead(DefaultChannelPipeline.java:919)
	io.netty.channel.nio.AbstractNioByteChannel$NioByteUnsafe.read(AbstractNioByteChannel.java:166)
	io.netty.channel.nio.NioEventLoop.processSelectedKey(NioEventLoop.java:788)
	io.netty.channel.nio.NioEventLoop.processSelectedKeysOptimized(NioEventLoop.java:724)
	io.netty.channel.nio.NioEventLoop.processSelectedKeys(NioEventLoop.java:650)
	io.netty.channel.nio.NioEventLoop.run(NioEventLoop.java:562)
	io.netty.util.concurrent.SingleThreadEventExecutor$4.run(SingleThreadEventExecutor.java:997)
	io.netty.util.internal.ThreadExecutorMap$2.run(ThreadExecutorMap.java:74)
	io.netty.util.concurrent.FastThreadLocalRunnable.run(FastThreadLocalRunnable.java:30)
	java.base/java.lang.Thread.run(Thread.java:1583)
Property.....: application.root
Property.....: application.root
Property.....: application.root
Property.....: application.root
System: This game is already finished and will be shortly removed, please move to the Game Hall
HTTP 404 response for 172.29.1.1: /gemp-swccg-server/chat/Gamec4c153812e6a-17fa-6bf1-86f0-0cd7fe10
HTTP 404 response for 172.29.1.1: /gemp-swccg-server/game/c4c153812e6a-17fa-6bf1-86f0-0cd7fe10
HTTP 404 response for 172.29.1.1: /gemp-swccg-server/chat/Gamec4c153812e6a-17fa-6bf1-86f0-0cd7fe10
2024-09-28T15:01:14.538001495Z pool-1-thread-1 DEBUG Stopping LoggerContext[name=4f2410ac, org.apache.logging.log4j.core.LoggerContext@2f490758]
2024-09-28T15:01:14.538516296Z pool-1-thread-1 DEBUG Stopping LoggerContext[name=4f2410ac, org.apache.logging.log4j.core.LoggerContext@2f490758]...
2024-09-28T15:01:14.538967085Z pool-1-thread-1 TRACE Unregistering 1 MBeans: [org.apache.logging.log4j2:type=4f2410ac]
2024-09-28T15:01:14.539213200Z pool-1-thread-1 TRACE Unregistering 1 MBeans: [org.apache.logging.log4j2:type=4f2410ac,component=StatusLogger]
2024-09-28T15:01:14.539399824Z pool-1-thread-1 TRACE Unregistering 1 MBeans: [org.apache.logging.log4j2:type=4f2410ac,component=ContextSelector]
2024-09-28T15:01:14.539623219Z pool-1-thread-1 TRACE Unregistering 3 MBeans: [org.apache.logging.log4j2:type=4f2410ac,component=Loggers,name=, org.apache.logging.log4j2:type=4f2410ac,component=Loggers,name=com.gempukku, org.apache.logging.log4j2:type=4f2410ac,component=Loggers,name=chat]
2024-09-28T15:01:14.539865244Z pool-1-thread-1 TRACE Unregistering 3 MBeans: [org.apache.logging.log4j2:type=4f2410ac,component=Appenders,name=stdout, org.apache.logging.log4j2:type=4f2410ac,component=Appenders,name=chat, org.apache.logging.log4j2:type=4f2410ac,component=Appenders,name=mainlog]
2024-09-28T15:01:14.540052208Z pool-1-thread-1 TRACE Unregistering but no MBeans found matching 'org.apache.logging.log4j2:type=4f2410ac,component=AsyncAppenders,name=*'
2024-09-28T15:01:14.540203271Z pool-1-thread-1 TRACE Unregistering but no MBeans found matching 'org.apache.logging.log4j2:type=4f2410ac,component=AsyncLoggerRingBuffer'
2024-09-28T15:01:14.540337004Z pool-1-thread-1 TRACE Unregistering but no MBeans found matching 'org.apache.logging.log4j2:type=4f2410ac,component=Loggers,name=*,subtype=RingBuffer'
2024-09-28T15:01:14.541204392Z pool-1-thread-1 TRACE Stopping XmlConfiguration[location=/opt/gemp-swccg/src/gemp-swccg-async/src/main/resources/prod-log4j.xml]...
2024-09-28T15:01:14.541389816Z pool-1-thread-1 TRACE XmlConfiguration notified 4 ReliabilityStrategies that config will be stopped.
2024-09-28T15:01:14.541522628Z pool-1-thread-1 TRACE XmlConfiguration stopping 3 LoggerConfigs.
2024-09-28T15:01:14.541629391Z pool-1-thread-1 TRACE XmlConfiguration stopping root LoggerConfig.
2024-09-28T15:01:14.541758583Z pool-1-thread-1 TRACE XmlConfiguration notifying ReliabilityStrategies that appenders will be stopped.
2024-09-28T15:01:14.541975768Z pool-1-thread-1 TRACE XmlConfiguration stopping remaining Appenders.
2024-09-28T15:01:14.542149251Z pool-1-thread-1 DEBUG Appender chat stopped with status true
2024-09-28T15:01:14.542287945Z pool-1-thread-1 DEBUG Appender stdout stopped with status true
2024-09-28T15:01:14.542431118Z pool-1-thread-1 DEBUG Appender mainlog stopped with status true
2024-09-28T15:01:14.542549290Z pool-1-thread-1 TRACE XmlConfiguration stopped 3 remaining Appenders.
2024-09-28T15:01:14.542665082Z pool-1-thread-1 TRACE XmlConfiguration cleaning Appenders from 4 LoggerConfigs.
2024-09-28T15:01:14.542826996Z pool-1-thread-1 DEBUG Stopped XmlConfiguration[location=/opt/gemp-swccg/src/gemp-swccg-async/src/main/resources/prod-log4j.xml] OK
2024-09-28T15:01:14.542977279Z pool-1-thread-1 DEBUG Stopped LoggerContext[name=4f2410ac, org.apache.logging.log4j.core.LoggerContext@2f490758] with status true
2024-09-28T15:01:14.543094201Z pool-1-thread-1 DEBUG Stopping LoggerContext[name=Default, org.apache.logging.log4j.core.LoggerContext@6f36e806]
2024-09-28T15:01:14.543195413Z pool-1-thread-1 DEBUG Stopping LoggerContext[name=Default, org.apache.logging.log4j.core.LoggerContext@6f36e806]...
2024-09-28T15:01:14.543371807Z pool-1-thread-1 TRACE Unregistering but no MBeans found matching 'org.apache.logging.log4j2:type=Default'
2024-09-28T15:01:14.543514180Z pool-1-thread-1 TRACE Unregistering but no MBeans found matching 'org.apache.logging.log4j2:type=Default,component=StatusLogger'
2024-09-28T15:01:14.543651523Z pool-1-thread-1 TRACE Unregistering but no MBeans found matching 'org.apache.logging.log4j2:type=Default,component=ContextSelector'
2024-09-28T15:01:14.543820917Z pool-1-thread-1 TRACE Unregistering but no MBeans found matching 'org.apache.logging.log4j2:type=Default,component=Loggers,name=*'
2024-09-28T15:01:14.543968039Z pool-1-thread-1 TRACE Unregistering but no MBeans found matching 'org.apache.logging.log4j2:type=Default,component=Appenders,name=*'
2024-09-28T15:01:14.544117283Z pool-1-thread-1 TRACE Unregistering but no MBeans found matching 'org.apache.logging.log4j2:type=Default,component=AsyncAppenders,name=*'
2024-09-28T15:01:14.544352337Z pool-1-thread-1 TRACE Unregistering but no MBeans found matching 'org.apache.logging.log4j2:type=Default,component=AsyncLoggerRingBuffer'
2024-09-28T15:01:14.544510461Z pool-1-thread-1 TRACE Unregistering but no MBeans found matching 'org.apache.logging.log4j2:type=Default,component=Loggers,name=*,subtype=RingBuffer'
2024-09-28T15:01:14.544670924Z pool-1-thread-1 TRACE Stopping XmlConfiguration[location=/opt/gemp-swccg/src/gemp-swccg-async/src/main/resources/prod-log4j.xml]...
2024-09-28T15:01:14.544799157Z pool-1-thread-1 TRACE XmlConfiguration notified 4 ReliabilityStrategies that config will be stopped.
2024-09-28T15:01:14.544921369Z pool-1-thread-1 TRACE XmlConfiguration stopping 3 LoggerConfigs.
2024-09-28T15:01:14.545051102Z pool-1-thread-1 TRACE XmlConfiguration stopping root LoggerConfig.
2024-09-28T15:01:14.545154194Z pool-1-thread-1 TRACE XmlConfiguration notifying ReliabilityStrategies that appenders will be stopped.
2024-09-28T15:01:14.545265797Z pool-1-thread-1 TRACE XmlConfiguration stopping remaining Appenders.
2024-09-28T15:01:14.545402760Z pool-1-thread-1 DEBUG Shutting down RollingFileManager ../logs/swccg_chat.log
2024-09-28T15:01:14.545542862Z pool-1-thread-1 DEBUG Shutting down RollingFileManager ../logs/swccg_chat.log
2024-09-28T15:01:14.545903590Z pool-1-thread-1 DEBUG OutputStream closed
2024-09-28T15:01:14.546129845Z pool-1-thread-1 DEBUG All asynchronous threads have terminated
2024-09-28T15:01:14.546240097Z pool-1-thread-1 DEBUG RollingFileManager shutdown completed with status true
2024-09-28T15:01:14.546356620Z pool-1-thread-1 DEBUG Shut down RollingFileManager ../logs/swccg_chat.log, all resources released: true
2024-09-28T15:01:14.546476952Z pool-1-thread-1 DEBUG Appender chat stopped with status true
2024-09-28T15:01:14.546607485Z pool-1-thread-1 DEBUG Shutting down OutputStreamManager SYSTEM_OUT.false.false
2024-09-28T15:01:14.546730707Z pool-1-thread-1 DEBUG OutputStream closed
2024-09-28T15:01:14.546834899Z pool-1-thread-1 DEBUG Shut down OutputStreamManager SYSTEM_OUT.false.false, all resources released: true
2024-09-28T15:01:14.546963962Z pool-1-thread-1 DEBUG Appender stdout stopped with status true
2024-09-28T15:01:14.547083685Z pool-1-thread-1 DEBUG Shutting down RollingFileManager ../logs/gemp-swccg.log
2024-09-28T15:01:14.547183747Z pool-1-thread-1 DEBUG Shutting down RollingFileManager ../logs/gemp-swccg.log
2024-09-28T15:01:14.547542254Z pool-1-thread-1 DEBUG OutputStream closed
2024-09-28T15:01:14.547670547Z pool-1-thread-1 DEBUG All asynchronous threads have terminated
2024-09-28T15:01:14.547775709Z pool-1-thread-1 DEBUG RollingFileManager shutdown completed with status true
2024-09-28T15:01:14.547876061Z pool-1-thread-1 DEBUG Shut down RollingFileManager ../logs/gemp-swccg.log, all resources released: true
2024-09-28T15:01:14.548022014Z pool-1-thread-1 DEBUG Appender mainlog stopped with status true
2024-09-28T15:01:14.548160047Z pool-1-thread-1 TRACE XmlConfiguration stopped 3 remaining Appenders.
2024-09-28T15:01:14.548269380Z pool-1-thread-1 TRACE XmlConfiguration cleaning Appenders from 4 LoggerConfigs.
2024-09-28T15:01:14.548415092Z pool-1-thread-1 DEBUG Stopped XmlConfiguration[location=/opt/gemp-swccg/src/gemp-swccg-async/src/main/resources/prod-log4j.xml] OK
2024-09-28T15:01:14.548554275Z pool-1-thread-1 DEBUG Stopped LoggerContext[name=Default, org.apache.logging.log4j.core.LoggerContext@6f36e806] with status true
2024-09-28T15:01:16.467736543Z main DEBUG Using ShutdownCallbackRegistry class org.apache.logging.log4j.core.util.DefaultShutdownCallbackRegistry
2024-09-28T15:01:16.656786205Z main DEBUG Took 0.153822 seconds to load 226 plugins from jdk.internal.loader.ClassLoaders$AppClassLoader@4f2410ac
2024-09-28T15:01:16.657329118Z main DEBUG PluginManager 'Lookup' found 16 plugins
2024-09-28T15:01:16.697040142Z main DEBUG AsyncLogger.ThreadNameStrategy=UNCACHED (user specified null, default is UNCACHED)
2024-09-28T15:01:16.698953565Z main TRACE Using default SystemClock for timestamps.
2024-09-28T15:01:16.699913862Z main DEBUG org.apache.logging.log4j.core.util.SystemClock does not support precise timestamps.
2024-09-28T15:01:16.709047151Z main DEBUG PluginManager 'Lookup' found 16 plugins
2024-09-28T15:01:16.714735519Z main DEBUG PluginManager 'Converter' found 45 plugins
2024-09-28T15:01:16.778537065Z main DEBUG Starting OutputStreamManager SYSTEM_OUT.false.false-1
2024-09-28T15:01:16.780437338Z main DEBUG Starting LoggerContext[name=4f2410ac, org.apache.logging.log4j.core.LoggerContext@2f490758]...
2024-09-28T15:01:16.780953647Z main DEBUG Reconfiguration started for context[name=4f2410ac] at URI null (org.apache.logging.log4j.core.LoggerContext@2f490758) with optional ClassLoader: null
2024-09-28T15:01:16.782783609Z main DEBUG PluginManager 'Lookup' found 16 plugins
2024-09-28T15:01:16.783367709Z main DEBUG PluginManager 'ConfigurationFactory' found 4 plugins
2024-09-28T15:01:16.786324661Z main DEBUG PluginManager 'Lookup' found 16 plugins
2024-09-28T15:01:16.786991053Z main DEBUG PluginManager 'Lookup' found 16 plugins
2024-09-28T15:01:16.787425980Z main DEBUG Missing dependencies for Yaml support, ConfigurationFactory org.apache.logging.log4j.core.config.yaml.YamlConfigurationFactory is inactive
2024-09-28T15:01:16.787811127Z main DEBUG PluginManager 'Lookup' found 16 plugins
2024-09-28T15:01:16.788428158Z main DEBUG Missing dependencies for Json support, ConfigurationFactory org.apache.logging.log4j.core.config.json.JsonConfigurationFactory is inactive
2024-09-28T15:01:16.788800635Z main DEBUG PluginManager 'Lookup' found 16 plugins
2024-09-28T15:01:16.791170626Z main DEBUG Using configurationFactory org.apache.logging.log4j.core.config.ConfigurationFactory$Factory@17776a8
2024-09-28T15:01:16.799481149Z main DEBUG PluginManager 'Lookup' found 16 plugins
2024-09-28T15:01:16.802094587Z main DEBUG Closing FileInputStream java.io.FileInputStream@11e21d0e
2024-09-28T15:01:16.837502736Z main DEBUG null null initializing configuration XmlConfiguration[location=/opt/gemp-swccg/src/gemp-swccg-async/src/main/resources/prod-log4j.xml]
2024-09-28T15:01:16.838171977Z main DEBUG PluginManager 'Core' found 131 plugins
2024-09-28T15:01:16.838422031Z main DEBUG PluginManager 'Level' found 0 plugins
2024-09-28T15:01:16.842757288Z main DEBUG PluginManager 'Lookup' found 16 plugins
2024-09-28T15:01:16.844152372Z main DEBUG Building Plugin[name=layout, class=org.apache.logging.log4j.core.layout.PatternLayout].
2024-09-28T15:01:16.859172254Z main TRACE TypeConverterRegistry initializing.
2024-09-28T15:01:16.859690753Z main DEBUG PluginManager 'TypeConverter' found 26 plugins
2024-09-28T15:01:16.875667492Z main DEBUG PatternLayout$Builder(pattern="%m%n", PatternSelector=null, Configuration(MyApp), Replace=null, charset="null", alwaysWriteExceptions="null", disableAnsi="null", noConsoleNoAnsi="null", header="null", footer="null")
2024-09-28T15:01:16.878742715Z main DEBUG PluginManager 'Converter' found 45 plugins
2024-09-28T15:01:16.880009758Z main DEBUG Building Plugin[name=appender, class=org.apache.logging.log4j.core.appender.ConsoleAppender].
2024-09-28T15:01:16.889549435Z main DEBUG ConsoleAppender$Builder(target="SYSTEM_OUT", follow="null", direct="null", bufferedIo="null", bufferSize="null", immediateFlush="null", ignoreExceptions="null", PatternLayout(%m%n), name="stdout", Configuration(MyApp), Filter=null, ={})
2024-09-28T15:01:16.893584383Z main DEBUG Starting OutputStreamManager SYSTEM_OUT.false.false
2024-09-28T15:01:16.893934082Z main DEBUG Building Plugin[name=layout, class=org.apache.logging.log4j.core.layout.PatternLayout].
2024-09-28T15:01:16.894532482Z main DEBUG PatternLayout$Builder(pattern="%d{yyyy-MM-dd HH:mm:ss,SSS} %5p %c{1}:%L - %m%n", PatternSelector=null, Configuration(MyApp), Replace=null, charset="null", alwaysWriteExceptions="null", disableAnsi="null", noConsoleNoAnsi="null", header="null", footer="null")
2024-09-28T15:01:16.902333809Z main DEBUG Building Plugin[name=TimeBasedTriggeringPolicy, class=org.apache.logging.log4j.core.appender.rolling.TimeBasedTriggeringPolicy].
2024-09-28T15:01:16.905852948Z main DEBUG TimeBasedTriggeringPolicy$Builder(interval="null", modulate="null", maxRandomDelay="null")
2024-09-28T15:01:16.906300438Z main DEBUG Building Plugin[name=SizeBasedTriggeringPolicy, class=org.apache.logging.log4j.core.appender.rolling.SizeBasedTriggeringPolicy].
2024-09-28T15:01:16.910255846Z main DEBUG createPolicy(size="10 MB")
2024-09-28T15:01:16.912266961Z main DEBUG Building Plugin[name=Policies, class=org.apache.logging.log4j.core.appender.rolling.CompositeTriggeringPolicy].
2024-09-28T15:01:16.913015224Z main DEBUG createPolicy(={TimeBasedTriggeringPolicy(nextRolloverMillis=0, interval=1, modulate=false), SizeBasedTriggeringPolicy(size=10485760)})
2024-09-28T15:01:16.913443658Z main DEBUG Building Plugin[name=DefaultRolloverStrategy, class=org.apache.logging.log4j.core.appender.rolling.DefaultRolloverStrategy].
2024-09-28T15:01:16.917280769Z main DEBUG DefaultRolloverStrategy$Builder(max="20", min="null", fileIndex="null", compressionLevel="null", ={}, stopCustomActionsOnError="null", tempCompressedFilePattern="null", Configuration(MyApp))
2024-09-28T15:01:16.917672015Z main DEBUG Building Plugin[name=appender, class=org.apache.logging.log4j.core.appender.RollingFileAppender].
2024-09-28T15:01:16.920768690Z main DEBUG RollingFileAppender$Builder(fileName="../logs/gemp-swccg.log", filePattern="../logs/${date:yyyy-MM}/app-%d{MM-dd-yyyy}-%i.log.gz", append="null", locking="null", Policies(CompositeTriggeringPolicy(policies=[TimeBasedTriggeringPolicy(nextRolloverMillis=0, interval=1, modulate=false), SizeBasedTriggeringPolicy(size=10485760)])), DefaultRolloverStrategy(DefaultRolloverStrategy(min=1, max=20, useMax=true)), advertise="null", advertiseUri="null", createOnDemand="null", filePermissions="null", fileOwner="null", fileGroup="null", bufferedIo="null", bufferSize="null", immediateFlush="null", ignoreExceptions="null", PatternLayout(%d{yyyy-MM-dd HH:mm:ss,SSS} %5p %c{1}:%L - %m%n), name="mainlog", Configuration(MyApp), Filter=null, ={})
2024-09-28T15:01:16.926385278Z main TRACE New file '../logs/gemp-swccg.log' created = false
2024-09-28T15:01:16.928741729Z main INFO Unable to obtain file creation time for /opt/gemp-swccg/src/../logs/gemp-swccg.log
2024-09-28T15:01:16.929534573Z main DEBUG Starting RollingFileManager ../logs/gemp-swccg.log
2024-09-28T15:01:16.932137179Z main DEBUG PluginManager 'FileConverter' found 2 plugins
2024-09-28T15:01:16.936692458Z main DEBUG Setting prev file time to 2024-09-28T14:59:54.170+0000
2024-09-28T15:01:16.937045535Z main DEBUG Initializing triggering policy CompositeTriggeringPolicy(policies=[TimeBasedTriggeringPolicy(nextRolloverMillis=0, interval=1, modulate=false), SizeBasedTriggeringPolicy(size=10485760)])
2024-09-28T15:01:16.937276259Z main DEBUG Initializing triggering policy TimeBasedTriggeringPolicy(nextRolloverMillis=0, interval=1, modulate=false)
2024-09-28T15:01:16.938432739Z main TRACE PatternProcessor.getNextTime returning 2024/09/29-00:00:00.000, nextFileTime=2024/09/28-00:00:00.000, prevFileTime=1970/01/01-00:00:00.000, current=2024/09/28-15:01:16.938, freq=DAILY
2024-09-28T15:01:16.939654620Z main TRACE PatternProcessor.getNextTime returning 2024/09/29-00:00:00.000, nextFileTime=2024/09/28-00:00:00.000, prevFileTime=2024/09/28-00:00:00.000, current=2024/09/28-15:01:16.939, freq=DAILY
2024-09-28T15:01:16.939932333Z main DEBUG Initializing triggering policy SizeBasedTriggeringPolicy(size=10485760)
2024-09-28T15:01:16.940291672Z main DEBUG Building Plugin[name=layout, class=org.apache.logging.log4j.core.layout.PatternLayout].
2024-09-28T15:01:16.941038655Z main DEBUG PatternLayout$Builder(pattern="%d{yyyy-MM-dd HH:mm:ss,SSS} %5p %c{1}:%L - %m%n", PatternSelector=null, Configuration(MyApp), Replace=null, charset="null", alwaysWriteExceptions="null", disableAnsi="null", noConsoleNoAnsi="null", header="null", footer="null")
2024-09-28T15:01:16.941593475Z main DEBUG Building Plugin[name=TimeBasedTriggeringPolicy, class=org.apache.logging.log4j.core.appender.rolling.TimeBasedTriggeringPolicy].
2024-09-28T15:01:16.941905350Z main DEBUG TimeBasedTriggeringPolicy$Builder(interval="null", modulate="null", maxRandomDelay="null")
2024-09-28T15:01:16.942127544Z main DEBUG Building Plugin[name=SizeBasedTriggeringPolicy, class=org.apache.logging.log4j.core.appender.rolling.SizeBasedTriggeringPolicy].
2024-09-28T15:01:16.942502340Z main DEBUG createPolicy(size="10 MB")
2024-09-28T15:01:16.942820406Z main DEBUG Building Plugin[name=Policies, class=org.apache.logging.log4j.core.appender.rolling.CompositeTriggeringPolicy].
2024-09-28T15:01:16.943275524Z main DEBUG createPolicy(={TimeBasedTriggeringPolicy(nextRolloverMillis=0, interval=1, modulate=false), SizeBasedTriggeringPolicy(size=10485760)})
2024-09-28T15:01:16.943513998Z main DEBUG Building Plugin[name=DefaultRolloverStrategy, class=org.apache.logging.log4j.core.appender.rolling.DefaultRolloverStrategy].
2024-09-28T15:01:16.943958676Z main DEBUG DefaultRolloverStrategy$Builder(max="20", min="null", fileIndex="null", compressionLevel="null", ={}, stopCustomActionsOnError="null", tempCompressedFilePattern="null", Configuration(MyApp))
2024-09-28T15:01:16.944153419Z main DEBUG Building Plugin[name=appender, class=org.apache.logging.log4j.core.appender.RollingFileAppender].
2024-09-28T15:01:16.944848171Z main DEBUG RollingFileAppender$Builder(fileName="../logs/swccg_chat.log", filePattern="../logs/${date:yyyy-MM}/app-%d{MM-dd-yyyy}-%i.log.gz", append="null", locking="null", Policies(CompositeTriggeringPolicy(policies=[TimeBasedTriggeringPolicy(nextRolloverMillis=0, interval=1, modulate=false), SizeBasedTriggeringPolicy(size=10485760)])), DefaultRolloverStrategy(DefaultRolloverStrategy(min=1, max=20, useMax=true)), advertise="null", advertiseUri="null", createOnDemand="null", filePermissions="null", fileOwner="null", fileGroup="null", bufferedIo="null", bufferSize="null", immediateFlush="null", ignoreExceptions="null", PatternLayout(%d{yyyy-MM-dd HH:mm:ss,SSS} %5p %c{1}:%L - %m%n), name="chat", Configuration(MyApp), Filter=null, ={})
2024-09-28T15:01:16.946670774Z main TRACE New file '../logs/swccg_chat.log' created = false
2024-09-28T15:01:16.948528986Z main INFO Unable to obtain file creation time for /opt/gemp-swccg/src/../logs/swccg_chat.log
2024-09-28T15:01:16.949127596Z main DEBUG Starting RollingFileManager ../logs/swccg_chat.log
2024-09-28T15:01:16.949441832Z main DEBUG PluginManager 'FileConverter' found 2 plugins
2024-09-28T15:01:16.950068013Z main DEBUG Setting prev file time to 2024-09-28T14:59:54.170+0000
2024-09-28T15:01:16.950268116Z main DEBUG Initializing triggering policy CompositeTriggeringPolicy(policies=[TimeBasedTriggeringPolicy(nextRolloverMillis=0, interval=1, modulate=false), SizeBasedTriggeringPolicy(size=10485760)])
2024-09-28T15:01:16.950504671Z main DEBUG Initializing triggering policy TimeBasedTriggeringPolicy(nextRolloverMillis=0, interval=1, modulate=false)
2024-09-28T15:01:16.951168532Z main TRACE PatternProcessor.getNextTime returning 2024/09/29-00:00:00.000, nextFileTime=2024/09/28-00:00:00.000, prevFileTime=1970/01/01-00:00:00.000, current=2024/09/28-15:01:16.951, freq=DAILY
2024-09-28T15:01:16.951818244Z main TRACE PatternProcessor.getNextTime returning 2024/09/29-00:00:00.000, nextFileTime=2024/09/28-00:00:00.000, prevFileTime=2024/09/28-00:00:00.000, current=2024/09/28-15:01:16.951, freq=DAILY
2024-09-28T15:01:16.952096279Z main DEBUG Initializing triggering policy SizeBasedTriggeringPolicy(size=10485760)
2024-09-28T15:01:16.952307952Z main DEBUG Building Plugin[name=appenders, class=org.apache.logging.log4j.core.config.AppendersPlugin].
2024-09-28T15:01:16.952881112Z main DEBUG createAppenders(={stdout, mainlog, chat})
2024-09-28T15:01:16.953280569Z main DEBUG Building Plugin[name=AppenderRef, class=org.apache.logging.log4j.core.config.AppenderRef].
2024-09-28T15:01:16.953765168Z main DEBUG createAppenderRef(ref="stdout", level="null", Filter=null)
2024-09-28T15:01:16.955098441Z main DEBUG Building Plugin[name=logger, class=org.apache.logging.log4j.core.config.LoggerConfig].
2024-09-28T15:01:16.959342351Z main DEBUG LoggerConfig$Builder(additivity="false", level="DEBUG", levelAndRefs="null", name="com.gempukku", includeLocation="null", ={stdout}, ={}, Configuration(MyApp), Filter=null)
2024-09-28T15:01:16.961512682Z main DEBUG Building Plugin[name=AppenderRef, class=org.apache.logging.log4j.core.config.AppenderRef].
2024-09-28T15:01:16.962391147Z main DEBUG createAppenderRef(ref="chat", level="null", Filter=null)
2024-09-28T15:01:16.962654961Z main DEBUG Building Plugin[name=logger, class=org.apache.logging.log4j.core.config.LoggerConfig].
2024-09-28T15:01:16.963138490Z main DEBUG LoggerConfig$Builder(additivity="null", level="ALL", levelAndRefs="null", name="chat", includeLocation="null", ={chat}, ={}, Configuration(MyApp), Filter=null)
2024-09-28T15:01:16.963401504Z main DEBUG Building Plugin[name=AppenderRef, class=org.apache.logging.log4j.core.config.AppenderRef].
2024-09-28T15:01:16.963838852Z main DEBUG createAppenderRef(ref="stdout", level="null", Filter=null)
2024-09-28T15:01:16.964105276Z main DEBUG Building Plugin[name=AppenderRef, class=org.apache.logging.log4j.core.config.AppenderRef].
2024-09-28T15:01:16.964406901Z main DEBUG createAppenderRef(ref="mainlog", level="null", Filter=null)
2024-09-28T15:01:16.964612265Z main DEBUG Building Plugin[name=root, class=org.apache.logging.log4j.core.config.LoggerConfig$RootLogger].
2024-09-28T15:01:16.966606920Z main DEBUG LoggerConfig$RootLogger$Builder(additivity="null", level="ERROR", levelAndRefs="null", includeLocation="null", ={stdout, mainlog}, ={}, Configuration(MyApp), Filter=null)
2024-09-28T15:01:16.966938136Z main DEBUG Building Plugin[name=loggers, class=org.apache.logging.log4j.core.config.LoggersPlugin].
2024-09-28T15:01:16.967603218Z main DEBUG createLoggers(={com.gempukku, chat, root})
2024-09-28T15:01:16.968568754Z main DEBUG Configuration XmlConfiguration[location=/opt/gemp-swccg/src/gemp-swccg-async/src/main/resources/prod-log4j.xml] initialized
2024-09-28T15:01:16.968908280Z main DEBUG Starting configuration XmlConfiguration[location=/opt/gemp-swccg/src/gemp-swccg-async/src/main/resources/prod-log4j.xml]
2024-09-28T15:01:16.969273237Z main DEBUG Started configuration XmlConfiguration[location=/opt/gemp-swccg/src/gemp-swccg-async/src/main/resources/prod-log4j.xml] OK.
2024-09-28T15:01:16.969799436Z main TRACE Stopping org.apache.logging.log4j.core.config.DefaultConfiguration@c46bcd4...
2024-09-28T15:01:16.970054071Z main TRACE DefaultConfiguration notified 1 ReliabilityStrategies that config will be stopped.
2024-09-28T15:01:16.970313415Z main TRACE DefaultConfiguration stopping root LoggerConfig.
2024-09-28T15:01:16.970577530Z main TRACE DefaultConfiguration notifying ReliabilityStrategies that appenders will be stopped.
2024-09-28T15:01:16.970821104Z main TRACE DefaultConfiguration stopping remaining Appenders.
2024-09-28T15:01:16.971065248Z main DEBUG Shutting down OutputStreamManager SYSTEM_OUT.false.false-1
2024-09-28T15:01:16.971390244Z main DEBUG OutputStream closed
2024-09-28T15:01:16.971744130Z main DEBUG Shut down OutputStreamManager SYSTEM_OUT.false.false-1, all resources released: true
2024-09-28T15:01:16.971928834Z main DEBUG Appender DefaultConsole-1 stopped with status true
2024-09-28T15:01:16.972166428Z main TRACE DefaultConfiguration stopped 1 remaining Appenders.
2024-09-28T15:01:16.972395722Z main TRACE DefaultConfiguration cleaning Appenders from 1 LoggerConfigs.
2024-09-28T15:01:16.972712937Z main DEBUG Stopped org.apache.logging.log4j.core.config.DefaultConfiguration@c46bcd4 OK
2024-09-28T15:01:17.089225814Z main TRACE Reregistering MBeans after reconfigure. Selector=org.apache.logging.log4j.core.selector.ClassLoaderContextSelector@c333c60
2024-09-28T15:01:17.089628551Z main TRACE Reregistering context (1/1): '4f2410ac' org.apache.logging.log4j.core.LoggerContext@2f490758
2024-09-28T15:01:17.090129230Z main TRACE Unregistering but no MBeans found matching 'org.apache.logging.log4j2:type=4f2410ac'
2024-09-28T15:01:17.090457316Z main TRACE Unregistering but no MBeans found matching 'org.apache.logging.log4j2:type=4f2410ac,component=StatusLogger'
2024-09-28T15:01:17.090784461Z main TRACE Unregistering but no MBeans found matching 'org.apache.logging.log4j2:type=4f2410ac,component=ContextSelector'
2024-09-28T15:01:17.091158358Z main TRACE Unregistering but no MBeans found matching 'org.apache.logging.log4j2:type=4f2410ac,component=Loggers,name=*'
2024-09-28T15:01:17.091445553Z main TRACE Unregistering but no MBeans found matching 'org.apache.logging.log4j2:type=4f2410ac,component=Appenders,name=*'
2024-09-28T15:01:17.091713328Z main TRACE Unregistering but no MBeans found matching 'org.apache.logging.log4j2:type=4f2410ac,component=AsyncAppenders,name=*'
2024-09-28T15:01:17.092037833Z main TRACE Unregistering but no MBeans found matching 'org.apache.logging.log4j2:type=4f2410ac,component=AsyncLoggerRingBuffer'
2024-09-28T15:01:17.092350679Z main TRACE Unregistering but no MBeans found matching 'org.apache.logging.log4j2:type=4f2410ac,component=Loggers,name=*,subtype=RingBuffer'
2024-09-28T15:01:17.094377144Z main DEBUG Registering MBean org.apache.logging.log4j2:type=4f2410ac
2024-09-28T15:01:17.097090822Z main DEBUG Registering MBean org.apache.logging.log4j2:type=4f2410ac,component=StatusLogger
2024-09-28T15:01:17.098530227Z main DEBUG Registering MBean org.apache.logging.log4j2:type=4f2410ac,component=ContextSelector
2024-09-28T15:01:17.100243977Z main DEBUG Registering MBean org.apache.logging.log4j2:type=4f2410ac,component=Loggers,name=
2024-09-28T15:01:17.100941419Z main DEBUG Registering MBean org.apache.logging.log4j2:type=4f2410ac,component=Loggers,name=com.gempukku
2024-09-28T15:01:17.101325326Z main DEBUG Registering MBean org.apache.logging.log4j2:type=4f2410ac,component=Loggers,name=chat
2024-09-28T15:01:17.103230260Z main DEBUG Registering MBean org.apache.logging.log4j2:type=4f2410ac,component=Appenders,name=mainlog
2024-09-28T15:01:17.104147255Z main DEBUG Registering MBean org.apache.logging.log4j2:type=4f2410ac,component=Appenders,name=stdout
2024-09-28T15:01:17.104529032Z main DEBUG Registering MBean org.apache.logging.log4j2:type=4f2410ac,component=Appenders,name=chat
2024-09-28T15:01:17.105964638Z main TRACE Using default SystemClock for timestamps.
2024-09-28T15:01:17.106188501Z main DEBUG org.apache.logging.log4j.core.util.SystemClock does not support precise timestamps.
2024-09-28T15:01:17.106502967Z main TRACE Using DummyNanoClock for nanosecond timestamps.
2024-09-28T15:01:17.106820462Z main DEBUG Reconfiguration complete for context[name=4f2410ac] at URI /opt/gemp-swccg/src/gemp-swccg-async/src/main/resources/prod-log4j.xml (org.apache.logging.log4j.core.LoggerContext@2f490758) with optional ClassLoader: null
2024-09-28T15:01:17.107056537Z main DEBUG Shutdown hook enabled. Registering a new one.
2024-09-28T15:01:17.108572503Z main DEBUG LoggerContext[name=4f2410ac, org.apache.logging.log4j.core.LoggerContext@2f490758] started OK.
Property.....: port
GempukkuServer loading prerequisites...
GempukkuServer loading DAOs...
Property.....: db.connection.class
Property.....: db.connection.url
Property.....: db.connection.hostname
Property.....: db.connection.dbname
DB Hostname..: gemp_swccg_db_1
DB Name......: gemp-swccg
DB URL.......: jdbc:mysql://gemp_swccg_db_1/gemp-swccg
Property.....: db.connection.username
Property.....: db.connection.password
2024-09-28T15:01:17.181432882Z main WARN Runtime environment or build system does not support multi-release JARs. This will impact location-based features.
Property.....: db.connection.validateQuery
GempukkuServer loading card products...
GempukkuServer loading services...
Loading set 1
Loading set 2
Loading set 3
Loading set 4
Loading set 5
Loading set 6
Loading set 7
Loading set 8
Loading set 9
Loading set 10
Loading set 11
Loading set 12
Loading set 13
Loading set 14
Loading set 101
Loading set 102
Loading set 103
Loading set 104
Loading set 105
Loading set 106
Loading set 107
Loading set 108
Loading set 109
Loading set 110
Loading set 111
Loading set 112
Loading set 200
Loading set 201
Loading set 202
Loading set 203
Loading set 204
Loading set 205
Loading set 206
Loading set 207
Loading set 208
Loading set 209
Loading set 210
Loading set 211
Loading set 212
Loading set 213
Loading set 214
Loading set 215
Loading set 216
Loading set 217
Loading set 218
Loading set 219
Loading set 220
Loading set 221
Loading set 222
Loading set 223
Loading set 301
Loading set 401
Loading set 601
Loading set 1
Loading set 2
Loading set 3
Loading set 4
Loading set 5
Loading set 6
Loading set 7
Loading set 8
Loading set 9
Loading set 10
Loading set 11
Loading set 12
Loading set 13
Loading set 14
Loading set 101
Loading set 102
Loading set 103
Loading set 104
Loading set 105
Loading set 106
Loading set 107
Loading set 108
Loading set 109
Loading set 110
Loading set 111
Loading set 112
Loading set 200
Loading set 201
Loading set 202
Loading set 203
Loading set 204
Loading set 205
Loading set 206
Loading set 207
Loading set 208
Loading set 209
Loading set 210
Loading set 211
Loading set 212
Loading set 213
Loading set 214
Loading set 215
Loading set 216
Loading set 217
Loading set 218
Loading set 219
Loading set 220
Loading set 221
Loading set 222
Loading set 223
Loading set 301
Loading set 401
Loading set 501
Loading set 601
2024-09-28T15:01:21.620212051Z main DEBUG PluginManager 'Lookup' found 16 plugins
2024-09-28T15:01:21.621796670Z main DEBUG PluginManager 'Converter' found 45 plugins
2024-09-28T15:01:21.622882631Z main DEBUG Starting OutputStreamManager SYSTEM_OUT.false.false-2
2024-09-28T15:01:21.623138936Z main DEBUG Starting LoggerContext[name=Default, org.apache.logging.log4j.core.LoggerContext@de40aa1]...
2024-09-28T15:01:21.623410301Z main DEBUG Reconfiguration started for context[name=Default] at URI null (org.apache.logging.log4j.core.LoggerContext@de40aa1) with optional ClassLoader: null
2024-09-28T15:01:21.623651265Z main DEBUG Using configurationFactory org.apache.logging.log4j.core.config.ConfigurationFactory$Factory@17776a8
2024-09-28T15:01:21.628485494Z main DEBUG PluginManager 'Lookup' found 16 plugins
2024-09-28T15:01:21.630073043Z main DEBUG Closing FileInputStream java.io.FileInputStream@57f89680
2024-09-28T15:01:21.633789391Z main DEBUG null null initializing configuration XmlConfiguration[location=/opt/gemp-swccg/src/gemp-swccg-async/src/main/resources/prod-log4j.xml]
2024-09-28T15:01:21.634174138Z main DEBUG PluginManager 'Core' found 131 plugins
2024-09-28T15:01:21.634351172Z main DEBUG PluginManager 'Level' found 0 plugins
2024-09-28T15:01:21.635096215Z main DEBUG PluginManager 'Lookup' found 16 plugins
2024-09-28T15:01:21.635434502Z main DEBUG Building Plugin[name=layout, class=org.apache.logging.log4j.core.layout.PatternLayout].
2024-09-28T15:01:21.635852719Z main DEBUG PatternLayout$Builder(pattern="%m%n", PatternSelector=null, Configuration(MyApp), Replace=null, charset="null", alwaysWriteExceptions="null", disableAnsi="null", noConsoleNoAnsi="null", header="null", footer="null")
2024-09-28T15:01:21.636103244Z main DEBUG PluginManager 'Converter' found 45 plugins
2024-09-28T15:01:21.636430240Z main DEBUG Building Plugin[name=appender, class=org.apache.logging.log4j.core.appender.ConsoleAppender].
2024-09-28T15:01:21.636943349Z main DEBUG ConsoleAppender$Builder(target="SYSTEM_OUT", follow="null", direct="null", bufferedIo="null", bufferSize="null", immediateFlush="null", ignoreExceptions="null", PatternLayout(%m%n), name="stdout", Configuration(MyApp), Filter=null, ={})
2024-09-28T15:01:21.640261860Z main DEBUG Building Plugin[name=layout, class=org.apache.logging.log4j.core.layout.PatternLayout].
2024-09-28T15:01:21.641241208Z main DEBUG PatternLayout$Builder(pattern="%d{yyyy-MM-dd HH:mm:ss,SSS} %5p %c{1}:%L - %m%n", PatternSelector=null, Configuration(MyApp), Replace=null, charset="null", alwaysWriteExceptions="null", disableAnsi="null", noConsoleNoAnsi="null", header="null", footer="null")
2024-09-28T15:01:21.642190655Z main DEBUG Building Plugin[name=TimeBasedTriggeringPolicy, class=org.apache.logging.log4j.core.appender.rolling.TimeBasedTriggeringPolicy].
2024-09-28T15:01:21.642504231Z main DEBUG TimeBasedTriggeringPolicy$Builder(interval="null", modulate="null", maxRandomDelay="null")
2024-09-28T15:01:21.642733946Z main DEBUG Building Plugin[name=SizeBasedTriggeringPolicy, class=org.apache.logging.log4j.core.appender.rolling.SizeBasedTriggeringPolicy].
2024-09-28T15:01:21.643196594Z main DEBUG createPolicy(size="10 MB")
2024-09-28T15:01:21.643608621Z main DEBUG Building Plugin[name=Policies, class=org.apache.logging.log4j.core.appender.rolling.CompositeTriggeringPolicy].
2024-09-28T15:01:21.643942448Z main DEBUG createPolicy(={TimeBasedTriggeringPolicy(nextRolloverMillis=0, interval=1, modulate=false), SizeBasedTriggeringPolicy(size=10485760)})
2024-09-28T15:01:21.644144362Z main DEBUG Building Plugin[name=DefaultRolloverStrategy, class=org.apache.logging.log4j.core.appender.rolling.DefaultRolloverStrategy].
2024-09-28T15:01:21.644538799Z main DEBUG DefaultRolloverStrategy$Builder(max="20", min="null", fileIndex="null", compressionLevel="null", ={}, stopCustomActionsOnError="null", tempCompressedFilePattern="null", Configuration(MyApp))
2024-09-28T15:01:21.644925956Z main DEBUG Building Plugin[name=appender, class=org.apache.logging.log4j.core.appender.RollingFileAppender].
2024-09-28T15:01:21.645768122Z main DEBUG RollingFileAppender$Builder(fileName="../logs/gemp-swccg.log", filePattern="../logs/${date:yyyy-MM}/app-%d{MM-dd-yyyy}-%i.log.gz", append="null", locking="null", Policies(CompositeTriggeringPolicy(policies=[TimeBasedTriggeringPolicy(nextRolloverMillis=0, interval=1, modulate=false), SizeBasedTriggeringPolicy(size=10485760)])), DefaultRolloverStrategy(DefaultRolloverStrategy(min=1, max=20, useMax=true)), advertise="null", advertiseUri="null", createOnDemand="null", filePermissions="null", fileOwner="null", fileGroup="null", bufferedIo="null", bufferSize="null", immediateFlush="null", ignoreExceptions="null", PatternLayout(%d{yyyy-MM-dd HH:mm:ss,SSS} %5p %c{1}:%L - %m%n), name="mainlog", Configuration(MyApp), Filter=null, ={})
2024-09-28T15:01:21.646110038Z main DEBUG PluginManager 'FileConverter' found 2 plugins
2024-09-28T15:01:21.646706869Z main DEBUG Initializing triggering policy TimeBasedTriggeringPolicy(nextRolloverMillis=0, interval=1, modulate=false)
2024-09-28T15:01:21.647644777Z main TRACE PatternProcessor.getNextTime returning 2024/09/29-00:00:00.000, nextFileTime=2024/09/28-00:00:00.000, prevFileTime=2024/09/28-00:00:00.000, current=2024/09/28-15:01:21.647, freq=DAILY
2024-09-28T15:01:21.648206305Z main TRACE PatternProcessor.getNextTime returning 2024/09/29-00:00:00.000, nextFileTime=2024/09/28-00:00:00.000, prevFileTime=2024/09/28-00:00:00.000, current=2024/09/28-15:01:21.648, freq=DAILY
2024-09-28T15:01:21.648426021Z main DEBUG Initializing triggering policy SizeBasedTriggeringPolicy(size=10485760)
2024-09-28T15:01:21.648639095Z main DEBUG Building Plugin[name=layout, class=org.apache.logging.log4j.core.layout.PatternLayout].
2024-09-28T15:01:21.649149045Z main DEBUG PatternLayout$Builder(pattern="%d{yyyy-MM-dd HH:mm:ss,SSS} %5p %c{1}:%L - %m%n", PatternSelector=null, Configuration(MyApp), Replace=null, charset="null", alwaysWriteExceptions="null", disableAnsi="null", noConsoleNoAnsi="null", header="null", footer="null")
2024-09-28T15:01:21.649671565Z main DEBUG Building Plugin[name=TimeBasedTriggeringPolicy, class=org.apache.logging.log4j.core.appender.rolling.TimeBasedTriggeringPolicy].
2024-09-28T15:01:21.650001121Z main DEBUG TimeBasedTriggeringPolicy$Builder(interval="null", modulate="null", maxRandomDelay="null")
2024-09-28T15:01:21.650207355Z main DEBUG Building Plugin[name=SizeBasedTriggeringPolicy, class=org.apache.logging.log4j.core.appender.rolling.SizeBasedTriggeringPolicy].
2024-09-28T15:01:21.650485430Z main DEBUG createPolicy(size="10 MB")
2024-09-28T15:01:21.650824356Z main DEBUG Building Plugin[name=Policies, class=org.apache.logging.log4j.core.appender.rolling.CompositeTriggeringPolicy].
2024-09-28T15:01:21.651104731Z main DEBUG createPolicy(={TimeBasedTriggeringPolicy(nextRolloverMillis=0, interval=1, modulate=false), SizeBasedTriggeringPolicy(size=10485760)})
2024-09-28T15:01:21.651317545Z main DEBUG Building Plugin[name=DefaultRolloverStrategy, class=org.apache.logging.log4j.core.appender.rolling.DefaultRolloverStrategy].
2024-09-28T15:01:21.651682422Z main DEBUG DefaultRolloverStrategy$Builder(max="20", min="null", fileIndex="null", compressionLevel="null", ={}, stopCustomActionsOnError="null", tempCompressedFilePattern="null", Configuration(MyApp))
2024-09-28T15:01:21.651905814Z main DEBUG Building Plugin[name=appender, class=org.apache.logging.log4j.core.appender.RollingFileAppender].
2024-09-28T15:01:21.652488147Z main DEBUG RollingFileAppender$Builder(fileName="../logs/swccg_chat.log", filePattern="../logs/${date:yyyy-MM}/app-%d{MM-dd-yyyy}-%i.log.gz", append="null", locking="null", Policies(CompositeTriggeringPolicy(policies=[TimeBasedTriggeringPolicy(nextRolloverMillis=0, interval=1, modulate=false), SizeBasedTriggeringPolicy(size=10485760)])), DefaultRolloverStrategy(DefaultRolloverStrategy(min=1, max=20, useMax=true)), advertise="null", advertiseUri="null", createOnDemand="null", filePermissions="null", fileOwner="null", fileGroup="null", bufferedIo="null", bufferSize="null", immediateFlush="null", ignoreExceptions="null", PatternLayout(%d{yyyy-MM-dd HH:mm:ss,SSS} %5p %c{1}:%L - %m%n), name="chat", Configuration(MyApp), Filter=null, ={})
2024-09-28T15:01:21.652902315Z main DEBUG PluginManager 'FileConverter' found 2 plugins
2024-09-28T15:01:21.653414984Z main DEBUG Initializing triggering policy TimeBasedTriggeringPolicy(nextRolloverMillis=0, interval=1, modulate=false)
2024-09-28T15:01:21.654069816Z main TRACE PatternProcessor.getNextTime returning 2024/09/29-00:00:00.000, nextFileTime=2024/09/28-00:00:00.000, prevFileTime=2024/09/28-00:00:00.000, current=2024/09/28-15:01:21.653, freq=DAILY
2024-09-28T15:01:21.654764049Z main TRACE PatternProcessor.getNextTime returning 2024/09/29-00:00:00.000, nextFileTime=2024/09/28-00:00:00.000, prevFileTime=2024/09/28-00:00:00.000, current=2024/09/28-15:01:21.654, freq=DAILY
2024-09-28T15:01:21.654956033Z main DEBUG Initializing triggering policy SizeBasedTriggeringPolicy(size=10485760)
2024-09-28T15:01:21.655154646Z main DEBUG Building Plugin[name=appenders, class=org.apache.logging.log4j.core.config.AppendersPlugin].
2024-09-28T15:01:21.655506343Z main DEBUG createAppenders(={stdout, mainlog, chat})
2024-09-28T15:01:21.655890237Z main DEBUG Building Plugin[name=AppenderRef, class=org.apache.logging.log4j.core.config.AppenderRef].
2024-09-28T15:01:21.656236556Z main DEBUG createAppenderRef(ref="stdout", level="null", Filter=null)
2024-09-28T15:01:21.656496191Z main DEBUG Building Plugin[name=logger, class=org.apache.logging.log4j.core.config.LoggerConfig].
2024-09-28T15:01:21.656827537Z main DEBUG LoggerConfig$Builder(additivity="false", level="DEBUG", levelAndRefs="null", name="com.gempukku", includeLocation="null", ={stdout}, ={}, Configuration(MyApp), Filter=null)
2024-09-28T15:01:21.657058812Z main DEBUG Building Plugin[name=AppenderRef, class=org.apache.logging.log4j.core.config.AppenderRef].
2024-09-28T15:01:21.657479599Z main DEBUG createAppenderRef(ref="chat", level="null", Filter=null)
2024-09-28T15:01:21.657744811Z main DEBUG Building Plugin[name=logger, class=org.apache.logging.log4j.core.config.LoggerConfig].
2024-09-28T15:01:21.658198582Z main DEBUG LoggerConfig$Builder(additivity="null", level="ALL", levelAndRefs="null", name="chat", includeLocation="null", ={chat}, ={}, Configuration(MyApp), Filter=null)
2024-09-28T15:01:21.658404526Z main DEBUG Building Plugin[name=AppenderRef, class=org.apache.logging.log4j.core.config.AppenderRef].
2024-09-28T15:01:21.658701012Z main DEBUG createAppenderRef(ref="stdout", level="null", Filter=null)
2024-09-28T15:01:21.658875565Z main DEBUG Building Plugin[name=AppenderRef, class=org.apache.logging.log4j.core.config.AppenderRef].
2024-09-28T15:01:21.659165630Z main DEBUG createAppenderRef(ref="mainlog", level="null", Filter=null)
2024-09-28T15:01:21.659369304Z main DEBUG Building Plugin[name=root, class=org.apache.logging.log4j.core.config.LoggerConfig$RootLogger].
2024-09-28T15:01:21.659924104Z main DEBUG LoggerConfig$RootLogger$Builder(additivity="null", level="ERROR", levelAndRefs="null", includeLocation="null", ={stdout, mainlog}, ={}, Configuration(MyApp), Filter=null)
2024-09-28T15:01:21.660145528Z main DEBUG Building Plugin[name=loggers, class=org.apache.logging.log4j.core.config.LoggersPlugin].
2024-09-28T15:01:21.660415410Z main DEBUG createLoggers(={com.gempukku, chat, root})
2024-09-28T15:01:21.660700488Z main DEBUG Configuration XmlConfiguration[location=/opt/gemp-swccg/src/gemp-swccg-async/src/main/resources/prod-log4j.xml] initialized
2024-09-28T15:01:21.660864691Z main DEBUG Starting configuration XmlConfiguration[location=/opt/gemp-swccg/src/gemp-swccg-async/src/main/resources/prod-log4j.xml]
2024-09-28T15:01:21.661057295Z main DEBUG Started configuration XmlConfiguration[location=/opt/gemp-swccg/src/gemp-swccg-async/src/main/resources/prod-log4j.xml] OK.
2024-09-28T15:01:21.661292919Z main TRACE Stopping org.apache.logging.log4j.core.config.DefaultConfiguration@64186f60...
2024-09-28T15:01:21.661486813Z main TRACE DefaultConfiguration notified 1 ReliabilityStrategies that config will be stopped.
2024-09-28T15:01:21.661636665Z main TRACE DefaultConfiguration stopping root LoggerConfig.
2024-09-28T15:01:21.661797899Z main TRACE DefaultConfiguration notifying ReliabilityStrategies that appenders will be stopped.
2024-09-28T15:01:21.662045633Z main TRACE DefaultConfiguration stopping remaining Appenders.
2024-09-28T15:01:21.662258837Z main DEBUG Shutting down OutputStreamManager SYSTEM_OUT.false.false-2
2024-09-28T15:01:21.662447251Z main DEBUG OutputStream closed
2024-09-28T15:01:21.662654804Z main DEBUG Shut down OutputStreamManager SYSTEM_OUT.false.false-2, all resources released: true
2024-09-28T15:01:21.662919389Z main DEBUG Appender DefaultConsole-2 stopped with status true
2024-09-28T15:01:21.663123493Z main TRACE DefaultConfiguration stopped 1 remaining Appenders.
2024-09-28T15:01:21.663443316Z main TRACE DefaultConfiguration cleaning Appenders from 1 LoggerConfigs.
2024-09-28T15:01:21.663625819Z main DEBUG Stopped org.apache.logging.log4j.core.config.DefaultConfiguration@64186f60 OK
2024-09-28T15:01:21.663880277Z main TRACE Reregistering MBeans after reconfigure. Selector=org.apache.logging.log4j.core.selector.ClassLoaderContextSelector@c333c60
2024-09-28T15:01:21.664080110Z main TRACE Reregistering context (1/1): '4f2410ac' org.apache.logging.log4j.core.LoggerContext@2f490758
2024-09-28T15:01:21.664549899Z main TRACE Unregistering 1 MBeans: [org.apache.logging.log4j2:type=4f2410ac]
2024-09-28T15:01:21.664885155Z main TRACE Unregistering 1 MBeans: [org.apache.logging.log4j2:type=4f2410ac,component=StatusLogger]
2024-09-28T15:01:21.665130967Z main TRACE Unregistering 1 MBeans: [org.apache.logging.log4j2:type=4f2410ac,component=ContextSelector]
2024-09-28T15:01:21.665456696Z main TRACE Unregistering 3 MBeans: [org.apache.logging.log4j2:type=4f2410ac,component=Loggers,name=, org.apache.logging.log4j2:type=4f2410ac,component=Loggers,name=com.gempukku, org.apache.logging.log4j2:type=4f2410ac,component=Loggers,name=chat]
2024-09-28T15:01:21.665828823Z main TRACE Unregistering 3 MBeans: [org.apache.logging.log4j2:type=4f2410ac,component=Appenders,name=stdout, org.apache.logging.log4j2:type=4f2410ac,component=Appenders,name=chat, org.apache.logging.log4j2:type=4f2410ac,component=Appenders,name=mainlog]
2024-09-28T15:01:21.666190499Z main TRACE Unregistering but no MBeans found matching 'org.apache.logging.log4j2:type=4f2410ac,component=AsyncAppenders,name=*'
2024-09-28T15:01:21.666601937Z main TRACE Unregistering but no MBeans found matching 'org.apache.logging.log4j2:type=4f2410ac,component=AsyncLoggerRingBuffer'
2024-09-28T15:01:21.666860202Z main TRACE Unregistering but no MBeans found matching 'org.apache.logging.log4j2:type=4f2410ac,component=Loggers,name=*,subtype=RingBuffer'
2024-09-28T15:01:21.667084946Z main DEBUG Registering MBean org.apache.logging.log4j2:type=4f2410ac
2024-09-28T15:01:21.667331380Z main DEBUG Registering MBean org.apache.logging.log4j2:type=4f2410ac,component=StatusLogger
2024-09-28T15:01:21.667617116Z main DEBUG Registering MBean org.apache.logging.log4j2:type=4f2410ac,component=ContextSelector
2024-09-28T15:01:21.667868300Z main DEBUG Registering MBean org.apache.logging.log4j2:type=4f2410ac,component=Loggers,name=
2024-09-28T15:01:21.668104704Z main DEBUG Registering MBean org.apache.logging.log4j2:type=4f2410ac,component=Loggers,name=com.gempukku
2024-09-28T15:01:21.668386630Z main DEBUG Registering MBean org.apache.logging.log4j2:type=4f2410ac,component=Loggers,name=chat
2024-09-28T15:01:21.668698635Z main DEBUG Registering MBean org.apache.logging.log4j2:type=4f2410ac,component=Appenders,name=mainlog
2024-09-28T15:01:21.668960060Z main DEBUG Registering MBean org.apache.logging.log4j2:type=4f2410ac,component=Appenders,name=stdout
2024-09-28T15:01:21.669223215Z main DEBUG Registering MBean org.apache.logging.log4j2:type=4f2410ac,component=Appenders,name=chat
2024-09-28T15:01:21.669489400Z main TRACE Using DummyNanoClock for nanosecond timestamps.
2024-09-28T15:01:21.669679603Z main DEBUG Reconfiguration complete for context[name=Default] at URI /opt/gemp-swccg/src/gemp-swccg-async/src/main/resources/prod-log4j.xml (org.apache.logging.log4j.core.LoggerContext@de40aa1) with optional ClassLoader: null
2024-09-28T15:01:21.669843926Z main DEBUG Shutdown hook enabled. Registering a new one.
2024-09-28T15:01:21.670018880Z main DEBUG LoggerContext[name=Default, org.apache.logging.log4j.core.LoggerContext@de40aa1] started OK.
System: Welcome to room: Game Hall
GempukkuServer starting servers...
Adding server: class com.gempukku.swccgo.hall.HallServer
Started: HallServer
Adding server: class com.gempukku.swccgo.game.SwccgoServer
Started: SwccgoServer
Adding server: class com.gempukku.swccgo.chat.ChatServer
Started: ChatServer
GempukkuServer startup complete.
Property.....: web.path
Property.....: origin.allowed.pattern
HTTP 401 response for 172.29.1.1: /gemp-swccg-server/chat/Game%20Hall
HTTP 401 response for 172.29.1.1: /gemp-swccg-server/chat/Game%20Hall
HTTP 401 response for 172.29.1.1: /gemp-swccg-server/chat/Game%20Hall?participantId=null&_=1727535683962
HTTP 401 response for 172.29.1.1: /gemp-swccg-server/deck/list?participantId=null&_=1727535683965
HTTP 401 response for 172.29.1.1: /gemp-swccg-server/playerStats/playerInfo?participantId=null&_=1727535683965
HTTP 401 response for 172.29.1.1: /gemp-swccg-server/chat/Game%20Hall?participantId=null&_=1727535685387
HTTP 401 response for 172.29.1.1: /gemp-swccg-server/playerStats/playerInfo?participantId=null&_=1727535685390
HTTP 401 response for 172.29.1.1: /gemp-swccg-server/deck/list?participantId=null&_=1727535685390
System: Server is in operational mode and games are now able to be started
Property.....: playtesting.noLimitDeckLength
Playtesting deck length is restricted to the format limit
Property.....: playtesting.noLimitDeckLength
Playtesting deck length is restricted to the format limit
Property.....: playtesting.noLimitDeckLength
Playtesting deck length is restricted to the format limit
Property.....: playtesting.noLimitDeckLength
Playtesting deck length is restricted to the format limit
System: Welcome to room: Gamedc7a73a20b6b-664a-ca01-b719-5bd7fe10
LEAK: ByteBuf.release() was not called before it's garbage-collected. See https://netty.io/wiki/reference-counted-objects.html for more information.
Recent access records: 
Created at:
	io.netty.buffer.PooledByteBufAllocator.newDirectBuffer(PooledByteBufAllocator.java:404)
	io.netty.buffer.AbstractByteBufAllocator.directBuffer(AbstractByteBufAllocator.java:188)
	io.netty.buffer.AbstractByteBufAllocator.directBuffer(AbstractByteBufAllocator.java:179)
	io.netty.buffer.AbstractByteBufAllocator.buffer(AbstractByteBufAllocator.java:116)
	io.netty.handler.codec.http.multipart.HttpPostStandardRequestDecoder.offer(HttpPostStandardRequestDecoder.java:334)
	io.netty.handler.codec.http.multipart.HttpPostStandardRequestDecoder.<init>(HttpPostStandardRequestDecoder.java:197)
	io.netty.handler.codec.http.multipart.HttpPostStandardRequestDecoder.<init>(HttpPostStandardRequestDecoder.java:164)
	io.netty.handler.codec.http.multipart.HttpPostRequestDecoder.<init>(HttpPostRequestDecoder.java:118)
	io.netty.handler.codec.http.multipart.HttpPostRequestDecoder.<init>(HttpPostRequestDecoder.java:57)
	com.gempukku.swccgo.async.handler.HallRequestHandler.updateHall(HallRequestHandler.java:629)
	com.gempukku.swccgo.async.handler.HallRequestHandler.handleRequest(HallRequestHandler.java:71)
	com.gempukku.swccgo.async.handler.RootUriRequestHandler.handleRequest(RootUriRequestHandler.java:79)
	com.gempukku.swccgo.async.SwccgoHttpRequestHandler.channelRead0(SwccgoHttpRequestHandler.java:100)
	com.gempukku.swccgo.async.SwccgoHttpRequestHandler.channelRead0(SwccgoHttpRequestHandler.java:40)
	io.netty.channel.SimpleChannelInboundHandler.channelRead(SimpleChannelInboundHandler.java:99)
	io.netty.channel.AbstractChannelHandlerContext.invokeChannelRead(AbstractChannelHandlerContext.java:444)
	io.netty.channel.AbstractChannelHandlerContext.invokeChannelRead(AbstractChannelHandlerContext.java:420)
	io.netty.channel.AbstractChannelHandlerContext.fireChannelRead(AbstractChannelHandlerContext.java:412)
	io.netty.handler.codec.MessageToMessageDecoder.channelRead(MessageToMessageDecoder.java:103)
	io.netty.handler.codec.MessageToMessageCodec.channelRead(MessageToMessageCodec.java:111)
	io.netty.channel.AbstractChannelHandlerContext.invokeChannelRead(AbstractChannelHandlerContext.java:442)
	io.netty.channel.AbstractChannelHandlerContext.invokeChannelRead(AbstractChannelHandlerContext.java:420)
	io.netty.channel.AbstractChannelHandlerContext.fireChannelRead(AbstractChannelHandlerContext.java:412)
	io.netty.handler.codec.MessageToMessageDecoder.channelRead(MessageToMessageDecoder.java:103)
	io.netty.channel.AbstractChannelHandlerContext.invokeChannelRead(AbstractChannelHandlerContext.java:444)
	io.netty.channel.AbstractChannelHandlerContext.invokeChannelRead(AbstractChannelHandlerContext.java:420)
	io.netty.channel.AbstractChannelHandlerContext.fireChannelRead(AbstractChannelHandlerContext.java:412)
	io.netty.channel.CombinedChannelDuplexHandler$DelegatingChannelHandlerContext.fireChannelRead(CombinedChannelDuplexHandler.java:436)
	io.netty.handler.codec.ByteToMessageDecoder.fireChannelRead(ByteToMessageDecoder.java:346)
	io.netty.handler.codec.ByteToMessageDecoder.channelRead(ByteToMessageDecoder.java:318)
	io.netty.channel.CombinedChannelDuplexHandler.channelRead(CombinedChannelDuplexHandler.java:251)
	io.netty.channel.AbstractChannelHandlerContext.invokeChannelRead(AbstractChannelHandlerContext.java:442)
	io.netty.channel.AbstractChannelHandlerContext.invokeChannelRead(AbstractChannelHandlerContext.java:420)
	io.netty.channel.AbstractChannelHandlerContext.fireChannelRead(AbstractChannelHandlerContext.java:412)
	io.netty.channel.DefaultChannelPipeline$HeadContext.channelRead(DefaultChannelPipeline.java:1410)
	io.netty.channel.AbstractChannelHandlerContext.invokeChannelRead(AbstractChannelHandlerContext.java:440)
	io.netty.channel.AbstractChannelHandlerContext.invokeChannelRead(AbstractChannelHandlerContext.java:420)
	io.netty.channel.DefaultChannelPipeline.fireChannelRead(DefaultChannelPipeline.java:919)
	io.netty.channel.nio.AbstractNioByteChannel$NioByteUnsafe.read(AbstractNioByteChannel.java:166)
	io.netty.channel.nio.NioEventLoop.processSelectedKey(NioEventLoop.java:788)
	io.netty.channel.nio.NioEventLoop.processSelectedKeysOptimized(NioEventLoop.java:724)
	io.netty.channel.nio.NioEventLoop.processSelectedKeys(NioEventLoop.java:650)
	io.netty.channel.nio.NioEventLoop.run(NioEventLoop.java:562)
	io.netty.util.concurrent.SingleThreadEventExecutor$4.run(SingleThreadEventExecutor.java:997)
	io.netty.util.internal.ThreadExecutorMap$2.run(ThreadExecutorMap.java:74)
	io.netty.util.concurrent.FastThreadLocalRunnable.run(FastThreadLocalRunnable.java:30)
	java.base/java.lang.Thread.run(Thread.java:1583)
LEAK: ByteBuf.release() was not called before it's garbage-collected. See https://netty.io/wiki/reference-counted-objects.html for more information.
Recent access records: 
Created at:
	io.netty.buffer.SimpleLeakAwareByteBuf.unwrappedDerived(SimpleLeakAwareByteBuf.java:144)
	io.netty.buffer.SimpleLeakAwareByteBuf.retainedSlice(SimpleLeakAwareByteBuf.java:57)
	io.netty.handler.codec.http.multipart.HttpPostStandardRequestDecoder.parseBodyAttributesStandard(HttpPostStandardRequestDecoder.java:534)
	io.netty.handler.codec.http.multipart.HttpPostStandardRequestDecoder.parseBodyAttributes(HttpPostStandardRequestDecoder.java:575)
	io.netty.handler.codec.http.multipart.HttpPostStandardRequestDecoder.parseBody(HttpPostStandardRequestDecoder.java:422)
	io.netty.handler.codec.http.multipart.HttpPostStandardRequestDecoder.offer(HttpPostStandardRequestDecoder.java:338)
	io.netty.handler.codec.http.multipart.HttpPostStandardRequestDecoder.<init>(HttpPostStandardRequestDecoder.java:197)
	io.netty.handler.codec.http.multipart.HttpPostStandardRequestDecoder.<init>(HttpPostStandardRequestDecoder.java:164)
	io.netty.handler.codec.http.multipart.HttpPostRequestDecoder.<init>(HttpPostRequestDecoder.java:118)
	io.netty.handler.codec.http.multipart.HttpPostRequestDecoder.<init>(HttpPostRequestDecoder.java:57)
	com.gempukku.swccgo.async.handler.HallRequestHandler.updateHall(HallRequestHandler.java:629)
	com.gempukku.swccgo.async.handler.HallRequestHandler.handleRequest(HallRequestHandler.java:71)
	com.gempukku.swccgo.async.handler.RootUriRequestHandler.handleRequest(RootUriRequestHandler.java:79)
	com.gempukku.swccgo.async.SwccgoHttpRequestHandler.channelRead0(SwccgoHttpRequestHandler.java:100)
	com.gempukku.swccgo.async.SwccgoHttpRequestHandler.channelRead0(SwccgoHttpRequestHandler.java:40)
	io.netty.channel.SimpleChannelInboundHandler.channelRead(SimpleChannelInboundHandler.java:99)
	io.netty.channel.AbstractChannelHandlerContext.invokeChannelRead(AbstractChannelHandlerContext.java:444)
	io.netty.channel.AbstractChannelHandlerContext.invokeChannelRead(AbstractChannelHandlerContext.java:420)
	io.netty.channel.AbstractChannelHandlerContext.fireChannelRead(AbstractChannelHandlerContext.java:412)
	io.netty.handler.codec.MessageToMessageDecoder.channelRead(MessageToMessageDecoder.java:103)
	io.netty.handler.codec.MessageToMessageCodec.channelRead(MessageToMessageCodec.java:111)
	io.netty.channel.AbstractChannelHandlerContext.invokeChannelRead(AbstractChannelHandlerContext.java:442)
	io.netty.channel.AbstractChannelHandlerContext.invokeChannelRead(AbstractChannelHandlerContext.java:420)
	io.netty.channel.AbstractChannelHandlerContext.fireChannelRead(AbstractChannelHandlerContext.java:412)
	io.netty.handler.codec.MessageToMessageDecoder.channelRead(MessageToMessageDecoder.java:103)
	io.netty.channel.AbstractChannelHandlerContext.invokeChannelRead(AbstractChannelHandlerContext.java:444)
	io.netty.channel.AbstractChannelHandlerContext.invokeChannelRead(AbstractChannelHandlerContext.java:420)
	io.netty.channel.AbstractChannelHandlerContext.fireChannelRead(AbstractChannelHandlerContext.java:412)
	io.netty.channel.CombinedChannelDuplexHandler$DelegatingChannelHandlerContext.fireChannelRead(CombinedChannelDuplexHandler.java:436)
	io.netty.handler.codec.ByteToMessageDecoder.fireChannelRead(ByteToMessageDecoder.java:346)
	io.netty.handler.codec.ByteToMessageDecoder.channelRead(ByteToMessageDecoder.java:318)
	io.netty.channel.CombinedChannelDuplexHandler.channelRead(CombinedChannelDuplexHandler.java:251)
	io.netty.channel.AbstractChannelHandlerContext.invokeChannelRead(AbstractChannelHandlerContext.java:442)
	io.netty.channel.AbstractChannelHandlerContext.invokeChannelRead(AbstractChannelHandlerContext.java:420)
	io.netty.channel.AbstractChannelHandlerContext.fireChannelRead(AbstractChannelHandlerContext.java:412)
	io.netty.channel.DefaultChannelPipeline$HeadContext.channelRead(DefaultChannelPipeline.java:1410)
	io.netty.channel.AbstractChannelHandlerContext.invokeChannelRead(AbstractChannelHandlerContext.java:440)
	io.netty.channel.AbstractChannelHandlerContext.invokeChannelRead(AbstractChannelHandlerContext.java:420)
	io.netty.channel.DefaultChannelPipeline.fireChannelRead(DefaultChannelPipeline.java:919)
	io.netty.channel.nio.AbstractNioByteChannel$NioByteUnsafe.read(AbstractNioByteChannel.java:166)
	io.netty.channel.nio.NioEventLoop.processSelectedKey(NioEventLoop.java:788)
	io.netty.channel.nio.NioEventLoop.processSelectedKeysOptimized(NioEventLoop.java:724)
	io.netty.channel.nio.NioEventLoop.processSelectedKeys(NioEventLoop.java:650)
	io.netty.channel.nio.NioEventLoop.run(NioEventLoop.java:562)
	io.netty.util.concurrent.SingleThreadEventExecutor$4.run(SingleThreadEventExecutor.java:997)
	io.netty.util.internal.ThreadExecutorMap$2.run(ThreadExecutorMap.java:74)
	io.netty.util.concurrent.FastThreadLocalRunnable.run(FastThreadLocalRunnable.java:30)
	java.base/java.lang.Thread.run(Thread.java:1583)
LEAK: ByteBuf.release() was not called before it's garbage-collected. See https://netty.io/wiki/reference-counted-objects.html for more information.
Recent access records: 
Created at:
	io.netty.buffer.SimpleLeakAwareByteBuf.unwrappedDerived(SimpleLeakAwareByteBuf.java:144)
	io.netty.buffer.SimpleLeakAwareByteBuf.retainedSlice(SimpleLeakAwareByteBuf.java:57)
	io.netty.handler.codec.http.multipart.HttpPostStandardRequestDecoder.parseBodyAttributesStandard(HttpPostStandardRequestDecoder.java:497)
	io.netty.handler.codec.http.multipart.HttpPostStandardRequestDecoder.parseBodyAttributes(HttpPostStandardRequestDecoder.java:575)
	io.netty.handler.codec.http.multipart.HttpPostStandardRequestDecoder.parseBody(HttpPostStandardRequestDecoder.java:422)
	io.netty.handler.codec.http.multipart.HttpPostStandardRequestDecoder.offer(HttpPostStandardRequestDecoder.java:338)
	io.netty.handler.codec.http.multipart.HttpPostStandardRequestDecoder.<init>(HttpPostStandardRequestDecoder.java:197)
	io.netty.handler.codec.http.multipart.HttpPostStandardRequestDecoder.<init>(HttpPostStandardRequestDecoder.java:164)
	io.netty.handler.codec.http.multipart.HttpPostRequestDecoder.<init>(HttpPostRequestDecoder.java:118)
	io.netty.handler.codec.http.multipart.HttpPostRequestDecoder.<init>(HttpPostRequestDecoder.java:57)
	com.gempukku.swccgo.async.handler.HallRequestHandler.updateHall(HallRequestHandler.java:629)
	com.gempukku.swccgo.async.handler.HallRequestHandler.handleRequest(HallRequestHandler.java:71)
	com.gempukku.swccgo.async.handler.RootUriRequestHandler.handleRequest(RootUriRequestHandler.java:79)
	com.gempukku.swccgo.async.SwccgoHttpRequestHandler.channelRead0(SwccgoHttpRequestHandler.java:100)
	com.gempukku.swccgo.async.SwccgoHttpRequestHandler.channelRead0(SwccgoHttpRequestHandler.java:40)
	io.netty.channel.SimpleChannelInboundHandler.channelRead(SimpleChannelInboundHandler.java:99)
	io.netty.channel.AbstractChannelHandlerContext.invokeChannelRead(AbstractChannelHandlerContext.java:444)
	io.netty.channel.AbstractChannelHandlerContext.invokeChannelRead(AbstractChannelHandlerContext.java:420)
	io.netty.channel.AbstractChannelHandlerContext.fireChannelRead(AbstractChannelHandlerContext.java:412)
	io.netty.handler.codec.MessageToMessageDecoder.channelRead(MessageToMessageDecoder.java:103)
	io.netty.handler.codec.MessageToMessageCodec.channelRead(MessageToMessageCodec.java:111)
	io.netty.channel.AbstractChannelHandlerContext.invokeChannelRead(AbstractChannelHandlerContext.java:442)
	io.netty.channel.AbstractChannelHandlerContext.invokeChannelRead(AbstractChannelHandlerContext.java:420)
	io.netty.channel.AbstractChannelHandlerContext.fireChannelRead(AbstractChannelHandlerContext.java:412)
	io.netty.handler.codec.MessageToMessageDecoder.channelRead(MessageToMessageDecoder.java:103)
	io.netty.channel.AbstractChannelHandlerContext.invokeChannelRead(AbstractChannelHandlerContext.java:444)
	io.netty.channel.AbstractChannelHandlerContext.invokeChannelRead(AbstractChannelHandlerContext.java:420)
	io.netty.channel.AbstractChannelHandlerContext.fireChannelRead(AbstractChannelHandlerContext.java:412)
	io.netty.channel.CombinedChannelDuplexHandler$DelegatingChannelHandlerContext.fireChannelRead(CombinedChannelDuplexHandler.java:436)
	io.netty.handler.codec.ByteToMessageDecoder.fireChannelRead(ByteToMessageDecoder.java:346)
	io.netty.handler.codec.ByteToMessageDecoder.channelRead(ByteToMessageDecoder.java:318)
	io.netty.channel.CombinedChannelDuplexHandler.channelRead(CombinedChannelDuplexHandler.java:251)
	io.netty.channel.AbstractChannelHandlerContext.invokeChannelRead(AbstractChannelHandlerContext.java:442)
	io.netty.channel.AbstractChannelHandlerContext.invokeChannelRead(AbstractChannelHandlerContext.java:420)
	io.netty.channel.AbstractChannelHandlerContext.fireChannelRead(AbstractChannelHandlerContext.java:412)
	io.netty.channel.DefaultChannelPipeline$HeadContext.channelRead(DefaultChannelPipeline.java:1410)
	io.netty.channel.AbstractChannelHandlerContext.invokeChannelRead(AbstractChannelHandlerContext.java:440)
	io.netty.channel.AbstractChannelHandlerContext.invokeChannelRead(AbstractChannelHandlerContext.java:420)
	io.netty.channel.DefaultChannelPipeline.fireChannelRead(DefaultChannelPipeline.java:919)
	io.netty.channel.nio.AbstractNioByteChannel$NioByteUnsafe.read(AbstractNioByteChannel.java:166)
	io.netty.channel.nio.NioEventLoop.processSelectedKey(NioEventLoop.java:788)
	io.netty.channel.nio.NioEventLoop.processSelectedKeysOptimized(NioEventLoop.java:724)
	io.netty.channel.nio.NioEventLoop.processSelectedKeys(NioEventLoop.java:650)
	io.netty.channel.nio.NioEventLoop.run(NioEventLoop.java:562)
	io.netty.util.concurrent.SingleThreadEventExecutor$4.run(SingleThreadEventExecutor.java:997)
	io.netty.util.internal.ThreadExecutorMap$2.run(ThreadExecutorMap.java:74)
	io.netty.util.concurrent.FastThreadLocalRunnable.run(FastThreadLocalRunnable.java:30)
	java.base/java.lang.Thread.run(Thread.java:1583)
LEAK: ByteBuf.release() was not called before it's garbage-collected. See https://netty.io/wiki/reference-counted-objects.html for more information.
Recent access records: 
Created at:
	io.netty.buffer.SimpleLeakAwareByteBuf.unwrappedDerived(SimpleLeakAwareByteBuf.java:144)
	io.netty.buffer.SimpleLeakAwareByteBuf.retainedSlice(SimpleLeakAwareByteBuf.java:57)
	io.netty.handler.codec.http.multipart.HttpPostStandardRequestDecoder.parseBodyAttributesStandard(HttpPostStandardRequestDecoder.java:497)
	io.netty.handler.codec.http.multipart.HttpPostStandardRequestDecoder.parseBodyAttributes(HttpPostStandardRequestDecoder.java:575)
	io.netty.handler.codec.http.multipart.HttpPostStandardRequestDecoder.parseBody(HttpPostStandardRequestDecoder.java:422)
	io.netty.handler.codec.http.multipart.HttpPostStandardRequestDecoder.offer(HttpPostStandardRequestDecoder.java:338)
	io.netty.handler.codec.http.multipart.HttpPostStandardRequestDecoder.<init>(HttpPostStandardRequestDecoder.java:197)
	io.netty.handler.codec.http.multipart.HttpPostStandardRequestDecoder.<init>(HttpPostStandardRequestDecoder.java:164)
	io.netty.handler.codec.http.multipart.HttpPostRequestDecoder.<init>(HttpPostRequestDecoder.java:118)
	io.netty.handler.codec.http.multipart.HttpPostRequestDecoder.<init>(HttpPostRequestDecoder.java:57)
	com.gempukku.swccgo.async.handler.GameRequestHandler.updateGameState(GameRequestHandler.java:81)
	com.gempukku.swccgo.async.handler.GameRequestHandler.handleRequest(GameRequestHandler.java:73)
	com.gempukku.swccgo.async.handler.RootUriRequestHandler.handleRequest(RootUriRequestHandler.java:118)
	com.gempukku.swccgo.async.SwccgoHttpRequestHandler.channelRead0(SwccgoHttpRequestHandler.java:100)
	com.gempukku.swccgo.async.SwccgoHttpRequestHandler.channelRead0(SwccgoHttpRequestHandler.java:40)
	io.netty.channel.SimpleChannelInboundHandler.channelRead(SimpleChannelInboundHandler.java:99)
	io.netty.channel.AbstractChannelHandlerContext.invokeChannelRead(AbstractChannelHandlerContext.java:444)
	io.netty.channel.AbstractChannelHandlerContext.invokeChannelRead(AbstractChannelHandlerContext.java:420)
	io.netty.channel.AbstractChannelHandlerContext.fireChannelRead(AbstractChannelHandlerContext.java:412)
	io.netty.handler.codec.MessageToMessageDecoder.channelRead(MessageToMessageDecoder.java:103)
	io.netty.handler.codec.MessageToMessageCodec.channelRead(MessageToMessageCodec.java:111)
	io.netty.channel.AbstractChannelHandlerContext.invokeChannelRead(AbstractChannelHandlerContext.java:442)
	io.netty.channel.AbstractChannelHandlerContext.invokeChannelRead(AbstractChannelHandlerContext.java:420)
	io.netty.channel.AbstractChannelHandlerContext.fireChannelRead(AbstractChannelHandlerContext.java:412)
	io.netty.handler.codec.MessageToMessageDecoder.channelRead(MessageToMessageDecoder.java:103)
	io.netty.channel.AbstractChannelHandlerContext.invokeChannelRead(AbstractChannelHandlerContext.java:444)
	io.netty.channel.AbstractChannelHandlerContext.invokeChannelRead(AbstractChannelHandlerContext.java:420)
	io.netty.channel.AbstractChannelHandlerContext.fireChannelRead(AbstractChannelHandlerContext.java:412)
	io.netty.channel.CombinedChannelDuplexHandler$DelegatingChannelHandlerContext.fireChannelRead(CombinedChannelDuplexHandler.java:436)
	io.netty.handler.codec.ByteToMessageDecoder.fireChannelRead(ByteToMessageDecoder.java:346)
	io.netty.handler.codec.ByteToMessageDecoder.channelRead(ByteToMessageDecoder.java:318)
	io.netty.channel.CombinedChannelDuplexHandler.channelRead(CombinedChannelDuplexHandler.java:251)
	io.netty.channel.AbstractChannelHandlerContext.invokeChannelRead(AbstractChannelHandlerContext.java:442)
	io.netty.channel.AbstractChannelHandlerContext.invokeChannelRead(AbstractChannelHandlerContext.java:420)
	io.netty.channel.AbstractChannelHandlerContext.fireChannelRead(AbstractChannelHandlerContext.java:412)
	io.netty.channel.DefaultChannelPipeline$HeadContext.channelRead(DefaultChannelPipeline.java:1410)
	io.netty.channel.AbstractChannelHandlerContext.invokeChannelRead(AbstractChannelHandlerContext.java:440)
	io.netty.channel.AbstractChannelHandlerContext.invokeChannelRead(AbstractChannelHandlerContext.java:420)
	io.netty.channel.DefaultChannelPipeline.fireChannelRead(DefaultChannelPipeline.java:919)
	io.netty.channel.nio.AbstractNioByteChannel$NioByteUnsafe.read(AbstractNioByteChannel.java:166)
	io.netty.channel.nio.NioEventLoop.processSelectedKey(NioEventLoop.java:788)
	io.netty.channel.nio.NioEventLoop.processSelectedKeysOptimized(NioEventLoop.java:724)
	io.netty.channel.nio.NioEventLoop.processSelectedKeys(NioEventLoop.java:650)
	io.netty.channel.nio.NioEventLoop.run(NioEventLoop.java:562)
	io.netty.util.concurrent.SingleThreadEventExecutor$4.run(SingleThreadEventExecutor.java:997)
	io.netty.util.internal.ThreadExecutorMap$2.run(ThreadExecutorMap.java:74)
	io.netty.util.concurrent.FastThreadLocalRunnable.run(FastThreadLocalRunnable.java:30)
	java.base/java.lang.Thread.run(Thread.java:1583)
LEAK: ByteBuf.release() was not called before it's garbage-collected. See https://netty.io/wiki/reference-counted-objects.html for more information.
Recent access records: 
Created at:
	io.netty.buffer.PooledByteBufAllocator.newDirectBuffer(PooledByteBufAllocator.java:404)
	io.netty.buffer.AbstractByteBufAllocator.directBuffer(AbstractByteBufAllocator.java:188)
	io.netty.buffer.AbstractByteBufAllocator.directBuffer(AbstractByteBufAllocator.java:179)
	io.netty.buffer.AbstractByteBufAllocator.buffer(AbstractByteBufAllocator.java:116)
	io.netty.handler.codec.http.multipart.HttpPostStandardRequestDecoder.offer(HttpPostStandardRequestDecoder.java:334)
	io.netty.handler.codec.http.multipart.HttpPostStandardRequestDecoder.<init>(HttpPostStandardRequestDecoder.java:197)
	io.netty.handler.codec.http.multipart.HttpPostStandardRequestDecoder.<init>(HttpPostStandardRequestDecoder.java:164)
	io.netty.handler.codec.http.multipart.HttpPostRequestDecoder.<init>(HttpPostRequestDecoder.java:118)
	io.netty.handler.codec.http.multipart.HttpPostRequestDecoder.<init>(HttpPostRequestDecoder.java:57)
	com.gempukku.swccgo.async.handler.GameRequestHandler.updateGameState(GameRequestHandler.java:81)
	com.gempukku.swccgo.async.handler.GameRequestHandler.handleRequest(GameRequestHandler.java:73)
	com.gempukku.swccgo.async.handler.RootUriRequestHandler.handleRequest(RootUriRequestHandler.java:118)
	com.gempukku.swccgo.async.SwccgoHttpRequestHandler.channelRead0(SwccgoHttpRequestHandler.java:100)
	com.gempukku.swccgo.async.SwccgoHttpRequestHandler.channelRead0(SwccgoHttpRequestHandler.java:40)
	io.netty.channel.SimpleChannelInboundHandler.channelRead(SimpleChannelInboundHandler.java:99)
	io.netty.channel.AbstractChannelHandlerContext.invokeChannelRead(AbstractChannelHandlerContext.java:444)
	io.netty.channel.AbstractChannelHandlerContext.invokeChannelRead(AbstractChannelHandlerContext.java:420)
	io.netty.channel.AbstractChannelHandlerContext.fireChannelRead(AbstractChannelHandlerContext.java:412)
	io.netty.handler.codec.MessageToMessageDecoder.channelRead(MessageToMessageDecoder.java:103)
	io.netty.handler.codec.MessageToMessageCodec.channelRead(MessageToMessageCodec.java:111)
	io.netty.channel.AbstractChannelHandlerContext.invokeChannelRead(AbstractChannelHandlerContext.java:442)
	io.netty.channel.AbstractChannelHandlerContext.invokeChannelRead(AbstractChannelHandlerContext.java:420)
	io.netty.channel.AbstractChannelHandlerContext.fireChannelRead(AbstractChannelHandlerContext.java:412)
	io.netty.handler.codec.MessageToMessageDecoder.channelRead(MessageToMessageDecoder.java:103)
	io.netty.channel.AbstractChannelHandlerContext.invokeChannelRead(AbstractChannelHandlerContext.java:444)
	io.netty.channel.AbstractChannelHandlerContext.invokeChannelRead(AbstractChannelHandlerContext.java:420)
	io.netty.channel.AbstractChannelHandlerContext.fireChannelRead(AbstractChannelHandlerContext.java:412)
	io.netty.channel.CombinedChannelDuplexHandler$DelegatingChannelHandlerContext.fireChannelRead(CombinedChannelDuplexHandler.java:436)
	io.netty.handler.codec.ByteToMessageDecoder.fireChannelRead(ByteToMessageDecoder.java:346)
	io.netty.handler.codec.ByteToMessageDecoder.channelRead(ByteToMessageDecoder.java:318)
	io.netty.channel.CombinedChannelDuplexHandler.channelRead(CombinedChannelDuplexHandler.java:251)
	io.netty.channel.AbstractChannelHandlerContext.invokeChannelRead(AbstractChannelHandlerContext.java:442)
	io.netty.channel.AbstractChannelHandlerContext.invokeChannelRead(AbstractChannelHandlerContext.java:420)
	io.netty.channel.AbstractChannelHandlerContext.fireChannelRead(AbstractChannelHandlerContext.java:412)
	io.netty.channel.DefaultChannelPipeline$HeadContext.channelRead(DefaultChannelPipeline.java:1410)
	io.netty.channel.AbstractChannelHandlerContext.invokeChannelRead(AbstractChannelHandlerContext.java:440)
	io.netty.channel.AbstractChannelHandlerContext.invokeChannelRead(AbstractChannelHandlerContext.java:420)
	io.netty.channel.DefaultChannelPipeline.fireChannelRead(DefaultChannelPipeline.java:919)
	io.netty.channel.nio.AbstractNioByteChannel$NioByteUnsafe.read(AbstractNioByteChannel.java:166)
	io.netty.channel.nio.NioEventLoop.processSelectedKey(NioEventLoop.java:788)
	io.netty.channel.nio.NioEventLoop.processSelectedKeysOptimized(NioEventLoop.java:724)
	io.netty.channel.nio.NioEventLoop.processSelectedKeys(NioEventLoop.java:650)
	io.netty.channel.nio.NioEventLoop.run(NioEventLoop.java:562)
	io.netty.util.concurrent.SingleThreadEventExecutor$4.run(SingleThreadEventExecutor.java:997)
	io.netty.util.internal.ThreadExecutorMap$2.run(ThreadExecutorMap.java:74)
	io.netty.util.concurrent.FastThreadLocalRunnable.run(FastThreadLocalRunnable.java:30)
	java.base/java.lang.Thread.run(Thread.java:1583)
LEAK: ByteBuf.release() was not called before it's garbage-collected. See https://netty.io/wiki/reference-counted-objects.html for more information.
Recent access records: 
Created at:
	io.netty.buffer.SimpleLeakAwareByteBuf.unwrappedDerived(SimpleLeakAwareByteBuf.java:144)
	io.netty.buffer.SimpleLeakAwareByteBuf.retainedSlice(SimpleLeakAwareByteBuf.java:57)
	io.netty.handler.codec.http.multipart.HttpPostStandardRequestDecoder.parseBodyAttributesStandard(HttpPostStandardRequestDecoder.java:534)
	io.netty.handler.codec.http.multipart.HttpPostStandardRequestDecoder.parseBodyAttributes(HttpPostStandardRequestDecoder.java:575)
	io.netty.handler.codec.http.multipart.HttpPostStandardRequestDecoder.parseBody(HttpPostStandardRequestDecoder.java:422)
	io.netty.handler.codec.http.multipart.HttpPostStandardRequestDecoder.offer(HttpPostStandardRequestDecoder.java:338)
	io.netty.handler.codec.http.multipart.HttpPostStandardRequestDecoder.<init>(HttpPostStandardRequestDecoder.java:197)
	io.netty.handler.codec.http.multipart.HttpPostStandardRequestDecoder.<init>(HttpPostStandardRequestDecoder.java:164)
	io.netty.handler.codec.http.multipart.HttpPostRequestDecoder.<init>(HttpPostRequestDecoder.java:118)
	io.netty.handler.codec.http.multipart.HttpPostRequestDecoder.<init>(HttpPostRequestDecoder.java:57)
	com.gempukku.swccgo.async.handler.GameRequestHandler.updateGameState(GameRequestHandler.java:81)
	com.gempukku.swccgo.async.handler.GameRequestHandler.handleRequest(GameRequestHandler.java:73)
	com.gempukku.swccgo.async.handler.RootUriRequestHandler.handleRequest(RootUriRequestHandler.java:118)
	com.gempukku.swccgo.async.SwccgoHttpRequestHandler.channelRead0(SwccgoHttpRequestHandler.java:100)
	com.gempukku.swccgo.async.SwccgoHttpRequestHandler.channelRead0(SwccgoHttpRequestHandler.java:40)
	io.netty.channel.SimpleChannelInboundHandler.channelRead(SimpleChannelInboundHandler.java:99)
	io.netty.channel.AbstractChannelHandlerContext.invokeChannelRead(AbstractChannelHandlerContext.java:444)
	io.netty.channel.AbstractChannelHandlerContext.invokeChannelRead(AbstractChannelHandlerContext.java:420)
	io.netty.channel.AbstractChannelHandlerContext.fireChannelRead(AbstractChannelHandlerContext.java:412)
	io.netty.handler.codec.MessageToMessageDecoder.channelRead(MessageToMessageDecoder.java:103)
	io.netty.handler.codec.MessageToMessageCodec.channelRead(MessageToMessageCodec.java:111)
	io.netty.channel.AbstractChannelHandlerContext.invokeChannelRead(AbstractChannelHandlerContext.java:442)
	io.netty.channel.AbstractChannelHandlerContext.invokeChannelRead(AbstractChannelHandlerContext.java:420)
	io.netty.channel.AbstractChannelHandlerContext.fireChannelRead(AbstractChannelHandlerContext.java:412)
	io.netty.handler.codec.MessageToMessageDecoder.channelRead(MessageToMessageDecoder.java:103)
	io.netty.channel.AbstractChannelHandlerContext.invokeChannelRead(AbstractChannelHandlerContext.java:444)
	io.netty.channel.AbstractChannelHandlerContext.invokeChannelRead(AbstractChannelHandlerContext.java:420)
	io.netty.channel.AbstractChannelHandlerContext.fireChannelRead(AbstractChannelHandlerContext.java:412)
	io.netty.channel.CombinedChannelDuplexHandler$DelegatingChannelHandlerContext.fireChannelRead(CombinedChannelDuplexHandler.java:436)
	io.netty.handler.codec.ByteToMessageDecoder.fireChannelRead(ByteToMessageDecoder.java:346)
	io.netty.handler.codec.ByteToMessageDecoder.channelRead(ByteToMessageDecoder.java:318)
	io.netty.channel.CombinedChannelDuplexHandler.channelRead(CombinedChannelDuplexHandler.java:251)
	io.netty.channel.AbstractChannelHandlerContext.invokeChannelRead(AbstractChannelHandlerContext.java:442)
	io.netty.channel.AbstractChannelHandlerContext.invokeChannelRead(AbstractChannelHandlerContext.java:420)
	io.netty.channel.AbstractChannelHandlerContext.fireChannelRead(AbstractChannelHandlerContext.java:412)
	io.netty.channel.DefaultChannelPipeline$HeadContext.channelRead(DefaultChannelPipeline.java:1410)
	io.netty.channel.AbstractChannelHandlerContext.invokeChannelRead(AbstractChannelHandlerContext.java:440)
	io.netty.channel.AbstractChannelHandlerContext.invokeChannelRead(AbstractChannelHandlerContext.java:420)
	io.netty.channel.DefaultChannelPipeline.fireChannelRead(DefaultChannelPipeline.java:919)
	io.netty.channel.nio.AbstractNioByteChannel$NioByteUnsafe.read(AbstractNioByteChannel.java:166)
	io.netty.channel.nio.NioEventLoop.processSelectedKey(NioEventLoop.java:788)
	io.netty.channel.nio.NioEventLoop.processSelectedKeysOptimized(NioEventLoop.java:724)
	io.netty.channel.nio.NioEventLoop.processSelectedKeys(NioEventLoop.java:650)
	io.netty.channel.nio.NioEventLoop.run(NioEventLoop.java:562)
	io.netty.util.concurrent.SingleThreadEventExecutor$4.run(SingleThreadEventExecutor.java:997)
	io.netty.util.internal.ThreadExecutorMap$2.run(ThreadExecutorMap.java:74)
	io.netty.util.concurrent.FastThreadLocalRunnable.run(FastThreadLocalRunnable.java:30)
	java.base/java.lang.Thread.run(Thread.java:1583)
Error processing game decision
java.lang.UnsupportedOperationException: Young Fool (V) had Interrupt subtype set to USED_OR_LOST
	at com.gempukku.swccgo.logic.actions.PlayInterruptAction.nextEffect(PlayInterruptAction.java:412) ~[web.jar:?]
	at com.gempukku.swccgo.logic.timing.ActionStack.getNextEffect(ActionStack.java:76) ~[web.jar:?]
	at com.gempukku.swccgo.logic.timing.TurnProcedure.carryOutPendingActionsUntilDecisionNeeded(TurnProcedure.java:115) ~[web.jar:?]
	at com.gempukku.swccgo.logic.timing.DefaultSwccgGame.carryOutPendingActionsUntilDecisionNeeded(DefaultSwccgGame.java:142) ~[web.jar:?]
	at com.gempukku.swccgo.game.SwccgGameMediator.playerAnswered(SwccgGameMediator.java:1102) ~[web.jar:?]
	at com.gempukku.swccgo.async.handler.GameRequestHandler.updateGameState(GameRequestHandler.java:100) ~[web.jar:?]
	at com.gempukku.swccgo.async.handler.GameRequestHandler.handleRequest(GameRequestHandler.java:73) ~[web.jar:?]
	at com.gempukku.swccgo.async.handler.RootUriRequestHandler.handleRequest(RootUriRequestHandler.java:118) ~[web.jar:?]
	at com.gempukku.swccgo.async.SwccgoHttpRequestHandler.channelRead0(SwccgoHttpRequestHandler.java:100) ~[web.jar:?]
	at com.gempukku.swccgo.async.SwccgoHttpRequestHandler.channelRead0(SwccgoHttpRequestHandler.java:40) ~[web.jar:?]
	at io.netty.channel.SimpleChannelInboundHandler.channelRead(SimpleChannelInboundHandler.java:99) ~[web.jar:?]
	at io.netty.channel.AbstractChannelHandlerContext.invokeChannelRead(AbstractChannelHandlerContext.java:444) ~[web.jar:?]
	at io.netty.channel.AbstractChannelHandlerContext.invokeChannelRead(AbstractChannelHandlerContext.java:420) ~[web.jar:?]
	at io.netty.channel.AbstractChannelHandlerContext.fireChannelRead(AbstractChannelHandlerContext.java:412) ~[web.jar:?]
	at io.netty.handler.codec.MessageToMessageDecoder.channelRead(MessageToMessageDecoder.java:103) ~[web.jar:?]
	at io.netty.handler.codec.MessageToMessageCodec.channelRead(MessageToMessageCodec.java:111) ~[web.jar:?]
	at io.netty.channel.AbstractChannelHandlerContext.invokeChannelRead(AbstractChannelHandlerContext.java:442) ~[web.jar:?]
	at io.netty.channel.AbstractChannelHandlerContext.invokeChannelRead(AbstractChannelHandlerContext.java:420) ~[web.jar:?]
	at io.netty.channel.AbstractChannelHandlerContext.fireChannelRead(AbstractChannelHandlerContext.java:412) ~[web.jar:?]
	at io.netty.handler.codec.MessageToMessageDecoder.channelRead(MessageToMessageDecoder.java:103) ~[web.jar:?]
	at io.netty.channel.AbstractChannelHandlerContext.invokeChannelRead(AbstractChannelHandlerContext.java:444) ~[web.jar:?]
	at io.netty.channel.AbstractChannelHandlerContext.invokeChannelRead(AbstractChannelHandlerContext.java:420) ~[web.jar:?]
	at io.netty.channel.AbstractChannelHandlerContext.fireChannelRead(AbstractChannelHandlerContext.java:412) ~[web.jar:?]
	at io.netty.channel.CombinedChannelDuplexHandler$DelegatingChannelHandlerContext.fireChannelRead(CombinedChannelDuplexHandler.java:436) ~[web.jar:?]
	at io.netty.handler.codec.ByteToMessageDecoder.fireChannelRead(ByteToMessageDecoder.java:346) ~[web.jar:?]
	at io.netty.handler.codec.ByteToMessageDecoder.channelRead(ByteToMessageDecoder.java:318) ~[web.jar:?]
	at io.netty.channel.CombinedChannelDuplexHandler.channelRead(CombinedChannelDuplexHandler.java:251) ~[web.jar:?]
	at io.netty.channel.AbstractChannelHandlerContext.invokeChannelRead(AbstractChannelHandlerContext.java:442) ~[web.jar:?]
	at io.netty.channel.AbstractChannelHandlerContext.invokeChannelRead(AbstractChannelHandlerContext.java:420) ~[web.jar:?]
	at io.netty.channel.AbstractChannelHandlerContext.fireChannelRead(AbstractChannelHandlerContext.java:412) ~[web.jar:?]
	at io.netty.channel.DefaultChannelPipeline$HeadContext.channelRead(DefaultChannelPipeline.java:1410) ~[web.jar:?]
	at io.netty.channel.AbstractChannelHandlerContext.invokeChannelRead(AbstractChannelHandlerContext.java:440) ~[web.jar:?]
	at io.netty.channel.AbstractChannelHandlerContext.invokeChannelRead(AbstractChannelHandlerContext.java:420) ~[web.jar:?]
	at io.netty.channel.DefaultChannelPipeline.fireChannelRead(DefaultChannelPipeline.java:919) ~[web.jar:?]
	at io.netty.channel.nio.AbstractNioByteChannel$NioByteUnsafe.read(AbstractNioByteChannel.java:166) ~[web.jar:?]
	at io.netty.channel.nio.NioEventLoop.processSelectedKey(NioEventLoop.java:788) ~[web.jar:?]
	at io.netty.channel.nio.NioEventLoop.processSelectedKeysOptimized(NioEventLoop.java:724) ~[web.jar:?]
	at io.netty.channel.nio.NioEventLoop.processSelectedKeys(NioEventLoop.java:650) ~[web.jar:?]
	at io.netty.channel.nio.NioEventLoop.run(NioEventLoop.java:562) ~[web.jar:?]
	at io.netty.util.concurrent.SingleThreadEventExecutor$4.run(SingleThreadEventExecutor.java:997) ~[web.jar:?]
	at io.netty.util.internal.ThreadExecutorMap$2.run(ThreadExecutorMap.java:74) ~[web.jar:?]
	at io.netty.util.concurrent.FastThreadLocalRunnable.run(FastThreadLocalRunnable.java:30) ~[web.jar:?]
	at java.lang.Thread.run(Thread.java:1583) [?:?]
Property.....: application.root
Property.....: application.root
Property.....: application.root
Property.....: application.root
2024-09-28T15:08:27.272887926Z pool-1-thread-1 DEBUG Stopping LoggerContext[name=4f2410ac, org.apache.logging.log4j.core.LoggerContext@2f490758]
2024-09-28T15:08:27.273384400Z pool-1-thread-1 DEBUG Stopping LoggerContext[name=4f2410ac, org.apache.logging.log4j.core.LoggerContext@2f490758]...
2024-09-28T15:08:27.273840134Z pool-1-thread-1 TRACE Unregistering 1 MBeans: [org.apache.logging.log4j2:type=4f2410ac]
2024-09-28T15:08:27.274115657Z pool-1-thread-1 TRACE Unregistering 1 MBeans: [org.apache.logging.log4j2:type=4f2410ac,component=StatusLogger]
2024-09-28T15:08:27.274307779Z pool-1-thread-1 TRACE Unregistering 1 MBeans: [org.apache.logging.log4j2:type=4f2410ac,component=ContextSelector]
2024-09-28T15:08:27.274558161Z pool-1-thread-1 TRACE Unregistering 3 MBeans: [org.apache.logging.log4j2:type=4f2410ac,component=Loggers,name=, org.apache.logging.log4j2:type=4f2410ac,component=Loggers,name=com.gempukku, org.apache.logging.log4j2:type=4f2410ac,component=Loggers,name=chat]
2024-09-28T15:08:27.274778203Z pool-1-thread-1 TRACE Unregistering 3 MBeans: [org.apache.logging.log4j2:type=4f2410ac,component=Appenders,name=stdout, org.apache.logging.log4j2:type=4f2410ac,component=Appenders,name=chat, org.apache.logging.log4j2:type=4f2410ac,component=Appenders,name=mainlog]
2024-09-28T15:08:27.275014066Z pool-1-thread-1 TRACE Unregistering but no MBeans found matching 'org.apache.logging.log4j2:type=4f2410ac,component=AsyncAppenders,name=*'
2024-09-28T15:08:27.275183577Z pool-1-thread-1 TRACE Unregistering but no MBeans found matching 'org.apache.logging.log4j2:type=4f2410ac,component=AsyncLoggerRingBuffer'
2024-09-28T15:08:27.275350719Z pool-1-thread-1 TRACE Unregistering but no MBeans found matching 'org.apache.logging.log4j2:type=4f2410ac,component=Loggers,name=*,subtype=RingBuffer'
2024-09-28T15:08:27.275955584Z pool-1-thread-1 TRACE Stopping XmlConfiguration[location=/opt/gemp-swccg/src/gemp-swccg-async/src/main/resources/prod-log4j.xml]...
2024-09-28T15:08:27.276152086Z pool-1-thread-1 TRACE XmlConfiguration notified 4 ReliabilityStrategies that config will be stopped.
2024-09-28T15:08:27.276301378Z pool-1-thread-1 TRACE XmlConfiguration stopping 3 LoggerConfigs.
2024-09-28T15:08:27.276456799Z pool-1-thread-1 TRACE XmlConfiguration stopping root LoggerConfig.
2024-09-28T15:08:27.276596670Z pool-1-thread-1 TRACE XmlConfiguration notifying ReliabilityStrategies that appenders will be stopped.
2024-09-28T15:08:27.276796932Z pool-1-thread-1 TRACE XmlConfiguration stopping remaining Appenders.
2024-09-28T15:08:27.276950534Z pool-1-thread-1 DEBUG Appender chat stopped with status true
2024-09-28T15:08:27.277083455Z pool-1-thread-1 DEBUG Appender stdout stopped with status true
2024-09-28T15:08:27.277365478Z pool-1-thread-1 DEBUG Appender mainlog stopped with status true
2024-09-28T15:08:27.277501039Z pool-1-thread-1 TRACE XmlConfiguration stopped 3 remaining Appenders.
2024-09-28T15:08:27.277632330Z pool-1-thread-1 TRACE XmlConfiguration cleaning Appenders from 4 LoggerConfigs.
2024-09-28T15:08:27.277822762Z pool-1-thread-1 DEBUG Stopped XmlConfiguration[location=/opt/gemp-swccg/src/gemp-swccg-async/src/main/resources/prod-log4j.xml] OK
2024-09-28T15:08:27.278017044Z pool-1-thread-1 DEBUG Stopped LoggerContext[name=4f2410ac, org.apache.logging.log4j.core.LoggerContext@2f490758] with status true
2024-09-28T15:08:27.278148385Z pool-1-thread-1 DEBUG Stopping LoggerContext[name=Default, org.apache.logging.log4j.core.LoggerContext@de40aa1]
2024-09-28T15:08:27.278279576Z pool-1-thread-1 DEBUG Stopping LoggerContext[name=Default, org.apache.logging.log4j.core.LoggerContext@de40aa1]...
2024-09-28T15:08:27.278458288Z pool-1-thread-1 TRACE Unregistering but no MBeans found matching 'org.apache.logging.log4j2:type=Default'
2024-09-28T15:08:27.278609440Z pool-1-thread-1 TRACE Unregistering but no MBeans found matching 'org.apache.logging.log4j2:type=Default,component=StatusLogger'
2024-09-28T15:08:27.278757701Z pool-1-thread-1 TRACE Unregistering but no MBeans found matching 'org.apache.logging.log4j2:type=Default,component=ContextSelector'
2024-09-28T15:08:27.278908702Z pool-1-thread-1 TRACE Unregistering but no MBeans found matching 'org.apache.logging.log4j2:type=Default,component=Loggers,name=*'
2024-09-28T15:08:27.279064674Z pool-1-thread-1 TRACE Unregistering but no MBeans found matching 'org.apache.logging.log4j2:type=Default,component=Appenders,name=*'
2024-09-28T15:08:27.279275346Z pool-1-thread-1 TRACE Unregistering but no MBeans found matching 'org.apache.logging.log4j2:type=Default,component=AsyncAppenders,name=*'
2024-09-28T15:08:27.279430627Z pool-1-thread-1 TRACE Unregistering but no MBeans found matching 'org.apache.logging.log4j2:type=Default,component=AsyncLoggerRingBuffer'
2024-09-28T15:08:27.279584678Z pool-1-thread-1 TRACE Unregistering but no MBeans found matching 'org.apache.logging.log4j2:type=Default,component=Loggers,name=*,subtype=RingBuffer'
2024-09-28T15:08:27.279777320Z pool-1-thread-1 TRACE Stopping XmlConfiguration[location=/opt/gemp-swccg/src/gemp-swccg-async/src/main/resources/prod-log4j.xml]...
2024-09-28T15:08:27.279916772Z pool-1-thread-1 TRACE XmlConfiguration notified 4 ReliabilityStrategies that config will be stopped.
2024-09-28T15:08:27.280048023Z pool-1-thread-1 TRACE XmlConfiguration stopping 3 LoggerConfigs.
2024-09-28T15:08:27.280172074Z pool-1-thread-1 TRACE XmlConfiguration stopping root LoggerConfig.
2024-09-28T15:08:27.280299015Z pool-1-thread-1 TRACE XmlConfiguration notifying ReliabilityStrategies that appenders will be stopped.
2024-09-28T15:08:27.280441937Z pool-1-thread-1 TRACE XmlConfiguration stopping remaining Appenders.
2024-09-28T15:08:27.280575478Z pool-1-thread-1 DEBUG Shutting down RollingFileManager ../logs/swccg_chat.log
2024-09-28T15:08:27.280715799Z pool-1-thread-1 DEBUG Shutting down RollingFileManager ../logs/swccg_chat.log
2024-09-28T15:08:27.281130783Z pool-1-thread-1 DEBUG OutputStream closed
2024-09-28T15:08:27.281374926Z pool-1-thread-1 DEBUG All asynchronous threads have terminated
2024-09-28T15:08:27.281507927Z pool-1-thread-1 DEBUG RollingFileManager shutdown completed with status true
2024-09-28T15:08:27.281635798Z pool-1-thread-1 DEBUG Shut down RollingFileManager ../logs/swccg_chat.log, all resources released: true
2024-09-28T15:08:27.281784949Z pool-1-thread-1 DEBUG Appender chat stopped with status true
2024-09-28T15:08:27.282043512Z pool-1-thread-1 DEBUG Shutting down OutputStreamManager SYSTEM_OUT.false.false
2024-09-28T15:08:27.282191993Z pool-1-thread-1 DEBUG OutputStream closed
2024-09-28T15:08:27.282365265Z pool-1-thread-1 DEBUG Shut down OutputStreamManager SYSTEM_OUT.false.false, all resources released: true
2024-09-28T15:08:27.282521296Z pool-1-thread-1 DEBUG Appender stdout stopped with status true
2024-09-28T15:08:27.282669938Z pool-1-thread-1 DEBUG Shutting down RollingFileManager ../logs/gemp-swccg.log
2024-09-28T15:08:27.282822019Z pool-1-thread-1 DEBUG Shutting down RollingFileManager ../logs/gemp-swccg.log
2024-09-28T15:08:27.283252053Z pool-1-thread-1 DEBUG OutputStream closed
2024-09-28T15:08:27.283438455Z pool-1-thread-1 DEBUG All asynchronous threads have terminated
2024-09-28T15:08:27.283592016Z pool-1-thread-1 DEBUG RollingFileManager shutdown completed with status true
2024-09-28T15:08:27.283747068Z pool-1-thread-1 DEBUG Shut down RollingFileManager ../logs/gemp-swccg.log, all resources released: true
2024-09-28T15:08:27.283907459Z pool-1-thread-1 DEBUG Appender mainlog stopped with status true
2024-09-28T15:08:27.284054501Z pool-1-thread-1 TRACE XmlConfiguration stopped 3 remaining Appenders.
2024-09-28T15:08:27.284178082Z pool-1-thread-1 TRACE XmlConfiguration cleaning Appenders from 4 LoggerConfigs.
2024-09-28T15:08:27.284342353Z pool-1-thread-1 DEBUG Stopped XmlConfiguration[location=/opt/gemp-swccg/src/gemp-swccg-async/src/main/resources/prod-log4j.xml] OK
2024-09-28T15:08:27.284490335Z pool-1-thread-1 DEBUG Stopped LoggerContext[name=Default, org.apache.logging.log4j.core.LoggerContext@de40aa1] with status true
2024-09-28T15:08:28.850340043Z main DEBUG Using ShutdownCallbackRegistry class org.apache.logging.log4j.core.util.DefaultShutdownCallbackRegistry
2024-09-28T15:08:29.163398244Z main DEBUG Took 0.266370 seconds to load 226 plugins from jdk.internal.loader.ClassLoaders$AppClassLoader@4f2410ac
2024-09-28T15:08:29.163923588Z main DEBUG PluginManager 'Lookup' found 16 plugins
2024-09-28T15:08:29.221539833Z main DEBUG AsyncLogger.ThreadNameStrategy=UNCACHED (user specified null, default is UNCACHED)
2024-09-28T15:08:29.223852560Z main TRACE Using default SystemClock for timestamps.
2024-09-28T15:08:29.225554289Z main DEBUG org.apache.logging.log4j.core.util.SystemClock does not support precise timestamps.
2024-09-28T15:08:29.239991484Z main DEBUG PluginManager 'Lookup' found 16 plugins
2024-09-28T15:08:29.253934763Z main DEBUG PluginManager 'Converter' found 45 plugins
2024-09-28T15:08:29.319657917Z main DEBUG Starting OutputStreamManager SYSTEM_OUT.false.false-1
2024-09-28T15:08:29.321238073Z main DEBUG Starting LoggerContext[name=4f2410ac, org.apache.logging.log4j.core.LoggerContext@2f490758]...
2024-09-28T15:08:29.321635764Z main DEBUG Reconfiguration started for context[name=4f2410ac] at URI null (org.apache.logging.log4j.core.LoggerContext@2f490758) with optional ClassLoader: null
2024-09-28T15:08:29.323363001Z main DEBUG PluginManager 'Lookup' found 16 plugins
2024-09-28T15:08:29.323918800Z main DEBUG PluginManager 'ConfigurationFactory' found 4 plugins
2024-09-28T15:08:29.326483883Z main DEBUG PluginManager 'Lookup' found 16 plugins
2024-09-28T15:08:29.327217355Z main DEBUG PluginManager 'Lookup' found 16 plugins
2024-09-28T15:08:29.327895254Z main DEBUG Missing dependencies for Yaml support, ConfigurationFactory org.apache.logging.log4j.core.config.yaml.YamlConfigurationFactory is inactive
2024-09-28T15:08:29.328348697Z main DEBUG PluginManager 'Lookup' found 16 plugins
2024-09-28T15:08:29.328895453Z main DEBUG Missing dependencies for Json support, ConfigurationFactory org.apache.logging.log4j.core.config.json.JsonConfigurationFactory is inactive
2024-09-28T15:08:29.345422075Z main DEBUG PluginManager 'Lookup' found 16 plugins
2024-09-28T15:08:29.349235444Z main DEBUG Using configurationFactory org.apache.logging.log4j.core.config.ConfigurationFactory$Factory@17776a8
2024-09-28T15:08:29.360505668Z main DEBUG PluginManager 'Lookup' found 16 plugins
2024-09-28T15:08:29.364318218Z main DEBUG Closing FileInputStream java.io.FileInputStream@11e21d0e
2024-09-28T15:08:29.416623636Z main DEBUG null null initializing configuration XmlConfiguration[location=/opt/gemp-swccg/src/gemp-swccg-async/src/main/resources/prod-log4j.xml]
2024-09-28T15:08:29.417351056Z main DEBUG PluginManager 'Core' found 131 plugins
2024-09-28T15:08:29.417659825Z main DEBUG PluginManager 'Level' found 0 plugins
2024-09-28T15:08:29.423293827Z main DEBUG PluginManager 'Lookup' found 16 plugins
2024-09-28T15:08:29.425457166Z main DEBUG Building Plugin[name=layout, class=org.apache.logging.log4j.core.layout.PatternLayout].
2024-09-28T15:08:29.446028630Z main TRACE TypeConverterRegistry initializing.
2024-09-28T15:08:29.446606167Z main DEBUG PluginManager 'TypeConverter' found 26 plugins
2024-09-28T15:08:29.463598922Z main DEBUG PatternLayout$Builder(pattern="%m%n", PatternSelector=null, Configuration(MyApp), Replace=null, charset="null", alwaysWriteExceptions="null", disableAnsi="null", noConsoleNoAnsi="null", header="null", footer="null")
2024-09-28T15:08:29.464369564Z main DEBUG PluginManager 'Converter' found 45 plugins
2024-09-28T15:08:29.466640479Z main DEBUG Building Plugin[name=appender, class=org.apache.logging.log4j.core.appender.ConsoleAppender].
2024-09-28T15:08:29.481816256Z main DEBUG ConsoleAppender$Builder(target="SYSTEM_OUT", follow="null", direct="null", bufferedIo="null", bufferSize="null", immediateFlush="null", ignoreExceptions="null", PatternLayout(%m%n), name="stdout", Configuration(MyApp), Filter=null, ={})
2024-09-28T15:08:29.488672453Z main DEBUG Starting OutputStreamManager SYSTEM_OUT.false.false
2024-09-28T15:08:29.489299841Z main DEBUG Building Plugin[name=layout, class=org.apache.logging.log4j.core.layout.PatternLayout].
2024-09-28T15:08:29.490106874Z main DEBUG PatternLayout$Builder(pattern="%d{yyyy-MM-dd HH:mm:ss,SSS} %5p %c{1}:%L - %m%n", PatternSelector=null, Configuration(MyApp), Replace=null, charset="null", alwaysWriteExceptions="null", disableAnsi="null", noConsoleNoAnsi="null", header="null", footer="null")
2024-09-28T15:08:29.500140669Z main DEBUG Building Plugin[name=TimeBasedTriggeringPolicy, class=org.apache.logging.log4j.core.appender.rolling.TimeBasedTriggeringPolicy].
2024-09-28T15:08:29.503208798Z main DEBUG TimeBasedTriggeringPolicy$Builder(interval="null", modulate="null", maxRandomDelay="null")
2024-09-28T15:08:29.503635210Z main DEBUG Building Plugin[name=SizeBasedTriggeringPolicy, class=org.apache.logging.log4j.core.appender.rolling.SizeBasedTriggeringPolicy].
2024-09-28T15:08:29.507959864Z main DEBUG createPolicy(size="10 MB")
2024-09-28T15:08:29.511713732Z main DEBUG Building Plugin[name=Policies, class=org.apache.logging.log4j.core.appender.rolling.CompositeTriggeringPolicy].
2024-09-28T15:08:29.513225725Z main DEBUG createPolicy(={TimeBasedTriggeringPolicy(nextRolloverMillis=0, interval=1, modulate=false), SizeBasedTriggeringPolicy(size=10485760)})
2024-09-28T15:08:29.514448311Z main DEBUG Building Plugin[name=DefaultRolloverStrategy, class=org.apache.logging.log4j.core.appender.rolling.DefaultRolloverStrategy].
2024-09-28T15:08:29.521381410Z main DEBUG DefaultRolloverStrategy$Builder(max="20", min="null", fileIndex="null", compressionLevel="null", ={}, stopCustomActionsOnError="null", tempCompressedFilePattern="null", Configuration(MyApp))
2024-09-28T15:08:29.521933626Z main DEBUG Building Plugin[name=appender, class=org.apache.logging.log4j.core.appender.RollingFileAppender].
2024-09-28T15:08:29.525564290Z main DEBUG RollingFileAppender$Builder(fileName="../logs/gemp-swccg.log", filePattern="../logs/${date:yyyy-MM}/app-%d{MM-dd-yyyy}-%i.log.gz", append="null", locking="null", Policies(CompositeTriggeringPolicy(policies=[TimeBasedTriggeringPolicy(nextRolloverMillis=0, interval=1, modulate=false), SizeBasedTriggeringPolicy(size=10485760)])), DefaultRolloverStrategy(DefaultRolloverStrategy(min=1, max=20, useMax=true)), advertise="null", advertiseUri="null", createOnDemand="null", filePermissions="null", fileOwner="null", fileGroup="null", bufferedIo="null", bufferSize="null", immediateFlush="null", ignoreExceptions="null", PatternLayout(%d{yyyy-MM-dd HH:mm:ss,SSS} %5p %c{1}:%L - %m%n), name="mainlog", Configuration(MyApp), Filter=null, ={})
2024-09-28T15:08:29.533395493Z main TRACE New file '../logs/gemp-swccg.log' created = false
2024-09-28T15:08:29.536043659Z main INFO Unable to obtain file creation time for /opt/gemp-swccg/src/../logs/gemp-swccg.log
2024-09-28T15:08:29.536958015Z main DEBUG Starting RollingFileManager ../logs/gemp-swccg.log
2024-09-28T15:08:29.540382353Z main DEBUG PluginManager 'FileConverter' found 2 plugins
2024-09-28T15:08:29.547501998Z main DEBUG Setting prev file time to 2024-09-28T15:04:48.967+0000
2024-09-28T15:08:29.547945020Z main DEBUG Initializing triggering policy CompositeTriggeringPolicy(policies=[TimeBasedTriggeringPolicy(nextRolloverMillis=0, interval=1, modulate=false), SizeBasedTriggeringPolicy(size=10485760)])
2024-09-28T15:08:29.548973280Z main DEBUG Initializing triggering policy TimeBasedTriggeringPolicy(nextRolloverMillis=0, interval=1, modulate=false)
2024-09-28T15:08:29.551215854Z main TRACE PatternProcessor.getNextTime returning 2024/09/29-00:00:00.000, nextFileTime=2024/09/28-00:00:00.000, prevFileTime=1970/01/01-00:00:00.000, current=2024/09/28-15:08:29.550, freq=DAILY
2024-09-28T15:08:29.551970656Z main TRACE PatternProcessor.getNextTime returning 2024/09/29-00:00:00.000, nextFileTime=2024/09/28-00:00:00.000, prevFileTime=2024/09/28-00:00:00.000, current=2024/09/28-15:08:29.551, freq=DAILY
2024-09-28T15:08:29.552474678Z main DEBUG Initializing triggering policy SizeBasedTriggeringPolicy(size=10485760)
2024-09-28T15:08:29.553497360Z main DEBUG Building Plugin[name=layout, class=org.apache.logging.log4j.core.layout.PatternLayout].
2024-09-28T15:08:29.554279902Z main DEBUG PatternLayout$Builder(pattern="%d{yyyy-MM-dd HH:mm:ss,SSS} %5p %c{1}:%L - %m%n", PatternSelector=null, Configuration(MyApp), Replace=null, charset="null", alwaysWriteExceptions="null", disableAnsi="null", noConsoleNoAnsi="null", header="null", footer="null")
2024-09-28T15:08:29.555160255Z main DEBUG Building Plugin[name=TimeBasedTriggeringPolicy, class=org.apache.logging.log4j.core.appender.rolling.TimeBasedTriggeringPolicy].
2024-09-28T15:08:29.555583550Z main DEBUG TimeBasedTriggeringPolicy$Builder(interval="null", modulate="null", maxRandomDelay="null")
2024-09-28T15:08:29.555931417Z main DEBUG Building Plugin[name=SizeBasedTriggeringPolicy, class=org.apache.logging.log4j.core.appender.rolling.SizeBasedTriggeringPolicy].
2024-09-28T15:08:29.556406333Z main DEBUG createPolicy(size="10 MB")
2024-09-28T15:08:29.558312358Z main DEBUG Building Plugin[name=Policies, class=org.apache.logging.log4j.core.appender.rolling.CompositeTriggeringPolicy].
2024-09-28T15:08:29.560211103Z main DEBUG createPolicy(={TimeBasedTriggeringPolicy(nextRolloverMillis=0, interval=1, modulate=false), SizeBasedTriggeringPolicy(size=10485760)})
2024-09-28T15:08:29.561025806Z main DEBUG Building Plugin[name=DefaultRolloverStrategy, class=org.apache.logging.log4j.core.appender.rolling.DefaultRolloverStrategy].
2024-09-28T15:08:29.561616503Z main DEBUG DefaultRolloverStrategy$Builder(max="20", min="null", fileIndex="null", compressionLevel="null", ={}, stopCustomActionsOnError="null", tempCompressedFilePattern="null", Configuration(MyApp))
2024-09-28T15:08:29.562670543Z main DEBUG Building Plugin[name=appender, class=org.apache.logging.log4j.core.appender.RollingFileAppender].
2024-09-28T15:08:29.564117195Z main DEBUG RollingFileAppender$Builder(fileName="../logs/swccg_chat.log", filePattern="../logs/${date:yyyy-MM}/app-%d{MM-dd-yyyy}-%i.log.gz", append="null", locking="null", Policies(CompositeTriggeringPolicy(policies=[TimeBasedTriggeringPolicy(nextRolloverMillis=0, interval=1, modulate=false), SizeBasedTriggeringPolicy(size=10485760)])), DefaultRolloverStrategy(DefaultRolloverStrategy(min=1, max=20, useMax=true)), advertise="null", advertiseUri="null", createOnDemand="null", filePermissions="null", fileOwner="null", fileGroup="null", bufferedIo="null", bufferSize="null", immediateFlush="null", ignoreExceptions="null", PatternLayout(%d{yyyy-MM-dd HH:mm:ss,SSS} %5p %c{1}:%L - %m%n), name="chat", Configuration(MyApp), Filter=null, ={})
2024-09-28T15:08:29.567511932Z main TRACE New file '../logs/swccg_chat.log' created = false
2024-09-28T15:08:29.570595981Z main INFO Unable to obtain file creation time for /opt/gemp-swccg/src/../logs/swccg_chat.log
2024-09-28T15:08:29.571702722Z main DEBUG Starting RollingFileManager ../logs/swccg_chat.log
2024-09-28T15:08:29.572094593Z main DEBUG PluginManager 'FileConverter' found 2 plugins
2024-09-28T15:08:29.572629189Z main DEBUG Setting prev file time to 2024-09-28T15:02:13.469+0000
2024-09-28T15:08:29.572834844Z main DEBUG Initializing triggering policy CompositeTriggeringPolicy(policies=[TimeBasedTriggeringPolicy(nextRolloverMillis=0, interval=1, modulate=false), SizeBasedTriggeringPolicy(size=10485760)])
2024-09-28T15:08:29.573068141Z main DEBUG Initializing triggering policy TimeBasedTriggeringPolicy(nextRolloverMillis=0, interval=1, modulate=false)
2024-09-28T15:08:29.574501232Z main TRACE PatternProcessor.getNextTime returning 2024/09/29-00:00:00.000, nextFileTime=2024/09/28-00:00:00.000, prevFileTime=1970/01/01-00:00:00.000, current=2024/09/28-15:08:29.574, freq=DAILY
2024-09-28T15:08:29.575249223Z main TRACE PatternProcessor.getNextTime returning 2024/09/29-00:00:00.000, nextFileTime=2024/09/28-00:00:00.000, prevFileTime=2024/09/28-00:00:00.000, current=2024/09/28-15:08:29.575, freq=DAILY
2024-09-28T15:08:29.575525751Z main DEBUG Initializing triggering policy SizeBasedTriggeringPolicy(size=10485760)
2024-09-28T15:08:29.575832110Z main DEBUG Building Plugin[name=appenders, class=org.apache.logging.log4j.core.config.AppendersPlugin].
2024-09-28T15:08:29.576431127Z main DEBUG createAppenders(={stdout, mainlog, chat})
2024-09-28T15:08:29.576940341Z main DEBUG Building Plugin[name=AppenderRef, class=org.apache.logging.log4j.core.config.AppenderRef].
2024-09-28T15:08:29.577502957Z main DEBUG createAppenderRef(ref="stdout", level="null", Filter=null)
2024-09-28T15:08:29.579373600Z main DEBUG Building Plugin[name=logger, class=org.apache.logging.log4j.core.config.LoggerConfig].
2024-09-28T15:08:29.585013070Z main DEBUG LoggerConfig$Builder(additivity="false", level="DEBUG", levelAndRefs="null", name="com.gempukku", includeLocation="null", ={stdout}, ={}, Configuration(MyApp), Filter=null)
2024-09-28T15:08:29.587751011Z main DEBUG Building Plugin[name=AppenderRef, class=org.apache.logging.log4j.core.config.AppenderRef].
2024-09-28T15:08:29.588612936Z main DEBUG createAppenderRef(ref="chat", level="null", Filter=null)
2024-09-28T15:08:29.589094897Z main DEBUG Building Plugin[name=logger, class=org.apache.logging.log4j.core.config.LoggerConfig].
2024-09-28T15:08:29.589745906Z main DEBUG LoggerConfig$Builder(additivity="null", level="ALL", levelAndRefs="null", name="chat", includeLocation="null", ={chat}, ={}, Configuration(MyApp), Filter=null)
2024-09-28T15:08:29.590066398Z main DEBUG Building Plugin[name=AppenderRef, class=org.apache.logging.log4j.core.config.AppenderRef].
2024-09-28T15:08:29.590489040Z main DEBUG createAppenderRef(ref="stdout", level="null", Filter=null)
2024-09-28T15:08:29.590701406Z main DEBUG Building Plugin[name=AppenderRef, class=org.apache.logging.log4j.core.config.AppenderRef].
2024-09-28T15:08:29.591230808Z main DEBUG createAppenderRef(ref="mainlog", level="null", Filter=null)
2024-09-28T15:08:29.591632313Z main DEBUG Building Plugin[name=root, class=org.apache.logging.log4j.core.config.LoggerConfig$RootLogger].
2024-09-28T15:08:29.596158093Z main DEBUG LoggerConfig$RootLogger$Builder(additivity="null", level="ERROR", levelAndRefs="null", includeLocation="null", ={stdout, mainlog}, ={}, Configuration(MyApp), Filter=null)
2024-09-28T15:08:29.596613216Z main DEBUG Building Plugin[name=loggers, class=org.apache.logging.log4j.core.config.LoggersPlugin].
2024-09-28T15:08:29.597756189Z main DEBUG createLoggers(={com.gempukku, chat, root})
2024-09-28T15:08:29.600008503Z main DEBUG Configuration XmlConfiguration[location=/opt/gemp-swccg/src/gemp-swccg-async/src/main/resources/prod-log4j.xml] initialized
2024-09-28T15:08:29.600374714Z main DEBUG Starting configuration XmlConfiguration[location=/opt/gemp-swccg/src/gemp-swccg-async/src/main/resources/prod-log4j.xml]
2024-09-28T15:08:29.600681143Z main DEBUG Started configuration XmlConfiguration[location=/opt/gemp-swccg/src/gemp-swccg-async/src/main/resources/prod-log4j.xml] OK.
2024-09-28T15:08:29.601469506Z main TRACE Stopping org.apache.logging.log4j.core.config.DefaultConfiguration@c46bcd4...
2024-09-28T15:08:29.602273309Z main TRACE DefaultConfiguration notified 1 ReliabilityStrategies that config will be stopped.
2024-09-28T15:08:29.602595708Z main TRACE DefaultConfiguration stopping root LoggerConfig.
2024-09-28T15:08:29.603140793Z main TRACE DefaultConfiguration notifying ReliabilityStrategies that appenders will be stopped.
2024-09-28T15:08:29.605136131Z main TRACE DefaultConfiguration stopping remaining Appenders.
2024-09-28T15:08:29.605720538Z main DEBUG Shutting down OutputStreamManager SYSTEM_OUT.false.false-1
2024-09-28T15:08:29.606084238Z main DEBUG OutputStream closed
2024-09-28T15:08:29.606560262Z main DEBUG Shut down OutputStreamManager SYSTEM_OUT.false.false-1, all resources released: true
2024-09-28T15:08:29.607669154Z main DEBUG Appender DefaultConsole-1 stopped with status true
2024-09-28T15:08:29.608117446Z main TRACE DefaultConfiguration stopped 1 remaining Appenders.
2024-09-28T15:08:29.608476287Z main TRACE DefaultConfiguration cleaning Appenders from 1 LoggerConfigs.
2024-09-28T15:08:29.609532567Z main DEBUG Stopped org.apache.logging.log4j.core.config.DefaultConfiguration@c46bcd4 OK
2024-09-28T15:08:29.782665877Z main TRACE Reregistering MBeans after reconfigure. Selector=org.apache.logging.log4j.core.selector.ClassLoaderContextSelector@c333c60
2024-09-28T15:08:29.788200976Z main TRACE Reregistering context (1/1): '4f2410ac' org.apache.logging.log4j.core.LoggerContext@2f490758
2024-09-28T15:08:29.789428302Z main TRACE Unregistering but no MBeans found matching 'org.apache.logging.log4j2:type=4f2410ac'
2024-09-28T15:08:29.789785162Z main TRACE Unregistering but no MBeans found matching 'org.apache.logging.log4j2:type=4f2410ac,component=StatusLogger'
2024-09-28T15:08:29.790656287Z main TRACE Unregistering but no MBeans found matching 'org.apache.logging.log4j2:type=4f2410ac,component=ContextSelector'
2024-09-28T15:08:29.792692855Z main TRACE Unregistering but no MBeans found matching 'org.apache.logging.log4j2:type=4f2410ac,component=Loggers,name=*'
2024-09-28T15:08:29.793361125Z main TRACE Unregistering but no MBeans found matching 'org.apache.logging.log4j2:type=4f2410ac,component=Appenders,name=*'
2024-09-28T15:08:29.793731615Z main TRACE Unregistering but no MBeans found matching 'org.apache.logging.log4j2:type=4f2410ac,component=AsyncAppenders,name=*'
2024-09-28T15:08:29.794092105Z main TRACE Unregistering but no MBeans found matching 'org.apache.logging.log4j2:type=4f2410ac,component=AsyncLoggerRingBuffer'
2024-09-28T15:08:29.794322452Z main TRACE Unregistering but no MBeans found matching 'org.apache.logging.log4j2:type=4f2410ac,component=Loggers,name=*,subtype=RingBuffer'
2024-09-28T15:08:29.796028311Z main DEBUG Registering MBean org.apache.logging.log4j2:type=4f2410ac
2024-09-28T15:08:29.799260084Z main DEBUG Registering MBean org.apache.logging.log4j2:type=4f2410ac,component=StatusLogger
2024-09-28T15:08:29.801096167Z main DEBUG Registering MBean org.apache.logging.log4j2:type=4f2410ac,component=ContextSelector
2024-09-28T15:08:29.803447295Z main DEBUG Registering MBean org.apache.logging.log4j2:type=4f2410ac,component=Loggers,name=
2024-09-28T15:08:29.804600247Z main DEBUG Registering MBean org.apache.logging.log4j2:type=4f2410ac,component=Loggers,name=com.gempukku
2024-09-28T15:08:29.805303085Z main DEBUG Registering MBean org.apache.logging.log4j2:type=4f2410ac,component=Loggers,name=chat
2024-09-28T15:08:29.808035636Z main DEBUG Registering MBean org.apache.logging.log4j2:type=4f2410ac,component=Appenders,name=mainlog
2024-09-28T15:08:29.810950300Z main DEBUG Registering MBean org.apache.logging.log4j2:type=4f2410ac,component=Appenders,name=stdout
2024-09-28T15:08:29.812040831Z main DEBUG Registering MBean org.apache.logging.log4j2:type=4f2410ac,component=Appenders,name=chat
2024-09-28T15:08:29.815304803Z main TRACE Using default SystemClock for timestamps.
2024-09-28T15:08:29.815861419Z main DEBUG org.apache.logging.log4j.core.util.SystemClock does not support precise timestamps.
2024-09-28T15:08:29.816203809Z main TRACE Using DummyNanoClock for nanosecond timestamps.
2024-09-28T15:08:29.816699323Z main DEBUG Reconfiguration complete for context[name=4f2410ac] at URI /opt/gemp-swccg/src/gemp-swccg-async/src/main/resources/prod-log4j.xml (org.apache.logging.log4j.core.LoggerContext@2f490758) with optional ClassLoader: null
2024-09-28T15:08:29.817555117Z main DEBUG Shutdown hook enabled. Registering a new one.
2024-09-28T15:08:29.821517851Z main DEBUG LoggerContext[name=4f2410ac, org.apache.logging.log4j.core.LoggerContext@2f490758] started OK.
Property.....: port
GempukkuServer loading prerequisites...
GempukkuServer loading DAOs...
Property.....: db.connection.class
Property.....: db.connection.url
Property.....: db.connection.hostname
Property.....: db.connection.dbname
DB Hostname..: gemp_swccg_db_1
DB Name......: gemp-swccg
DB URL.......: jdbc:mysql://gemp_swccg_db_1/gemp-swccg
Property.....: db.connection.username
Property.....: db.connection.password
2024-09-28T15:08:29.936140917Z main WARN Runtime environment or build system does not support multi-release JARs. This will impact location-based features.
Property.....: db.connection.validateQuery
GempukkuServer loading card products...
GempukkuServer loading services...
Loading set 1
Loading set 2
Loading set 3
Loading set 4
Loading set 5
Loading set 6
Loading set 7
Loading set 8
Loading set 9
Loading set 10
Loading set 11
Loading set 12
Loading set 13
Loading set 14
Loading set 101
Loading set 102
Loading set 103
Loading set 104
Loading set 105
Loading set 106
Loading set 107
Loading set 108
Loading set 109
Loading set 110
Loading set 111
Loading set 112
Loading set 200
Loading set 201
Loading set 202
Loading set 203
Loading set 204
Loading set 205
Loading set 206
Loading set 207
Loading set 208
Loading set 209
Loading set 210
Loading set 211
Loading set 212
Loading set 213
Loading set 214
Loading set 215
Loading set 216
Loading set 217
Loading set 218
Loading set 219
Loading set 220
Loading set 221
Loading set 222
Loading set 223
Loading set 301
Loading set 401
Loading set 601
Loading set 1
Loading set 2
Loading set 3
Loading set 4
Loading set 5
Loading set 6
Loading set 7
Loading set 8
Loading set 9
Loading set 10
Loading set 11
Loading set 12
Loading set 13
Loading set 14
Loading set 101
Loading set 102
Loading set 103
Loading set 104
Loading set 105
Loading set 106
Loading set 107
Loading set 108
Loading set 109
Loading set 110
Loading set 111
Loading set 112
Loading set 200
Loading set 201
Loading set 202
Loading set 203
Loading set 204
Loading set 205
Loading set 206
Loading set 207
Loading set 208
Loading set 209
Loading set 210
Loading set 211
Loading set 212
Loading set 213
Loading set 214
Loading set 215
Loading set 216
Loading set 217
Loading set 218
Loading set 219
Loading set 220
Loading set 221
Loading set 222
Loading set 223
Loading set 301
Loading set 401
Loading set 501
Loading set 601
2024-09-28T15:08:35.431380638Z main DEBUG PluginManager 'Lookup' found 16 plugins
2024-09-28T15:08:35.432448768Z main DEBUG PluginManager 'Converter' found 45 plugins
2024-09-28T15:08:35.433231330Z main DEBUG Starting OutputStreamManager SYSTEM_OUT.false.false-2
2024-09-28T15:08:35.433488877Z main DEBUG Starting LoggerContext[name=Default, org.apache.logging.log4j.core.LoggerContext@de40aa1]...
2024-09-28T15:08:35.433793676Z main DEBUG Reconfiguration started for context[name=Default] at URI null (org.apache.logging.log4j.core.LoggerContext@de40aa1) with optional ClassLoader: null
2024-09-28T15:08:35.434018842Z main DEBUG Using configurationFactory org.apache.logging.log4j.core.config.ConfigurationFactory$Factory@17776a8
2024-09-28T15:08:35.437881961Z main DEBUG PluginManager 'Lookup' found 16 plugins
2024-09-28T15:08:35.439076495Z main DEBUG Closing FileInputStream java.io.FileInputStream@57f89680
2024-09-28T15:08:35.442818368Z main DEBUG null null initializing configuration XmlConfiguration[location=/opt/gemp-swccg/src/gemp-swccg-async/src/main/resources/prod-log4j.xml]
2024-09-28T15:08:35.443200079Z main DEBUG PluginManager 'Core' found 131 plugins
2024-09-28T15:08:35.443364267Z main DEBUG PluginManager 'Level' found 0 plugins
2024-09-28T15:08:35.444115498Z main DEBUG PluginManager 'Lookup' found 16 plugins
2024-09-28T15:08:35.444575891Z main DEBUG Building Plugin[name=layout, class=org.apache.logging.log4j.core.layout.PatternLayout].
2024-09-28T15:08:35.445092186Z main DEBUG PatternLayout$Builder(pattern="%m%n", PatternSelector=null, Configuration(MyApp), Replace=null, charset="null", alwaysWriteExceptions="null", disableAnsi="null", noConsoleNoAnsi="null", header="null", footer="null")
2024-09-28T15:08:35.445364394Z main DEBUG PluginManager 'Converter' found 45 plugins
2024-09-28T15:08:35.445642532Z main DEBUG Building Plugin[name=appender, class=org.apache.logging.log4j.core.appender.ConsoleAppender].
2024-09-28T15:08:35.445983311Z main DEBUG ConsoleAppender$Builder(target="SYSTEM_OUT", follow="null", direct="null", bufferedIo="null", bufferSize="null", immediateFlush="null", ignoreExceptions="null", PatternLayout(%m%n), name="stdout", Configuration(MyApp), Filter=null, ={})
2024-09-28T15:08:35.448298477Z main DEBUG Building Plugin[name=layout, class=org.apache.logging.log4j.core.layout.PatternLayout].
2024-09-28T15:08:35.448651767Z main DEBUG PatternLayout$Builder(pattern="%d{yyyy-MM-dd HH:mm:ss,SSS} %5p %c{1}:%L - %m%n", PatternSelector=null, Configuration(MyApp), Replace=null, charset="null", alwaysWriteExceptions="null", disableAnsi="null", noConsoleNoAnsi="null", header="null", footer="null")
2024-09-28T15:08:35.449089950Z main DEBUG Building Plugin[name=TimeBasedTriggeringPolicy, class=org.apache.logging.log4j.core.appender.rolling.TimeBasedTriggeringPolicy].
2024-09-28T15:08:35.449349427Z main DEBUG TimeBasedTriggeringPolicy$Builder(interval="null", modulate="null", maxRandomDelay="null")
2024-09-28T15:08:35.449516222Z main DEBUG Building Plugin[name=SizeBasedTriggeringPolicy, class=org.apache.logging.log4j.core.appender.rolling.SizeBasedTriggeringPolicy].
2024-09-28T15:08:35.449819890Z main DEBUG createPolicy(size="10 MB")
2024-09-28T15:08:35.450220471Z main DEBUG Building Plugin[name=Policies, class=org.apache.logging.log4j.core.appender.rolling.CompositeTriggeringPolicy].
2024-09-28T15:08:35.450448708Z main DEBUG createPolicy(={TimeBasedTriggeringPolicy(nextRolloverMillis=0, interval=1, modulate=false), SizeBasedTriggeringPolicy(size=10485760)})
2024-09-28T15:08:35.450656534Z main DEBUG Building Plugin[name=DefaultRolloverStrategy, class=org.apache.logging.log4j.core.appender.rolling.DefaultRolloverStrategy].
2024-09-28T15:08:35.450943412Z main DEBUG DefaultRolloverStrategy$Builder(max="20", min="null", fileIndex="null", compressionLevel="null", ={}, stopCustomActionsOnError="null", tempCompressedFilePattern="null", Configuration(MyApp))
2024-09-28T15:08:35.451104556Z main DEBUG Building Plugin[name=appender, class=org.apache.logging.log4j.core.appender.RollingFileAppender].
2024-09-28T15:08:35.451741894Z main DEBUG RollingFileAppender$Builder(fileName="../logs/gemp-swccg.log", filePattern="../logs/${date:yyyy-MM}/app-%d{MM-dd-yyyy}-%i.log.gz", append="null", locking="null", Policies(CompositeTriggeringPolicy(policies=[TimeBasedTriggeringPolicy(nextRolloverMillis=0, interval=1, modulate=false), SizeBasedTriggeringPolicy(size=10485760)])), DefaultRolloverStrategy(DefaultRolloverStrategy(min=1, max=20, useMax=true)), advertise="null", advertiseUri="null", createOnDemand="null", filePermissions="null", fileOwner="null", fileGroup="null", bufferedIo="null", bufferSize="null", immediateFlush="null", ignoreExceptions="null", PatternLayout(%d{yyyy-MM-dd HH:mm:ss,SSS} %5p %c{1}:%L - %m%n), name="mainlog", Configuration(MyApp), Filter=null, ={})
2024-09-28T15:08:35.451989801Z main DEBUG PluginManager 'FileConverter' found 2 plugins
2024-09-28T15:08:35.452408833Z main DEBUG Initializing triggering policy TimeBasedTriggeringPolicy(nextRolloverMillis=0, interval=1, modulate=false)
2024-09-28T15:08:35.453232556Z main TRACE PatternProcessor.getNextTime returning 2024/09/29-00:00:00.000, nextFileTime=2024/09/28-00:00:00.000, prevFileTime=2024/09/28-00:00:00.000, current=2024/09/28-15:08:35.453, freq=DAILY
2024-09-28T15:08:35.453789342Z main TRACE PatternProcessor.getNextTime returning 2024/09/29-00:00:00.000, nextFileTime=2024/09/28-00:00:00.000, prevFileTime=2024/09/28-00:00:00.000, current=2024/09/28-15:08:35.453, freq=DAILY
2024-09-28T15:08:35.453966067Z main DEBUG Initializing triggering policy SizeBasedTriggeringPolicy(size=10485760)
2024-09-28T15:08:35.454191383Z main DEBUG Building Plugin[name=layout, class=org.apache.logging.log4j.core.layout.PatternLayout].
2024-09-28T15:08:35.455014816Z main DEBUG PatternLayout$Builder(pattern="%d{yyyy-MM-dd HH:mm:ss,SSS} %5p %c{1}:%L - %m%n", PatternSelector=null, Configuration(MyApp), Replace=null, charset="null", alwaysWriteExceptions="null", disableAnsi="null", noConsoleNoAnsi="null", header="null", footer="null")
2024-09-28T15:08:35.455740797Z main DEBUG Building Plugin[name=TimeBasedTriggeringPolicy, class=org.apache.logging.log4j.core.appender.rolling.TimeBasedTriggeringPolicy].
2024-09-28T15:08:35.456003644Z main DEBUG TimeBasedTriggeringPolicy$Builder(interval="null", modulate="null", maxRandomDelay="null")
2024-09-28T15:08:35.456189709Z main DEBUG Building Plugin[name=SizeBasedTriggeringPolicy, class=org.apache.logging.log4j.core.appender.rolling.SizeBasedTriggeringPolicy].
2024-09-28T15:08:35.456528309Z main DEBUG createPolicy(size="10 MB")
2024-09-28T15:08:35.456825887Z main DEBUG Building Plugin[name=Policies, class=org.apache.logging.log4j.core.appender.rolling.CompositeTriggeringPolicy].
2024-09-28T15:08:35.457463105Z main DEBUG createPolicy(={TimeBasedTriggeringPolicy(nextRolloverMillis=0, interval=1, modulate=false), SizeBasedTriggeringPolicy(size=10485760)})
2024-09-28T15:08:35.457661171Z main DEBUG Building Plugin[name=DefaultRolloverStrategy, class=org.apache.logging.log4j.core.appender.rolling.DefaultRolloverStrategy].
2024-09-28T15:08:35.458652689Z main DEBUG DefaultRolloverStrategy$Builder(max="20", min="null", fileIndex="null", compressionLevel="null", ={}, stopCustomActionsOnError="null", tempCompressedFilePattern="null", Configuration(MyApp))
2024-09-28T15:08:35.458905806Z main DEBUG Building Plugin[name=appender, class=org.apache.logging.log4j.core.appender.RollingFileAppender].
2024-09-28T15:08:35.459436341Z main DEBUG RollingFileAppender$Builder(fileName="../logs/swccg_chat.log", filePattern="../logs/${date:yyyy-MM}/app-%d{MM-dd-yyyy}-%i.log.gz", append="null", locking="null", Policies(CompositeTriggeringPolicy(policies=[TimeBasedTriggeringPolicy(nextRolloverMillis=0, interval=1, modulate=false), SizeBasedTriggeringPolicy(size=10485760)])), DefaultRolloverStrategy(DefaultRolloverStrategy(min=1, max=20, useMax=true)), advertise="null", advertiseUri="null", createOnDemand="null", filePermissions="null", fileOwner="null", fileGroup="null", bufferedIo="null", bufferSize="null", immediateFlush="null", ignoreExceptions="null", PatternLayout(%d{yyyy-MM-dd HH:mm:ss,SSS} %5p %c{1}:%L - %m%n), name="chat", Configuration(MyApp), Filter=null, ={})
2024-09-28T15:08:35.459869093Z main DEBUG PluginManager 'FileConverter' found 2 plugins
2024-09-28T15:08:35.460356895Z main DEBUG Initializing triggering policy TimeBasedTriggeringPolicy(nextRolloverMillis=0, interval=1, modulate=false)
2024-09-28T15:08:35.460896123Z main TRACE PatternProcessor.getNextTime returning 2024/09/29-00:00:00.000, nextFileTime=2024/09/28-00:00:00.000, prevFileTime=2024/09/28-00:00:00.000, current=2024/09/28-15:08:35.460, freq=DAILY
2024-09-28T15:08:35.461386456Z main TRACE PatternProcessor.getNextTime returning 2024/09/29-00:00:00.000, nextFileTime=2024/09/28-00:00:00.000, prevFileTime=2024/09/28-00:00:00.000, current=2024/09/28-15:08:35.461, freq=DAILY
2024-09-28T15:08:35.461560471Z main DEBUG Initializing triggering policy SizeBasedTriggeringPolicy(size=10485760)
2024-09-28T15:08:35.461777748Z main DEBUG Building Plugin[name=appenders, class=org.apache.logging.log4j.core.config.AppendersPlugin].
2024-09-28T15:08:35.462100227Z main DEBUG createAppenders(={stdout, mainlog, chat})
2024-09-28T15:08:35.462306773Z main DEBUG Building Plugin[name=AppenderRef, class=org.apache.logging.log4j.core.config.AppenderRef].
2024-09-28T15:08:35.462574070Z main DEBUG createAppenderRef(ref="stdout", level="null", Filter=null)
2024-09-28T15:08:35.462769046Z main DEBUG Building Plugin[name=logger, class=org.apache.logging.log4j.core.config.LoggerConfig].
2024-09-28T15:08:35.463145367Z main DEBUG LoggerConfig$Builder(additivity="false", level="DEBUG", levelAndRefs="null", name="com.gempukku", includeLocation="null", ={stdout}, ={}, Configuration(MyApp), Filter=null)
2024-09-28T15:08:35.463393614Z main DEBUG Building Plugin[name=AppenderRef, class=org.apache.logging.log4j.core.config.AppenderRef].
2024-09-28T15:08:35.463700062Z main DEBUG createAppenderRef(ref="chat", level="null", Filter=null)
2024-09-28T15:08:35.463871707Z main DEBUG Building Plugin[name=logger, class=org.apache.logging.log4j.core.config.LoggerConfig].
2024-09-28T15:08:35.464137005Z main DEBUG LoggerConfig$Builder(additivity="null", level="ALL", levelAndRefs="null", name="chat", includeLocation="null", ={chat}, ={}, Configuration(MyApp), Filter=null)
2024-09-28T15:08:35.464345531Z main DEBUG Building Plugin[name=AppenderRef, class=org.apache.logging.log4j.core.config.AppenderRef].
2024-09-28T15:08:35.464585388Z main DEBUG createAppenderRef(ref="stdout", level="null", Filter=null)
2024-09-28T15:08:35.464751862Z main DEBUG Building Plugin[name=AppenderRef, class=org.apache.logging.log4j.core.config.AppenderRef].
2024-09-28T15:08:35.464977189Z main DEBUG createAppenderRef(ref="mainlog", level="null", Filter=null)
2024-09-28T15:08:35.465187585Z main DEBUG Building Plugin[name=root, class=org.apache.logging.log4j.core.config.LoggerConfig$RootLogger].
2024-09-28T15:08:35.465496604Z main DEBUG LoggerConfig$RootLogger$Builder(additivity="null", level="ERROR", levelAndRefs="null", includeLocation="null", ={stdout, mainlog}, ={}, Configuration(MyApp), Filter=null)
2024-09-28T15:08:35.465687769Z main DEBUG Building Plugin[name=loggers, class=org.apache.logging.log4j.core.config.LoggersPlugin].
2024-09-28T15:08:35.465940486Z main DEBUG createLoggers(={com.gempukku, chat, root})
2024-09-28T15:08:35.466195824Z main DEBUG Configuration XmlConfiguration[location=/opt/gemp-swccg/src/gemp-swccg-async/src/main/resources/prod-log4j.xml] initialized
2024-09-28T15:08:35.466448051Z main DEBUG Starting configuration XmlConfiguration[location=/opt/gemp-swccg/src/gemp-swccg-async/src/main/resources/prod-log4j.xml]
2024-09-28T15:08:35.466684137Z main DEBUG Started configuration XmlConfiguration[location=/opt/gemp-swccg/src/gemp-swccg-async/src/main/resources/prod-log4j.xml] OK.
2024-09-28T15:08:35.466916244Z main TRACE Stopping org.apache.logging.log4j.core.config.DefaultConfiguration@64186f60...
2024-09-28T15:08:35.467161091Z main TRACE DefaultConfiguration notified 1 ReliabilityStrategies that config will be stopped.
2024-09-28T15:08:35.467320596Z main TRACE DefaultConfiguration stopping root LoggerConfig.
2024-09-28T15:08:35.467473030Z main TRACE DefaultConfiguration notifying ReliabilityStrategies that appenders will be stopped.
2024-09-28T15:08:35.467639144Z main TRACE DefaultConfiguration stopping remaining Appenders.
2024-09-28T15:08:35.467860421Z main DEBUG Shutting down OutputStreamManager SYSTEM_OUT.false.false-2
2024-09-28T15:08:35.468091047Z main DEBUG OutputStream closed
2024-09-28T15:08:35.468267092Z main DEBUG Shut down OutputStreamManager SYSTEM_OUT.false.false-2, all resources released: true
2024-09-28T15:08:35.468439517Z main DEBUG Appender DefaultConsole-2 stopped with status true
2024-09-28T15:08:35.468606392Z main TRACE DefaultConfiguration stopped 1 remaining Appenders.
2024-09-28T15:08:35.468758896Z main TRACE DefaultConfiguration cleaning Appenders from 1 LoggerConfigs.
2024-09-28T15:08:35.468948782Z main DEBUG Stopped org.apache.logging.log4j.core.config.DefaultConfiguration@64186f60 OK
2024-09-28T15:08:35.469187429Z main TRACE Reregistering MBeans after reconfigure. Selector=org.apache.logging.log4j.core.selector.ClassLoaderContextSelector@c333c60
2024-09-28T15:08:35.469387384Z main TRACE Reregistering context (1/1): '4f2410ac' org.apache.logging.log4j.core.LoggerContext@2f490758
2024-09-28T15:08:35.469742354Z main TRACE Unregistering 1 MBeans: [org.apache.logging.log4j2:type=4f2410ac]
2024-09-28T15:08:35.470049623Z main TRACE Unregistering 1 MBeans: [org.apache.logging.log4j2:type=4f2410ac,component=StatusLogger]
2024-09-28T15:08:35.470281279Z main TRACE Unregistering 1 MBeans: [org.apache.logging.log4j2:type=4f2410ac,component=ContextSelector]
2024-09-28T15:08:35.470606819Z main TRACE Unregistering 3 MBeans: [org.apache.logging.log4j2:type=4f2410ac,component=Loggers,name=, org.apache.logging.log4j2:type=4f2410ac,component=Loggers,name=com.gempukku, org.apache.logging.log4j2:type=4f2410ac,component=Loggers,name=chat]
2024-09-28T15:08:35.470927588Z main TRACE Unregistering 3 MBeans: [org.apache.logging.log4j2:type=4f2410ac,component=Appenders,name=stdout, org.apache.logging.log4j2:type=4f2410ac,component=Appenders,name=chat, org.apache.logging.log4j2:type=4f2410ac,component=Appenders,name=mainlog]
2024-09-28T15:08:35.472170223Z main TRACE Unregistering but no MBeans found matching 'org.apache.logging.log4j2:type=4f2410ac,component=AsyncAppenders,name=*'
2024-09-28T15:08:35.472412509Z main TRACE Unregistering but no MBeans found matching 'org.apache.logging.log4j2:type=4f2410ac,component=AsyncLoggerRingBuffer'
2024-09-28T15:08:35.472609375Z main TRACE Unregistering but no MBeans found matching 'org.apache.logging.log4j2:type=4f2410ac,component=Loggers,name=*,subtype=RingBuffer'
2024-09-28T15:08:35.472897243Z main DEBUG Registering MBean org.apache.logging.log4j2:type=4f2410ac
2024-09-28T15:08:35.473165081Z main DEBUG Registering MBean org.apache.logging.log4j2:type=4f2410ac,component=StatusLogger
2024-09-28T15:08:35.473391817Z main DEBUG Registering MBean org.apache.logging.log4j2:type=4f2410ac,component=ContextSelector
2024-09-28T15:08:35.473662075Z main DEBUG Registering MBean org.apache.logging.log4j2:type=4f2410ac,component=Loggers,name=
2024-09-28T15:08:35.473854120Z main DEBUG Registering MBean org.apache.logging.log4j2:type=4f2410ac,component=Loggers,name=com.gempukku
2024-09-28T15:08:35.474065516Z main DEBUG Registering MBean org.apache.logging.log4j2:type=4f2410ac,component=Loggers,name=chat
2024-09-28T15:08:35.474307563Z main DEBUG Registering MBean org.apache.logging.log4j2:type=4f2410ac,component=Appenders,name=mainlog
2024-09-28T15:08:35.474567480Z main DEBUG Registering MBean org.apache.logging.log4j2:type=4f2410ac,component=Appenders,name=stdout
2024-09-28T15:08:35.474801267Z main DEBUG Registering MBean org.apache.logging.log4j2:type=4f2410ac,component=Appenders,name=chat
2024-09-28T15:08:35.475011693Z main TRACE Using DummyNanoClock for nanosecond timestamps.
2024-09-28T15:08:35.475241099Z main DEBUG Reconfiguration complete for context[name=Default] at URI /opt/gemp-swccg/src/gemp-swccg-async/src/main/resources/prod-log4j.xml (org.apache.logging.log4j.core.LoggerContext@de40aa1) with optional ClassLoader: null
2024-09-28T15:08:35.475413624Z main DEBUG Shutdown hook enabled. Registering a new one.
2024-09-28T15:08:35.475632860Z main DEBUG LoggerContext[name=Default, org.apache.logging.log4j.core.LoggerContext@de40aa1] started OK.
System: Welcome to room: Game Hall
GempukkuServer starting servers...
Adding server: class com.gempukku.swccgo.hall.HallServer
Started: HallServer
Adding server: class com.gempukku.swccgo.game.SwccgoServer
Started: SwccgoServer
Adding server: class com.gempukku.swccgo.chat.ChatServer
Started: ChatServer
GempukkuServer startup complete.
Property.....: web.path
Property.....: origin.allowed.pattern
HTTP 401 response for 172.29.1.1: /gemp-swccg-server/chat/Game%20Hall
HTTP 401 response for 172.29.1.1: /gemp-swccg-server/chat/Game%20Hall?participantId=null&_=1727536116105
HTTP 401 response for 172.29.1.1: /gemp-swccg-server/deck/list?participantId=null&_=1727536116110
HTTP 401 response for 172.29.1.1: /gemp-swccg-server/playerStats/playerInfo?participantId=null&_=1727536116110
HTTP 401 response for 172.29.1.1: /gemp-swccg-server/chat/Game%20Hall?participantId=null&_=1727536117202
HTTP 401 response for 172.29.1.1: /gemp-swccg-server/playerStats/playerInfo?participantId=null&_=1727536117204
HTTP 401 response for 172.29.1.1: /gemp-swccg-server/deck/list?participantId=null&_=1727536117205
System: Server is in operational mode and games are now able to be started
Property.....: playtesting.noLimitDeckLength
Playtesting deck length is restricted to the format limit
Property.....: playtesting.noLimitDeckLength
Playtesting deck length is restricted to the format limit
System: Welcome to room: Game84f50d0c4844-f318-c201-d010-3bd7fe10
LEAK: ByteBuf.release() was not called before it's garbage-collected. See https://netty.io/wiki/reference-counted-objects.html for more information.
Recent access records: 
Created at:
	io.netty.buffer.SimpleLeakAwareByteBuf.unwrappedDerived(SimpleLeakAwareByteBuf.java:144)
	io.netty.buffer.SimpleLeakAwareByteBuf.retainedSlice(SimpleLeakAwareByteBuf.java:57)
	io.netty.handler.codec.http.multipart.HttpPostStandardRequestDecoder.parseBodyAttributesStandard(HttpPostStandardRequestDecoder.java:534)
	io.netty.handler.codec.http.multipart.HttpPostStandardRequestDecoder.parseBodyAttributes(HttpPostStandardRequestDecoder.java:575)
	io.netty.handler.codec.http.multipart.HttpPostStandardRequestDecoder.parseBody(HttpPostStandardRequestDecoder.java:422)
	io.netty.handler.codec.http.multipart.HttpPostStandardRequestDecoder.offer(HttpPostStandardRequestDecoder.java:338)
	io.netty.handler.codec.http.multipart.HttpPostStandardRequestDecoder.<init>(HttpPostStandardRequestDecoder.java:197)
	io.netty.handler.codec.http.multipart.HttpPostStandardRequestDecoder.<init>(HttpPostStandardRequestDecoder.java:164)
	io.netty.handler.codec.http.multipart.HttpPostRequestDecoder.<init>(HttpPostRequestDecoder.java:118)
	io.netty.handler.codec.http.multipart.HttpPostRequestDecoder.<init>(HttpPostRequestDecoder.java:57)
	com.gempukku.swccgo.async.handler.GameRequestHandler.updateGameState(GameRequestHandler.java:81)
	com.gempukku.swccgo.async.handler.GameRequestHandler.handleRequest(GameRequestHandler.java:73)
	com.gempukku.swccgo.async.handler.RootUriRequestHandler.handleRequest(RootUriRequestHandler.java:118)
	com.gempukku.swccgo.async.SwccgoHttpRequestHandler.channelRead0(SwccgoHttpRequestHandler.java:100)
	com.gempukku.swccgo.async.SwccgoHttpRequestHandler.channelRead0(SwccgoHttpRequestHandler.java:40)
	io.netty.channel.SimpleChannelInboundHandler.channelRead(SimpleChannelInboundHandler.java:99)
	io.netty.channel.AbstractChannelHandlerContext.invokeChannelRead(AbstractChannelHandlerContext.java:444)
	io.netty.channel.AbstractChannelHandlerContext.invokeChannelRead(AbstractChannelHandlerContext.java:420)
	io.netty.channel.AbstractChannelHandlerContext.fireChannelRead(AbstractChannelHandlerContext.java:412)
	io.netty.handler.codec.MessageToMessageDecoder.channelRead(MessageToMessageDecoder.java:103)
	io.netty.handler.codec.MessageToMessageCodec.channelRead(MessageToMessageCodec.java:111)
	io.netty.channel.AbstractChannelHandlerContext.invokeChannelRead(AbstractChannelHandlerContext.java:442)
	io.netty.channel.AbstractChannelHandlerContext.invokeChannelRead(AbstractChannelHandlerContext.java:420)
	io.netty.channel.AbstractChannelHandlerContext.fireChannelRead(AbstractChannelHandlerContext.java:412)
	io.netty.handler.codec.MessageToMessageDecoder.channelRead(MessageToMessageDecoder.java:103)
	io.netty.channel.AbstractChannelHandlerContext.invokeChannelRead(AbstractChannelHandlerContext.java:444)
	io.netty.channel.AbstractChannelHandlerContext.invokeChannelRead(AbstractChannelHandlerContext.java:420)
	io.netty.channel.AbstractChannelHandlerContext.fireChannelRead(AbstractChannelHandlerContext.java:412)
	io.netty.channel.CombinedChannelDuplexHandler$DelegatingChannelHandlerContext.fireChannelRead(CombinedChannelDuplexHandler.java:436)
	io.netty.handler.codec.ByteToMessageDecoder.fireChannelRead(ByteToMessageDecoder.java:346)
	io.netty.handler.codec.ByteToMessageDecoder.channelRead(ByteToMessageDecoder.java:318)
	io.netty.channel.CombinedChannelDuplexHandler.channelRead(CombinedChannelDuplexHandler.java:251)
	io.netty.channel.AbstractChannelHandlerContext.invokeChannelRead(AbstractChannelHandlerContext.java:442)
	io.netty.channel.AbstractChannelHandlerContext.invokeChannelRead(AbstractChannelHandlerContext.java:420)
	io.netty.channel.AbstractChannelHandlerContext.fireChannelRead(AbstractChannelHandlerContext.java:412)
	io.netty.channel.DefaultChannelPipeline$HeadContext.channelRead(DefaultChannelPipeline.java:1410)
	io.netty.channel.AbstractChannelHandlerContext.invokeChannelRead(AbstractChannelHandlerContext.java:440)
	io.netty.channel.AbstractChannelHandlerContext.invokeChannelRead(AbstractChannelHandlerContext.java:420)
	io.netty.channel.DefaultChannelPipeline.fireChannelRead(DefaultChannelPipeline.java:919)
	io.netty.channel.nio.AbstractNioByteChannel$NioByteUnsafe.read(AbstractNioByteChannel.java:166)
	io.netty.channel.nio.NioEventLoop.processSelectedKey(NioEventLoop.java:788)
	io.netty.channel.nio.NioEventLoop.processSelectedKeysOptimized(NioEventLoop.java:724)
	io.netty.channel.nio.NioEventLoop.processSelectedKeys(NioEventLoop.java:650)
	io.netty.channel.nio.NioEventLoop.run(NioEventLoop.java:562)
	io.netty.util.concurrent.SingleThreadEventExecutor$4.run(SingleThreadEventExecutor.java:997)
	io.netty.util.internal.ThreadExecutorMap$2.run(ThreadExecutorMap.java:74)
	io.netty.util.concurrent.FastThreadLocalRunnable.run(FastThreadLocalRunnable.java:30)
	java.base/java.lang.Thread.run(Thread.java:1583)
LEAK: ByteBuf.release() was not called before it's garbage-collected. See https://netty.io/wiki/reference-counted-objects.html for more information.
Recent access records: 
Created at:
	io.netty.buffer.PooledByteBufAllocator.newDirectBuffer(PooledByteBufAllocator.java:404)
	io.netty.buffer.AbstractByteBufAllocator.directBuffer(AbstractByteBufAllocator.java:188)
	io.netty.buffer.AbstractByteBufAllocator.directBuffer(AbstractByteBufAllocator.java:179)
	io.netty.buffer.AbstractByteBufAllocator.buffer(AbstractByteBufAllocator.java:116)
	io.netty.handler.codec.http.multipart.HttpPostStandardRequestDecoder.offer(HttpPostStandardRequestDecoder.java:334)
	io.netty.handler.codec.http.multipart.HttpPostStandardRequestDecoder.<init>(HttpPostStandardRequestDecoder.java:197)
	io.netty.handler.codec.http.multipart.HttpPostStandardRequestDecoder.<init>(HttpPostStandardRequestDecoder.java:164)
	io.netty.handler.codec.http.multipart.HttpPostRequestDecoder.<init>(HttpPostRequestDecoder.java:118)
	io.netty.handler.codec.http.multipart.HttpPostRequestDecoder.<init>(HttpPostRequestDecoder.java:57)
	com.gempukku.swccgo.async.handler.GameRequestHandler.updateGameState(GameRequestHandler.java:81)
	com.gempukku.swccgo.async.handler.GameRequestHandler.handleRequest(GameRequestHandler.java:73)
	com.gempukku.swccgo.async.handler.RootUriRequestHandler.handleRequest(RootUriRequestHandler.java:118)
	com.gempukku.swccgo.async.SwccgoHttpRequestHandler.channelRead0(SwccgoHttpRequestHandler.java:100)
	com.gempukku.swccgo.async.SwccgoHttpRequestHandler.channelRead0(SwccgoHttpRequestHandler.java:40)
	io.netty.channel.SimpleChannelInboundHandler.channelRead(SimpleChannelInboundHandler.java:99)
	io.netty.channel.AbstractChannelHandlerContext.invokeChannelRead(AbstractChannelHandlerContext.java:444)
	io.netty.channel.AbstractChannelHandlerContext.invokeChannelRead(AbstractChannelHandlerContext.java:420)
	io.netty.channel.AbstractChannelHandlerContext.fireChannelRead(AbstractChannelHandlerContext.java:412)
	io.netty.handler.codec.MessageToMessageDecoder.channelRead(MessageToMessageDecoder.java:103)
	io.netty.handler.codec.MessageToMessageCodec.channelRead(MessageToMessageCodec.java:111)
	io.netty.channel.AbstractChannelHandlerContext.invokeChannelRead(AbstractChannelHandlerContext.java:442)
	io.netty.channel.AbstractChannelHandlerContext.invokeChannelRead(AbstractChannelHandlerContext.java:420)
	io.netty.channel.AbstractChannelHandlerContext.fireChannelRead(AbstractChannelHandlerContext.java:412)
	io.netty.handler.codec.MessageToMessageDecoder.channelRead(MessageToMessageDecoder.java:103)
	io.netty.channel.AbstractChannelHandlerContext.invokeChannelRead(AbstractChannelHandlerContext.java:444)
	io.netty.channel.AbstractChannelHandlerContext.invokeChannelRead(AbstractChannelHandlerContext.java:420)
	io.netty.channel.AbstractChannelHandlerContext.fireChannelRead(AbstractChannelHandlerContext.java:412)
	io.netty.channel.CombinedChannelDuplexHandler$DelegatingChannelHandlerContext.fireChannelRead(CombinedChannelDuplexHandler.java:436)
	io.netty.handler.codec.ByteToMessageDecoder.fireChannelRead(ByteToMessageDecoder.java:346)
	io.netty.handler.codec.ByteToMessageDecoder.channelRead(ByteToMessageDecoder.java:318)
	io.netty.channel.CombinedChannelDuplexHandler.channelRead(CombinedChannelDuplexHandler.java:251)
	io.netty.channel.AbstractChannelHandlerContext.invokeChannelRead(AbstractChannelHandlerContext.java:442)
	io.netty.channel.AbstractChannelHandlerContext.invokeChannelRead(AbstractChannelHandlerContext.java:420)
	io.netty.channel.AbstractChannelHandlerContext.fireChannelRead(AbstractChannelHandlerContext.java:412)
	io.netty.channel.DefaultChannelPipeline$HeadContext.channelRead(DefaultChannelPipeline.java:1410)
	io.netty.channel.AbstractChannelHandlerContext.invokeChannelRead(AbstractChannelHandlerContext.java:440)
	io.netty.channel.AbstractChannelHandlerContext.invokeChannelRead(AbstractChannelHandlerContext.java:420)
	io.netty.channel.DefaultChannelPipeline.fireChannelRead(DefaultChannelPipeline.java:919)
	io.netty.channel.nio.AbstractNioByteChannel$NioByteUnsafe.read(AbstractNioByteChannel.java:166)
	io.netty.channel.nio.NioEventLoop.processSelectedKey(NioEventLoop.java:788)
	io.netty.channel.nio.NioEventLoop.processSelectedKeysOptimized(NioEventLoop.java:724)
	io.netty.channel.nio.NioEventLoop.processSelectedKeys(NioEventLoop.java:650)
	io.netty.channel.nio.NioEventLoop.run(NioEventLoop.java:562)
	io.netty.util.concurrent.SingleThreadEventExecutor$4.run(SingleThreadEventExecutor.java:997)
	io.netty.util.internal.ThreadExecutorMap$2.run(ThreadExecutorMap.java:74)
	io.netty.util.concurrent.FastThreadLocalRunnable.run(FastThreadLocalRunnable.java:30)
	java.base/java.lang.Thread.run(Thread.java:1583)
LEAK: ByteBuf.release() was not called before it's garbage-collected. See https://netty.io/wiki/reference-counted-objects.html for more information.
Recent access records: 
Created at:
	io.netty.buffer.SimpleLeakAwareByteBuf.unwrappedDerived(SimpleLeakAwareByteBuf.java:144)
	io.netty.buffer.SimpleLeakAwareByteBuf.retainedSlice(SimpleLeakAwareByteBuf.java:57)
	io.netty.handler.codec.http.multipart.HttpPostStandardRequestDecoder.parseBodyAttributesStandard(HttpPostStandardRequestDecoder.java:497)
	io.netty.handler.codec.http.multipart.HttpPostStandardRequestDecoder.parseBodyAttributes(HttpPostStandardRequestDecoder.java:575)
	io.netty.handler.codec.http.multipart.HttpPostStandardRequestDecoder.parseBody(HttpPostStandardRequestDecoder.java:422)
	io.netty.handler.codec.http.multipart.HttpPostStandardRequestDecoder.offer(HttpPostStandardRequestDecoder.java:338)
	io.netty.handler.codec.http.multipart.HttpPostStandardRequestDecoder.<init>(HttpPostStandardRequestDecoder.java:197)
	io.netty.handler.codec.http.multipart.HttpPostStandardRequestDecoder.<init>(HttpPostStandardRequestDecoder.java:164)
	io.netty.handler.codec.http.multipart.HttpPostRequestDecoder.<init>(HttpPostRequestDecoder.java:118)
	io.netty.handler.codec.http.multipart.HttpPostRequestDecoder.<init>(HttpPostRequestDecoder.java:57)
	com.gempukku.swccgo.async.handler.GameRequestHandler.updateGameState(GameRequestHandler.java:81)
	com.gempukku.swccgo.async.handler.GameRequestHandler.handleRequest(GameRequestHandler.java:73)
	com.gempukku.swccgo.async.handler.RootUriRequestHandler.handleRequest(RootUriRequestHandler.java:118)
	com.gempukku.swccgo.async.SwccgoHttpRequestHandler.channelRead0(SwccgoHttpRequestHandler.java:100)
	com.gempukku.swccgo.async.SwccgoHttpRequestHandler.channelRead0(SwccgoHttpRequestHandler.java:40)
	io.netty.channel.SimpleChannelInboundHandler.channelRead(SimpleChannelInboundHandler.java:99)
	io.netty.channel.AbstractChannelHandlerContext.invokeChannelRead(AbstractChannelHandlerContext.java:444)
	io.netty.channel.AbstractChannelHandlerContext.invokeChannelRead(AbstractChannelHandlerContext.java:420)
	io.netty.channel.AbstractChannelHandlerContext.fireChannelRead(AbstractChannelHandlerContext.java:412)
	io.netty.handler.codec.MessageToMessageDecoder.channelRead(MessageToMessageDecoder.java:103)
	io.netty.handler.codec.MessageToMessageCodec.channelRead(MessageToMessageCodec.java:111)
	io.netty.channel.AbstractChannelHandlerContext.invokeChannelRead(AbstractChannelHandlerContext.java:442)
	io.netty.channel.AbstractChannelHandlerContext.invokeChannelRead(AbstractChannelHandlerContext.java:420)
	io.netty.channel.AbstractChannelHandlerContext.fireChannelRead(AbstractChannelHandlerContext.java:412)
	io.netty.handler.codec.MessageToMessageDecoder.channelRead(MessageToMessageDecoder.java:103)
	io.netty.channel.AbstractChannelHandlerContext.invokeChannelRead(AbstractChannelHandlerContext.java:444)
	io.netty.channel.AbstractChannelHandlerContext.invokeChannelRead(AbstractChannelHandlerContext.java:420)
	io.netty.channel.AbstractChannelHandlerContext.fireChannelRead(AbstractChannelHandlerContext.java:412)
	io.netty.channel.CombinedChannelDuplexHandler$DelegatingChannelHandlerContext.fireChannelRead(CombinedChannelDuplexHandler.java:436)
	io.netty.handler.codec.ByteToMessageDecoder.fireChannelRead(ByteToMessageDecoder.java:346)
	io.netty.handler.codec.ByteToMessageDecoder.channelRead(ByteToMessageDecoder.java:318)
	io.netty.channel.CombinedChannelDuplexHandler.channelRead(CombinedChannelDuplexHandler.java:251)
	io.netty.channel.AbstractChannelHandlerContext.invokeChannelRead(AbstractChannelHandlerContext.java:442)
	io.netty.channel.AbstractChannelHandlerContext.invokeChannelRead(AbstractChannelHandlerContext.java:420)
	io.netty.channel.AbstractChannelHandlerContext.fireChannelRead(AbstractChannelHandlerContext.java:412)
	io.netty.channel.DefaultChannelPipeline$HeadContext.channelRead(DefaultChannelPipeline.java:1410)
	io.netty.channel.AbstractChannelHandlerContext.invokeChannelRead(AbstractChannelHandlerContext.java:440)
	io.netty.channel.AbstractChannelHandlerContext.invokeChannelRead(AbstractChannelHandlerContext.java:420)
	io.netty.channel.DefaultChannelPipeline.fireChannelRead(DefaultChannelPipeline.java:919)
	io.netty.channel.nio.AbstractNioByteChannel$NioByteUnsafe.read(AbstractNioByteChannel.java:166)
	io.netty.channel.nio.NioEventLoop.processSelectedKey(NioEventLoop.java:788)
	io.netty.channel.nio.NioEventLoop.processSelectedKeysOptimized(NioEventLoop.java:724)
	io.netty.channel.nio.NioEventLoop.processSelectedKeys(NioEventLoop.java:650)
	io.netty.channel.nio.NioEventLoop.run(NioEventLoop.java:562)
	io.netty.util.concurrent.SingleThreadEventExecutor$4.run(SingleThreadEventExecutor.java:997)
	io.netty.util.internal.ThreadExecutorMap$2.run(ThreadExecutorMap.java:74)
	io.netty.util.concurrent.FastThreadLocalRunnable.run(FastThreadLocalRunnable.java:30)
	java.base/java.lang.Thread.run(Thread.java:1583)
Property.....: application.root
Property.....: application.root
Property.....: application.root
Property.....: application.root
2024-09-28T15:12:53.450143208Z pool-1-thread-1 DEBUG Stopping LoggerContext[name=4f2410ac, org.apache.logging.log4j.core.LoggerContext@2f490758]
2024-09-28T15:12:53.450562005Z pool-1-thread-1 DEBUG Stopping LoggerContext[name=4f2410ac, org.apache.logging.log4j.core.LoggerContext@2f490758]...
2024-09-28T15:12:53.450990382Z pool-1-thread-1 TRACE Unregistering 1 MBeans: [org.apache.logging.log4j2:type=4f2410ac]
2024-09-28T15:12:53.451303877Z pool-1-thread-1 TRACE Unregistering 1 MBeans: [org.apache.logging.log4j2:type=4f2410ac,component=StatusLogger]
2024-09-28T15:12:53.451568891Z pool-1-thread-1 TRACE Unregistering 1 MBeans: [org.apache.logging.log4j2:type=4f2410ac,component=ContextSelector]
2024-09-28T15:12:53.451809025Z pool-1-thread-1 TRACE Unregistering 3 MBeans: [org.apache.logging.log4j2:type=4f2410ac,component=Loggers,name=, org.apache.logging.log4j2:type=4f2410ac,component=Loggers,name=com.gempukku, org.apache.logging.log4j2:type=4f2410ac,component=Loggers,name=chat]
2024-09-28T15:12:53.452056679Z pool-1-thread-1 TRACE Unregistering 3 MBeans: [org.apache.logging.log4j2:type=4f2410ac,component=Appenders,name=stdout, org.apache.logging.log4j2:type=4f2410ac,component=Appenders,name=chat, org.apache.logging.log4j2:type=4f2410ac,component=Appenders,name=mainlog]
2024-09-28T15:12:53.452335564Z pool-1-thread-1 TRACE Unregistering but no MBeans found matching 'org.apache.logging.log4j2:type=4f2410ac,component=AsyncAppenders,name=*'
2024-09-28T15:12:53.452535337Z pool-1-thread-1 TRACE Unregistering but no MBeans found matching 'org.apache.logging.log4j2:type=4f2410ac,component=AsyncLoggerRingBuffer'
2024-09-28T15:12:53.452708690Z pool-1-thread-1 TRACE Unregistering but no MBeans found matching 'org.apache.logging.log4j2:type=4f2410ac,component=Loggers,name=*,subtype=RingBuffer'
2024-09-28T15:12:53.453387191Z pool-1-thread-1 TRACE Stopping XmlConfiguration[location=/opt/gemp-swccg/src/gemp-swccg-async/src/main/resources/prod-log4j.xml]...
2024-09-28T15:12:53.453583154Z pool-1-thread-1 TRACE XmlConfiguration notified 4 ReliabilityStrategies that config will be stopped.
2024-09-28T15:12:53.453734287Z pool-1-thread-1 TRACE XmlConfiguration stopping 3 LoggerConfigs.
2024-09-28T15:12:53.453862379Z pool-1-thread-1 TRACE XmlConfiguration stopping root LoggerConfig.
2024-09-28T15:12:53.454056252Z pool-1-thread-1 TRACE XmlConfiguration notifying ReliabilityStrategies that appenders will be stopped.
2024-09-28T15:12:53.454226855Z pool-1-thread-1 TRACE XmlConfiguration stopping remaining Appenders.
2024-09-28T15:12:53.454371797Z pool-1-thread-1 DEBUG Appender chat stopped with status true
2024-09-28T15:12:53.454505509Z pool-1-thread-1 DEBUG Appender stdout stopped with status true
2024-09-28T15:12:53.454650152Z pool-1-thread-1 DEBUG Appender mainlog stopped with status true
2024-09-28T15:12:53.454789414Z pool-1-thread-1 TRACE XmlConfiguration stopped 3 remaining Appenders.
2024-09-28T15:12:53.454933846Z pool-1-thread-1 TRACE XmlConfiguration cleaning Appenders from 4 LoggerConfigs.
2024-09-28T15:12:53.455114089Z pool-1-thread-1 DEBUG Stopped XmlConfiguration[location=/opt/gemp-swccg/src/gemp-swccg-async/src/main/resources/prod-log4j.xml] OK
2024-09-28T15:12:53.455326113Z pool-1-thread-1 DEBUG Stopped LoggerContext[name=4f2410ac, org.apache.logging.log4j.core.LoggerContext@2f490758] with status true
2024-09-28T15:12:53.455471275Z pool-1-thread-1 DEBUG Stopping LoggerContext[name=Default, org.apache.logging.log4j.core.LoggerContext@de40aa1]
2024-09-28T15:12:53.455605807Z pool-1-thread-1 DEBUG Stopping LoggerContext[name=Default, org.apache.logging.log4j.core.LoggerContext@de40aa1]...
2024-09-28T15:12:53.455771250Z pool-1-thread-1 TRACE Unregistering but no MBeans found matching 'org.apache.logging.log4j2:type=Default'
2024-09-28T15:12:53.455920603Z pool-1-thread-1 TRACE Unregistering but no MBeans found matching 'org.apache.logging.log4j2:type=Default,component=StatusLogger'
2024-09-28T15:12:53.456068695Z pool-1-thread-1 TRACE Unregistering but no MBeans found matching 'org.apache.logging.log4j2:type=Default,component=ContextSelector'
2024-09-28T15:12:53.456215077Z pool-1-thread-1 TRACE Unregistering but no MBeans found matching 'org.apache.logging.log4j2:type=Default,component=Loggers,name=*'
2024-09-28T15:12:53.456361410Z pool-1-thread-1 TRACE Unregistering but no MBeans found matching 'org.apache.logging.log4j2:type=Default,component=Appenders,name=*'
2024-09-28T15:12:53.456548383Z pool-1-thread-1 TRACE Unregistering but no MBeans found matching 'org.apache.logging.log4j2:type=Default,component=AsyncAppenders,name=*'
2024-09-28T15:12:53.456701845Z pool-1-thread-1 TRACE Unregistering but no MBeans found matching 'org.apache.logging.log4j2:type=Default,component=AsyncLoggerRingBuffer'
2024-09-28T15:12:53.456855078Z pool-1-thread-1 TRACE Unregistering but no MBeans found matching 'org.apache.logging.log4j2:type=Default,component=Loggers,name=*,subtype=RingBuffer'
2024-09-28T15:12:53.457027911Z pool-1-thread-1 TRACE Stopping XmlConfiguration[location=/opt/gemp-swccg/src/gemp-swccg-async/src/main/resources/prod-log4j.xml]...
2024-09-28T15:12:53.457179883Z pool-1-thread-1 TRACE XmlConfiguration notified 4 ReliabilityStrategies that config will be stopped.
2024-09-28T15:12:53.457312235Z pool-1-thread-1 TRACE XmlConfiguration stopping 3 LoggerConfigs.
2024-09-28T15:12:53.457437077Z pool-1-thread-1 TRACE XmlConfiguration stopping root LoggerConfig.
2024-09-28T15:12:53.457558799Z pool-1-thread-1 TRACE XmlConfiguration notifying ReliabilityStrategies that appenders will be stopped.
2024-09-28T15:12:53.457686372Z pool-1-thread-1 TRACE XmlConfiguration stopping remaining Appenders.
2024-09-28T15:12:53.457816514Z pool-1-thread-1 DEBUG Shutting down RollingFileManager ../logs/swccg_chat.log
2024-09-28T15:12:53.457951946Z pool-1-thread-1 DEBUG Shutting down RollingFileManager ../logs/swccg_chat.log
2024-09-28T15:12:53.458438631Z pool-1-thread-1 DEBUG OutputStream closed
2024-09-28T15:12:53.458681638Z pool-1-thread-1 DEBUG All asynchronous threads have terminated
2024-09-28T15:12:53.458820920Z pool-1-thread-1 DEBUG RollingFileManager shutdown completed with status true
2024-09-28T15:12:53.458960142Z pool-1-thread-1 DEBUG Shut down RollingFileManager ../logs/swccg_chat.log, all resources released: true
2024-09-28T15:12:53.459093085Z pool-1-thread-1 DEBUG Appender chat stopped with status true
2024-09-28T15:12:53.459251234Z pool-1-thread-1 DEBUG Shutting down OutputStreamManager SYSTEM_OUT.false.false
2024-09-28T15:12:53.459402440Z pool-1-thread-1 DEBUG OutputStream closed
2024-09-28T15:12:53.459538572Z pool-1-thread-1 DEBUG Shut down OutputStreamManager SYSTEM_OUT.false.false, all resources released: true
2024-09-28T15:12:53.459715552Z pool-1-thread-1 DEBUG Appender stdout stopped with status true
2024-09-28T15:12:53.459855997Z pool-1-thread-1 DEBUG Shutting down RollingFileManager ../logs/gemp-swccg.log
2024-09-28T15:12:53.459995149Z pool-1-thread-1 DEBUG Shutting down RollingFileManager ../logs/gemp-swccg.log
2024-09-28T15:12:53.460389076Z pool-1-thread-1 DEBUG OutputStream closed
2024-09-28T15:12:53.460548619Z pool-1-thread-1 DEBUG All asynchronous threads have terminated
2024-09-28T15:12:53.460678611Z pool-1-thread-1 DEBUG RollingFileManager shutdown completed with status true
2024-09-28T15:12:53.460856044Z pool-1-thread-1 DEBUG Shut down RollingFileManager ../logs/gemp-swccg.log, all resources released: true
2024-09-28T15:12:53.461010576Z pool-1-thread-1 DEBUG Appender mainlog stopped with status true
2024-09-28T15:12:53.461151399Z pool-1-thread-1 TRACE XmlConfiguration stopped 3 remaining Appenders.
2024-09-28T15:12:53.461300991Z pool-1-thread-1 TRACE XmlConfiguration cleaning Appenders from 4 LoggerConfigs.
2024-09-28T15:12:53.461436093Z pool-1-thread-1 DEBUG Stopped XmlConfiguration[location=/opt/gemp-swccg/src/gemp-swccg-async/src/main/resources/prod-log4j.xml] OK
2024-09-28T15:12:53.461595266Z pool-1-thread-1 DEBUG Stopped LoggerContext[name=Default, org.apache.logging.log4j.core.LoggerContext@de40aa1] with status true
